14912 6802 3238 18150
5 2 1 3 4 4 3 2 1
5 2 1 3 4 3 3 2 1
4 2 1 2 3 3 3 2 1
5 2 1 3 2 3 3 2 1
4 2 1 2 2 3 3 2 1
3 2 1 1 2 3 3 2 1
4 2 1 2 2 2 3 2 1
5 2 1 3 4 3 2 2 1
4 2 1 2 3 3 2 2 1
5 2 1 3 2 3 2 2 1
4 2 1 2 2 3 2 2 1
3 2 1 1 2 3 2 2 1
4 2 1 2 2 2 1 2 1
4 2 1 2 3 2 2 2 1
3 2 1 1 2 2 2 2 1
4 2 1 2 1 2 2 2 1
3 2 1 1 1 2 2 2 1
2 2 1 0 1 2 2 2 1
5 2 1 3 2 1 2 2 1
4 2 1 2 2 1 2 2 1
3 2 1 1 2 1 2 2 1
4 2 1 2 2 1 1 2 1
4 2 1 2 1 1 2 2 1
3 2 1 1 1 1 2 2 1
2 2 1 0 1 1 2 2 1
3 2 1 1 0 1 2 2 1
4 2 1 2 1 1 1 2 1
2 2 1 0 0 1 2 2 1
2 2 1 0 1 1 1 2 1
1 2 1 -1 0 1 2 2 1
3 2 1 1 1 1 1 2 1
5 2 1 3 4 3 2 1 1
4 2 1 2 3 3 2 1 1
5 2 1 3 2 3 2 1 1
4 2 1 2 2 3 2 1 1
3 2 1 1 2 3 2 1 1
4 2 1 2 2 2 1 0 1
4 2 1 2 3 2 2 1 1
3 2 1 1 2 2 2 1 1
4 2 1 2 1 2 2 1 1
3 2 1 1 1 2 2 1 1
2 2 1 0 1 2 2 1 1
5 2 1 3 2 1 2 1 1
4 2 1 2 2 1 2 1 1
3 2 1 1 2 1 2 1 1
4 2 1 2 2 1 1 0 1
4 2 1 2 1 1 2 1 1
3 2 1 1 1 1 2 1 1
2 2 1 0 1 1 2 1 1
3 2 1 1 0 1 2 1 1
4 2 1 2 1 1 1 0 1
2 2 1 0 0 1 2 1 1
2 2 1 0 1 1 1 0 1
1 2 1 -1 0 1 2 1 1
3 2 1 1 1 1 1 0 1
4 2 1 2 3 2 1 1 1
3 2 1 1 2 2 1 1 1
4 2 1 2 1 2 1 1 1
3 2 1 1 1 2 1 1 1
2 2 1 0 1 2 1 1 1
3 2 1 1 2 1 1 1 1
2 2 1 0 1 1 1 1 1
3 2 1 1 0 1 1 1 1
2 2 1 0 0 1 1 1 1
1 2 1 -1 0 1 1 1 1
4 2 1 2 1 0 1 1 1
3 2 1 1 1 0 1 1 1
2 2 1 0 1 0 1 1 1
3 2 1 1 0 0 1 1 1
2 2 1 0 0 0 1 1 1
1 2 1 -1 0 0 1 1 1
2 2 1 0 -1 0 1 1 1
1 2 1 -1 -1 0 1 1 1
0 2 1 -2 -1 0 1 1 1
1 2 1 -1 -1 -1 -1 0 1
5 2 1 3 2 1 0 1 1
4 2 1 2 2 1 0 1 1
3 2 1 1 2 1 0 1 1
4 2 1 2 2 1 0 0 1
4 2 1 2 1 1 0 1 1
3 2 1 1 1 1 0 1 1
2 2 1 0 1 1 0 1 1
3 2 1 1 0 1 0 1 1
4 2 1 2 1 1 0 0 1
2 2 1 0 0 1 0 1 1
2 2 1 0 1 1 0 0 1
1 2 1 -1 0 1 0 1 1
3 2 1 1 1 1 0 0 1
4 2 1 2 1 0 0 1 1
3 2 1 1 1 0 0 1 1
2 2 1 0 1 0 0 1 1
3 2 1 1 0 0 0 1 1
2 2 1 0 0 0 0 1 1
1 2 1 -1 0 0 0 1 1
2 2 1 0 -1 0 0 1 1
1 2 1 -1 -1 0 0 1 1
0 2 1 -2 -1 0 0 1 1
1 2 1 -1 -1 -1 0 0 1
3 2 1 1 0 -1 0 1 1
4 2 1 2 1 0 0 0 1
2 2 1 0 0 -1 0 1 1
2 2 1 0 1 0 0 0 1
1 2 1 -1 0 -1 0 1 1
3 2 1 1 1 0 0 0 1
2 2 1 0 -1 -1 0 1 1
2 2 1 0 -1 0 0 0 1
0 2 1 -2 -1 0 0 0 1
1 2 1 -1 -1 -1 0 1 1
0 2 1 -2 -1 -1 0 1 1
1 2 1 -1 -1 0 0 0 1
1 2 1 -1 -2 -1 0 1 1
3 2 1 1 0 0 0 0 1
0 2 1 -2 -2 -1 0 1 1
1 2 1 -1 0 0 0 0 1
-1 2 1 -3 -2 -1 0 1 1
2 2 1 0 0 0 0 0 1
5 2 1 3 4 3 2 1 0
4 2 1 2 3 3 2 1 0
5 2 1 3 2 3 2 1 0
4 2 1 2 2 3 2 1 0
3 2 1 1 2 3 2 1 0
4 2 1 2 2 2 1 0 -1
4 2 1 2 3 2 2 1 0
3 2 1 1 2 2 2 1 0
4 2 1 2 1 2 2 1 0
3 2 1 1 1 2 2 1 0
2 2 1 0 1 2 2 1 0
5 2 1 3 2 1 2 1 0
4 2 1 2 2 1 2 1 0
3 2 1 1 2 1 2 1 0
4 2 1 2 2 1 1 0 -1
4 2 1 2 1 1 2 1 0
3 2 1 1 1 1 2 1 0
2 2 1 0 1 1 2 1 0
3 2 1 1 0 1 2 1 0
4 2 1 2 1 1 1 0 -1
2 2 1 0 0 1 2 1 0
2 2 1 0 1 1 1 0 -1
1 2 1 -1 0 1 2 1 0
3 2 1 1 1 1 1 0 -1
4 2 1 2 3 2 1 1 0
3 2 1 1 2 2 1 1 0
4 2 1 2 1 2 1 1 0
3 2 1 1 1 2 1 1 0
2 2 1 0 1 2 1 1 0
3 2 1 1 2 1 1 1 0
2 2 1 0 1 1 1 1 0
3 2 1 1 0 1 1 1 0
2 2 1 0 0 1 1 1 0
1 2 1 -1 0 1 1 1 0
4 2 1 2 1 0 1 1 0
3 2 1 1 1 0 1 1 0
2 2 1 0 1 0 1 1 0
3 2 1 1 0 0 1 1 0
2 2 1 0 0 0 1 1 0
1 2 1 -1 0 0 1 1 0
2 2 1 0 -1 0 1 1 0
1 2 1 -1 -1 0 1 1 0
0 2 1 -2 -1 0 1 1 0
1 2 1 -1 -1 -1 -1 0 -1
5 2 1 3 2 1 0 1 0
4 2 1 2 2 1 0 1 0
3 2 1 1 2 1 0 1 0
4 2 1 2 2 1 0 0 -1
4 2 1 2 1 1 0 1 0
3 2 1 1 1 1 0 1 0
2 2 1 0 1 1 0 1 0
3 2 1 1 0 1 0 1 0
4 2 1 2 1 1 0 0 -1
2 2 1 0 0 1 0 1 0
2 2 1 0 1 1 0 0 -1
1 2 1 -1 0 1 0 1 0
3 2 1 1 1 1 0 0 -1
4 2 1 2 1 0 0 1 0
3 2 1 1 1 0 0 1 0
2 2 1 0 1 0 0 1 0
3 2 1 1 0 0 0 1 0
2 2 1 0 0 0 0 1 0
1 2 1 -1 0 0 0 1 0
2 2 1 0 -1 0 0 1 0
1 2 1 -1 -1 0 0 1 0
0 2 1 -2 -1 0 0 1 0
1 2 1 -1 -1 -1 0 0 -1
3 2 1 1 0 -1 0 1 0
4 2 1 2 1 0 0 0 -1
2 2 1 0 0 -1 0 1 0
2 2 1 0 1 0 0 0 -1
1 2 1 -1 0 -1 0 1 0
3 2 1 1 1 0 0 0 -1
2 2 1 0 -1 -1 0 1 0
2 2 1 0 -1 0 0 0 -1
0 2 1 -2 -1 0 0 0 -1
1 2 1 -1 -1 -1 0 1 0
0 2 1 -2 -1 -1 0 1 0
1 2 1 -1 -1 0 0 0 -1
1 2 1 -1 -2 -1 0 1 0
3 2 1 1 0 0 0 0 -1
0 2 1 -2 -2 -1 0 1 0
1 2 1 -1 0 0 0 0 -1
-1 2 1 -3 -2 -1 0 1 0
2 2 1 0 0 0 0 0 -1
4 2 1 2 3 2 1 0 0
3 2 1 1 2 2 1 0 0
4 2 1 2 1 2 1 0 0
3 2 1 1 1 2 1 0 0
2 2 1 0 1 2 1 0 0
3 2 1 1 2 1 1 0 0
2 2 1 0 1 1 1 0 0
3 2 1 1 0 1 1 0 0
2 2 1 0 0 1 1 0 0
1 2 1 -1 0 1 1 0 0
4 2 1 2 1 0 1 0 0
3 2 1 1 1 0 1 0 0
2 2 1 0 1 0 1 0 0
3 2 1 1 0 0 1 0 0
2 2 1 0 0 0 1 0 0
1 2 1 -1 0 0 1 0 0
2 2 1 0 -1 0 1 0 0
1 2 1 -1 -1 0 1 0 0
0 2 1 -2 -1 0 1 0 0
1 2 1 -1 -1 -1 -1 -2 -1
3 2 1 1 2 1 0 0 0
2 2 1 0 1 1 0 0 0
3 2 1 1 0 1 0 0 0
2 2 1 0 0 1 0 0 0
1 2 1 -1 0 1 0 0 0
2 2 1 0 1 0 0 0 0
1 2 1 -1 0 0 0 0 0
2 2 1 0 -1 0 0 0 0
1 2 1 -1 -1 0 0 0 0
0 2 1 -2 -1 0 0 0 0
3 2 1 1 0 -1 0 0 0
2 2 1 0 0 -1 0 0 0
1 2 1 -1 0 -1 0 0 0
2 2 1 0 -1 -1 0 0 0
1 2 1 -1 -1 -1 0 0 0
0 2 1 -2 -1 -1 0 0 0
1 2 1 -1 -2 -1 0 0 0
0 2 1 -2 -2 -1 0 0 0
-1 2 1 -3 -2 -1 0 0 0
4 2 1 2 1 0 -1 0 0
3 2 1 1 1 0 -1 0 0
2 2 1 0 1 0 -1 0 0
3 2 1 1 0 0 -1 0 0
2 2 1 0 0 0 -1 0 0
1 2 1 -1 0 0 -1 0 0
2 2 1 0 -1 0 -1 0 0
1 2 1 -1 -1 0 -1 0 0
0 2 1 -2 -1 0 -1 0 0
1 2 1 -1 -1 -1 -2 -2 -1
3 2 1 1 0 -1 -1 0 0
2 2 1 0 0 -1 -1 0 0
1 2 1 -1 0 -1 -1 0 0
2 2 1 0 -1 -1 -1 0 0
1 2 1 -1 -1 -1 -1 0 0
0 2 1 -2 -1 -1 -1 0 0
1 2 1 -1 -2 -1 -1 0 0
0 2 1 -2 -2 -1 -1 0 0
-1 2 1 -3 -2 -1 -1 0 0
2 2 1 0 -1 -2 -1 0 0
1 2 1 -1 -1 -2 -1 0 0
0 2 1 -2 -1 -2 -1 0 0
1 2 1 -1 -1 -2 -2 -2 -1
1 2 1 -1 -2 -2 -1 0 0
0 2 1 -2 -2 -2 -1 0 0
-1 2 1 -3 -2 -2 -1 0 0
0 2 1 -2 -3 -2 -1 0 0
1 2 1 -1 -2 -2 -2 -2 -1
-1 2 1 -3 -3 -2 -1 0 0
-1 2 1 -3 -2 -2 -2 -2 -1
-2 2 1 -4 -3 -2 -1 0 0
0 2 1 -2 -2 -2 -2 -2 -1
5 2 1 3 2 1 0 -1 0
4 2 1 2 2 1 0 -1 0
3 2 1 1 2 1 0 -1 0
4 2 1 2 2 1 0 -1 -1
4 2 1 2 1 1 0 -1 0
3 2 1 1 1 1 0 -1 0
2 2 1 0 1 1 0 -1 0
3 2 1 1 0 1 0 -1 0
4 2 1 2 1 1 0 -1 -1
2 2 1 0 0 1 0 -1 0
2 2 1 0 1 1 0 -1 -1
1 2 1 -1 0 1 0 -1 0
3 2 1 1 1 1 0 -1 -1
4 2 1 2 1 0 0 -1 0
3 2 1 1 1 0 0 -1 0
2 2 1 0 1 0 0 -1 0
3 2 1 1 0 0 0 -1 0
2 2 1 0 0 0 0 -1 0
1 2 1 -1 0 0 0 -1 0
2 2 1 0 -1 0 0 -1 0
1 2 1 -1 -1 0 0 -1 0
0 2 1 -2 -1 0 0 -1 0
1 2 1 -1 -1 -1 0 -1 -1
3 2 1 1 0 -1 0 -1 0
4 2 1 2 1 0 0 -1 -1
2 2 1 0 0 -1 0 -1 0
2 2 1 0 1 0 0 -1 -1
1 2 1 -1 0 -1 0 -1 0
3 2 1 1 1 0 0 -1 -1
2 2 1 0 -1 -1 0 -1 0
2 2 1 0 -1 0 0 -1 -1
0 2 1 -2 -1 0 0 -1 -1
1 2 1 -1 -1 -1 0 -1 0
0 2 1 -2 -1 -1 0 -1 0
1 2 1 -1 -1 0 0 -1 -1
1 2 1 -1 -2 -1 0 -1 0
3 2 1 1 0 0 0 -1 -1
0 2 1 -2 -2 -1 0 -1 0
1 2 1 -1 0 0 0 -1 -1
-1 2 1 -3 -2 -1 0 -1 0
2 2 1 0 0 0 0 -1 -1
4 2 1 2 1 0 -1 -1 0
3 2 1 1 1 0 -1 -1 0
2 2 1 0 1 0 -1 -1 0
3 2 1 1 0 0 -1 -1 0
2 2 1 0 0 0 -1 -1 0
1 2 1 -1 0 0 -1 -1 0
2 2 1 0 -1 0 -1 -1 0
1 2 1 -1 -1 0 -1 -1 0
0 2 1 -2 -1 0 -1 -1 0
1 2 1 -1 -1 -1 -2 -1 -1
3 2 1 1 0 -1 -1 -1 0
2 2 1 0 0 -1 -1 -1 0
1 2 1 -1 0 -1 -1 -1 0
2 2 1 0 -1 -1 -1 -1 0
1 2 1 -1 -1 -1 -1 -1 0
0 2 1 -2 -1 -1 -1 -1 0
1 2 1 -1 -2 -1 -1 -1 0
0 2 1 -2 -2 -1 -1 -1 0
-1 2 1 -3 -2 -1 -1 -1 0
2 2 1 0 -1 -2 -1 -1 0
1 2 1 -1 -1 -2 -1 -1 0
0 2 1 -2 -1 -2 -1 -1 0
1 2 1 -1 -1 -2 -2 -1 -1
1 2 1 -1 -2 -2 -1 -1 0
0 2 1 -2 -2 -2 -1 -1 0
-1 2 1 -3 -2 -2 -1 -1 0
0 2 1 -2 -3 -2 -1 -1 0
1 2 1 -1 -2 -2 -2 -1 -1
-1 2 1 -3 -3 -2 -1 -1 0
-1 2 1 -3 -2 -2 -2 -1 -1
-2 2 1 -4 -3 -2 -1 -1 0
0 2 1 -2 -2 -2 -2 -1 -1
3 2 1 1 0 -1 -2 -1 0
4 2 1 2 1 0 -1 -1 -1
2 2 1 0 0 -1 -2 -1 0
2 2 1 0 1 0 -1 -1 -1
1 2 1 -1 0 -1 -2 -1 0
3 2 1 1 1 0 -1 -1 -1
2 2 1 0 -1 -1 -2 -1 0
2 2 1 0 -1 0 -1 -1 -1
0 2 1 -2 -1 0 -1 -1 -1
1 2 1 -1 -1 -1 -2 -1 0
0 2 1 -2 -1 -1 -2 -1 0
1 2 1 -1 -1 0 -1 -1 -1
1 2 1 -1 -2 -1 -2 -1 0
3 2 1 1 0 0 -1 -1 -1
0 2 1 -2 -2 -1 -2 -1 0
1 2 1 -1 0 0 -1 -1 -1
-1 2 1 -3 -2 -1 -2 -1 0
2 2 1 0 0 0 -1 -1 -1
2 2 1 0 -1 -2 -2 -1 0
2 2 1 0 -1 -2 -1 -1 -1
0 2 1 -2 -1 -2 -1 -1 -1
1 2 1 -1 -1 -2 -2 -1 0
0 2 1 -2 -1 -2 -2 -1 0
1 2 1 -1 -1 -2 -1 -1 -1
0 2 1 -2 -3 -2 -1 -1 -1
1 2 1 -1 -2 -2 -2 -1 0
-2 2 1 -4 -3 -2 -1 -1 -1
0 2 1 -2 -2 -2 -2 -1 0
-1 2 1 -3 -3 -2 -1 -1 -1
-1 2 1 -3 -2 -2 -2 -1 0
0 2 1 -2 -3 -2 -2 -1 0
1 2 1 -1 -2 -2 -1 -1 -1
-1 2 1 -3 -3 -2 -2 -1 0
-1 2 1 -3 -2 -2 -1 -1 -1
-2 2 1 -4 -3 -2 -2 -1 0
0 2 1 -2 -2 -2 -1 -1 -1
1 2 1 -1 -2 -3 -2 -1 0
3 2 1 1 0 -1 -1 -1 -1
0 2 1 -2 -2 -3 -2 -1 0
1 2 1 -1 0 -1 -1 -1 -1
-1 2 1 -3 -2 -3 -2 -1 0
2 2 1 0 0 -1 -1 -1 -1
0 2 1 -2 -3 -3 -2 -1 0
1 2 1 -1 -2 -1 -1 -1 -1
-1 2 1 -3 -3 -3 -2 -1 0
-1 2 1 -3 -2 -1 -1 -1 -1
-2 2 1 -4 -3 -3 -2 -1 0
0 2 1 -2 -2 -1 -1 -1 -1
-1 2 1 -3 -4 -3 -2 -1 0
2 2 1 0 -1 -1 -1 -1 -1
-2 2 1 -4 -4 -3 -2 -1 0
0 2 1 -2 -1 -1 -1 -1 -1
-3 2 1 -5 -4 -3 -2 -1 0
1 2 1 -1 -1 -1 -1 -1 -1
5 0 -1 5 5 4 3 2 1
5 1 0 4 5 4 3 2 1
4 1 0 3 4 4 3 2 1
5 0 -1 5 4 4 3 2 1
5 1 0 4 3 4 3 2 1
3 0 -1 3 4 4 3 2 1
4 1 0 3 3 4 3 2 1
3 1 0 2 3 4 3 2 1
4 0 -1 4 4 4 3 2 1
4 1 0 3 4 3 3 2 1
3 1 0 2 3 3 3 2 1
4 1 0 3 2 3 3 2 1
3 1 0 2 2 3 3 2 1
2 0 -1 2 2 2 3 2 1
2 1 0 1 2 3 3 2 1
5 0 -1 5 4 3 3 2 1
5 1 0 4 3 2 3 2 1
3 0 -1 3 4 3 3 2 1
4 1 0 3 3 2 3 2 1
3 1 0 2 3 2 3 2 1
4 0 -1 4 4 3 3 2 1
3 0 -1 3 2 3 3 2 1
4 1 0 3 2 2 3 2 1
1 0 -1 1 2 3 3 2 1
3 1 0 2 2 2 3 2 1
2 0 -1 2 2 3 3 2 1
2 1 0 1 2 2 3 2 1
3 1 0 2 1 2 3 2 1
4 0 -1 4 3 3 3 2 1
2 0 -1 2 3 3 3 2 1
2 1 0 1 1 2 3 2 1
1 1 0 0 1 2 3 2 1
3 0 -1 3 3 3 3 2 1
4 1 0 3 4 3 2 2 1
3 1 0 2 3 3 2 2 1
4 1 0 3 2 3 2 2 1
3 1 0 2 2 3 2 2 1
2 0 -1 2 2 2 1 2 1
2 1 0 1 2 3 2 2 1
3 1 0 2 3 2 2 2 1
2 1 0 1 2 2 2 2 1
3 1 0 2 1 2 2 2 1
2 1 0 1 1 2 2 2 1
1 1 0 0 1 2 2 2 1
4 1 0 3 2 1 2 2 1
3 1 0 2 2 1 2 2 1
2 0 -1 2 2 1 1 2 1
2 1 0 1 2 1 2 2 1
3 1 0 2 1 1 2 2 1
2 1 0 1 1 1 2 2 1
1 1 0 0 1 1 2 2 1
2 0 -1 2 1 1 1 2 1
2 1 0 1 0 1 2 2 1
0 0 -1 0 1 1 1 2 1
1 1 0 0 0 1 2 2 1
0 1 0 -1 0 1 2 2 1
1 0 -1 1 1 1 1 2 1
5 0 -1 5 4 3 2 2 1
5 1 0 4 3 2 1 2 1
3 0 -1 3 4 3 2 2 1
4 1 0 3 3 2 1 2 1
3 1 0 2 3 2 1 2 1
4 0 -1 4 4 3 2 2 1
3 0 -1 3 2 3 2 2 1
4 1 0 3 2 2 1 2 1
1 0 -1 1 2 3 2 2 1
3 1 0 2 2 2 1 2 1
2 0 -1 2 2 3 2 2 1
2 1 0 1 2 2 1 2 1
3 1 0 2 1 2 1 2 1
4 0 -1 4 3 3 2 2 1
2 0 -1 2 3 3 2 2 1
2 1 0 1 1 2 1 2 1
1 1 0 0 1 2 1 2 1
3 0 -1 3 3 3 2 2 1
3 0 -1 3 2 1 2 2 1
4 1 0 3 2 1 1 2 1
1 0 -1 1 2 1 2 2 1
3 1 0 2 2 1 1 2 1
2 0 -1 2 2 1 2 2 1
2 1 0 1 2 1 1 2 1
1 0 -1 1 0 1 2 2 1
3 1 0 2 1 1 1 2 1
-1 0 -1 -1 0 1 2 2 1
2 1 0 1 1 1 1 2 1
0 0 -1 0 0 1 2 2 1
1 1 0 0 1 1 1 2 1
2 0 -1 2 1 1 2 2 1
2 1 0 1 0 1 1 2 1
0 0 -1 0 1 1 2 2 1
1 1 0 0 0 1 1 2 1
0 1 0 -1 0 1 1 2 1
1 0 -1 1 1 1 2 2 1
3 1 0 2 1 0 1 2 1
4 0 -1 4 3 2 2 2 1
2 0 -1 2 3 2 2 2 1
2 1 0 1 1 0 1 2 1
1 1 0 0 1 0 1 2 1
3 0 -1 3 3 2 2 2 1
2 0 -1 2 1 2 2 2 1
2 1 0 1 0 0 1 2 1
0 0 -1 0 1 2 2 2 1
1 1 0 0 0 0 1 2 1
0 1 0 -1 0 0 1 2 1
1 0 -1 1 1 2 2 2 1
1 1 0 0 -1 0 1 2 1
3 0 -1 3 2 2 2 2 1
0 1 0 -1 -1 0 1 2 1
1 0 -1 1 2 2 2 2 1
-1 1 0 -2 -1 0 1 2 1
2 0 -1 2 2 2 2 2 1
4 1 0 3 4 3 2 1 1
3 1 0 2 3 3 2 1 1
4 1 0 3 2 3 2 1 1
3 1 0 2 2 3 2 1 1
2 0 -1 2 2 2 1 0 1
2 1 0 1 2 3 2 1 1
3 1 0 2 3 2 2 1 1
2 1 0 1 2 2 2 1 1
3 1 0 2 1 2 2 1 1
2 1 0 1 1 2 2 1 1
1 1 0 0 1 2 2 1 1
4 1 0 3 2 1 2 1 1
3 1 0 2 2 1 2 1 1
2 0 -1 2 2 1 1 0 1
2 1 0 1 2 1 2 1 1
3 1 0 2 1 1 2 1 1
2 1 0 1 1 1 2 1 1
1 1 0 0 1 1 2 1 1
2 0 -1 2 1 1 1 0 1
2 1 0 1 0 1 2 1 1
0 0 -1 0 1 1 1 0 1
1 1 0 0 0 1 2 1 1
0 1 0 -1 0 1 2 1 1
1 0 -1 1 1 1 1 0 1
3 1 0 2 3 2 1 1 1
2 1 0 1 2 2 1 1 1
3 1 0 2 1 2 1 1 1
2 1 0 1 1 2 1 1 1
1 1 0 0 1 2 1 1 1
2 1 0 1 2 1 1 1 1
1 1 0 0 1 1 1 1 1
2 1 0 1 0 1 1 1 1
1 1 0 0 0 1 1 1 1
0 1 0 -1 0 1 1 1 1
3 1 0 2 1 0 1 1 1
2 1 0 1 1 0 1 1 1
1 1 0 0 1 0 1 1 1
2 1 0 1 0 0 1 1 1
1 1 0 0 0 0 1 1 1
0 1 0 -1 0 0 1 1 1
1 1 0 0 -1 0 1 1 1
0 1 0 -1 -1 0 1 1 1
-1 0 -1 -1 -1 -1 -1 0 1
-1 1 0 -2 -1 0 1 1 1
4 1 0 3 2 1 0 1 1
3 1 0 2 2 1 0 1 1
2 0 -1 2 2 1 0 0 1
2 1 0 1 2 1 0 1 1
3 1 0 2 1 1 0 1 1
2 1 0 1 1 1 0 1 1
1 1 0 0 1 1 0 1 1
2 0 -1 2 1 1 0 0 1
2 1 0 1 0 1 0 1 1
0 0 -1 0 1 1 0 0 1
1 1 0 0 0 1 0 1 1
0 1 0 -1 0 1 0 1 1
1 0 -1 1 1 1 0 0 1
3 1 0 2 1 0 0 1 1
2 1 0 1 1 0 0 1 1
1 1 0 0 1 0 0 1 1
2 1 0 1 0 0 0 1 1
1 1 0 0 0 0 0 1 1
0 1 0 -1 0 0 0 1 1
1 1 0 0 -1 0 0 1 1
0 1 0 -1 -1 0 0 1 1
-1 0 -1 -1 -1 -1 0 0 1
-1 1 0 -2 -1 0 0 1 1
2 0 -1 2 1 0 0 0 1
2 1 0 1 0 -1 0 1 1
0 0 -1 0 1 0 0 0 1
1 1 0 0 0 -1 0 1 1
0 1 0 -1 0 -1 0 1 1
1 0 -1 1 1 0 0 0 1
0 0 -1 0 -1 0 0 0 1
1 1 0 0 -1 -1 0 1 1
-2 0 -1 -2 -1 0 0 0 1
0 1 0 -1 -1 -1 0 1 1
-1 0 -1 -1 -1 0 0 0 1
-1 1 0 -2 -1 -1 0 1 1
0 1 0 -1 -2 -1 0 1 1
1 0 -1 1 0 0 0 0 1
-1 0 -1 -1 0 0 0 0 1
-1 1 0 -2 -2 -1 0 1 1
-2 1 0 -3 -2 -1 0 1 1
0 0 -1 0 0 0 0 0 1
5 0 -1 5 4 3 2 1 1
5 1 0 4 3 2 1 0 1
3 0 -1 3 4 3 2 1 1
4 1 0 3 3 2 1 0 1
3 1 0 2 3 2 1 0 1
4 0 -1 4 4 3 2 1 1
3 0 -1 3 2 3 2 1 1
4 1 0 3 2 2 1 0 1
1 0 -1 1 2 3 2 1 1
3 1 0 2 2 2 1 0 1
2 0 -1 2 2 3 2 1 1
2 1 0 1 2 2 1 0 1
3 1 0 2 1 2 1 0 1
4 0 -1 4 3 3 2 1 1
2 0 -1 2 3 3 2 1 1
2 1 0 1 1 2 1 0 1
1 1 0 0 1 2 1 0 1
3 0 -1 3 3 3 2 1 1
3 0 -1 3 2 1 2 1 1
4 1 0 3 2 1 1 0 1
1 0 -1 1 2 1 2 1 1
3 1 0 2 2 1 1 0 1
2 0 -1 2 2 1 2 1 1
2 1 0 1 2 1 1 0 1
1 0 -1 1 0 1 2 1 1
3 1 0 2 1 1 1 0 1
-1 0 -1 -1 0 1 2 1 1
2 1 0 1 1 1 1 0 1
0 0 -1 0 0 1 2 1 1
1 1 0 0 1 1 1 0 1
2 0 -1 2 1 1 2 1 1
2 1 0 1 0 1 1 0 1
0 0 -1 0 1 1 2 1 1
1 1 0 0 0 1 1 0 1
0 1 0 -1 0 1 1 0 1
1 0 -1 1 1 1 2 1 1
3 1 0 2 1 0 1 0 1
4 0 -1 4 3 2 2 1 1
2 0 -1 2 3 2 2 1 1
2 1 0 1 1 0 1 0 1
1 1 0 0 1 0 1 0 1
3 0 -1 3 3 2 2 1 1
2 0 -1 2 1 2 2 1 1
2 1 0 1 0 0 1 0 1
0 0 -1 0 1 2 2 1 1
1 1 0 0 0 0 1 0 1
0 1 0 -1 0 0 1 0 1
1 0 -1 1 1 2 2 1 1
1 1 0 0 -1 0 1 0 1
3 0 -1 3 2 2 2 1 1
0 1 0 -1 -1 0 1 0 1
1 0 -1 1 2 2 2 1 1
-1 1 0 -2 -1 0 1 0 1
2 0 -1 2 2 2 2 1 1
3 0 -1 3 2 1 0 1 1
4 1 0 3 2 1 0 0 1
1 0 -1 1 2 1 0 1 1
3 1 0 2 2 1 0 0 1
2 0 -1 2 2 1 0 1 1
2 1 0 1 2 1 0 0 1
1 0 -1 1 0 1 0 1 1
3 1 0 2 1 1 0 0 1
-1 0 -1 -1 0 1 0 1 1
2 1 0 1 1 1 0 0 1
0 0 -1 0 0 1 0 1 1
1 1 0 0 1 1 0 0 1
2 0 -1 2 1 1 0 1 1
2 1 0 1 0 1 0 0 1
0 0 -1 0 1 1 0 1 1
1 1 0 0 0 1 0 0 1
0 1 0 -1 0 1 0 0 1
1 0 -1 1 1 1 0 1 1
1 0 -1 1 0 -1 0 1 1
3 1 0 2 1 0 0 0 1
-1 0 -1 -1 0 -1 0 1 1
2 1 0 1 1 0 0 0 1
0 0 -1 0 0 -1 0 1 1
1 1 0 0 1 0 0 0 1
-1 0 -1 -1 -2 -1 0 1 1
2 1 0 1 0 0 0 0 1
-3 0 -1 -3 -2 -1 0 1 1
1 1 0 0 0 0 0 0 1
-2 0 -1 -2 -2 -1 0 1 1
0 1 0 -1 0 0 0 0 1
0 0 -1 0 -1 -1 0 1 1
1 1 0 0 -1 0 0 0 1
-2 0 -1 -2 -1 -1 0 1 1
0 1 0 -1 -1 0 0 0 1
-1 0 -1 -1 -1 -1 0 1 1
-1 1 0 -2 -1 0 0 0 1
2 0 -1 2 1 0 0 1 1
2 1 0 1 0 -1 0 0 1
0 0 -1 0 1 0 0 1 1
1 1 0 0 0 -1 0 0 1
0 1 0 -1 0 -1 0 0 1
1 0 -1 1 1 0 0 1 1
0 0 -1 0 -1 0 0 1 1
1 1 0 0 -1 -1 0 0 1
-2 0 -1 -2 -1 0 0 1 1
0 1 0 -1 -1 -1 0 0 1
-1 0 -1 -1 -1 0 0 1 1
-1 1 0 -2 -1 -1 0 0 1
0 1 0 -1 -2 -1 0 0 1
1 0 -1 1 0 0 0 1 1
-1 0 -1 -1 0 0 0 1 1
-1 1 0 -2 -2 -1 0 0 1
-2 1 0 -3 -2 -1 0 0 1
0 0 -1 0 0 0 0 1 1
3 1 0 2 1 0 -1 0 1
4 0 -1 4 3 2 1 1 1
2 0 -1 2 3 2 1 1 1
2 1 0 1 1 0 -1 0 1
1 1 0 0 1 0 -1 0 1
3 0 -1 3 3 2 1 1 1
2 0 -1 2 1 2 1 1 1
2 1 0 1 0 0 -1 0 1
0 0 -1 0 1 2 1 1 1
1 1 0 0 0 0 -1 0 1
0 1 0 -1 0 0 -1 0 1
1 0 -1 1 1 2 1 1 1
1 1 0 0 -1 0 -1 0 1
3 0 -1 3 2 2 1 1 1
0 1 0 -1 -1 0 -1 0 1
1 0 -1 1 2 2 1 1 1
-1 1 0 -2 -1 0 -1 0 1
2 0 -1 2 2 2 1 1 1
2 0 -1 2 1 0 1 1 1
2 1 0 1 0 -1 -1 0 1
0 0 -1 0 1 0 1 1 1
1 1 0 0 0 -1 -1 0 1
0 1 0 -1 0 -1 -1 0 1
1 0 -1 1 1 0 1 1 1
0 0 -1 0 -1 0 1 1 1
1 1 0 0 -1 -1 -1 0 1
-2 0 -1 -2 -1 0 1 1 1
0 1 0 -1 -1 -1 -1 0 1
-1 0 -1 -1 -1 0 1 1 1
-1 1 0 -2 -1 -1 -1 0 1
0 1 0 -1 -2 -1 -1 0 1
1 0 -1 1 0 0 1 1 1
-1 0 -1 -1 0 0 1 1 1
-1 1 0 -2 -2 -1 -1 0 1
-2 1 0 -3 -2 -1 -1 0 1
0 0 -1 0 0 0 1 1 1
1 1 0 0 -1 -2 -1 0 1
3 0 -1 3 2 1 1 1 1
0 1 0 -1 -1 -2 -1 0 1
1 0 -1 1 2 1 1 1 1
-1 1 0 -2 -1 -2 -1 0 1
2 0 -1 2 2 1 1 1 1
0 1 0 -1 -2 -2 -1 0 1
1 0 -1 1 0 1 1 1 1
-1 0 -1 -1 0 1 1 1 1
-1 1 0 -2 -2 -2 -1 0 1
-2 1 0 -3 -2 -2 -1 0 1
0 0 -1 0 0 1 1 1 1
-1 1 0 -2 -3 -2 -1 0 1
2 0 -1 2 1 1 1 1 1
-2 1 0 -3 -3 -2 -1 0 1
0 0 -1 0 1 1 1 1 1
-3 1 0 -4 -3 -2 -1 0 1
1 0 -1 1 1 1 1 1 1
4 1 0 3 4 3 2 1 0
3 1 0 2 3 3 2 1 0
4 1 0 3 2 3 2 1 0
3 1 0 2 2 3 2 1 0
2 0 -1 2 2 2 1 0 -1
2 1 0 1 2 3 2 1 0
3 1 0 2 3 2 2 1 0
2 1 0 1 2 2 2 1 0
3 1 0 2 1 2 2 1 0
2 1 0 1 1 2 2 1 0
1 1 0 0 1 2 2 1 0
4 1 0 3 2 1 2 1 0
3 1 0 2 2 1 2 1 0
2 0 -1 2 2 1 1 0 -1
2 1 0 1 2 1 2 1 0
3 1 0 2 1 1 2 1 0
2 1 0 1 1 1 2 1 0
1 1 0 0 1 1 2 1 0
2 0 -1 2 1 1 1 0 -1
2 1 0 1 0 1 2 1 0
0 0 -1 0 1 1 1 0 -1
1 1 0 0 0 1 2 1 0
0 1 0 -1 0 1 2 1 0
1 0 -1 1 1 1 1 0 -1
3 1 0 2 3 2 1 1 0
2 1 0 1 2 2 1 1 0
3 1 0 2 1 2 1 1 0
2 1 0 1 1 2 1 1 0
1 1 0 0 1 2 1 1 0
2 1 0 1 2 1 1 1 0
1 1 0 0 1 1 1 1 0
2 1 0 1 0 1 1 1 0
1 1 0 0 0 1 1 1 0
0 1 0 -1 0 1 1 1 0
3 1 0 2 1 0 1 1 0
2 1 0 1 1 0 1 1 0
1 1 0 0 1 0 1 1 0
2 1 0 1 0 0 1 1 0
1 1 0 0 0 0 1 1 0
0 1 0 -1 0 0 1 1 0
1 1 0 0 -1 0 1 1 0
0 1 0 -1 -1 0 1 1 0
-1 1 0 -2 -1 0 1 1 0
4 1 0 3 2 1 0 1 0
3 1 0 2 2 1 0 1 0
2 0 -1 2 2 1 0 0 -1
2 1 0 1 2 1 0 1 0
3 1 0 2 1 1 0 1 0
2 1 0 1 1 1 0 1 0
1 1 0 0 1 1 0 1 0
2 0 -1 2 1 1 0 0 -1
2 1 0 1 0 1 0 1 0
0 0 -1 0 1 1 0 0 -1
1 1 0 0 0 1 0 1 0
0 1 0 -1 0 1 0 1 0
1 0 -1 1 1 1 0 0 -1
3 1 0 2 1 0 0 1 0
2 1 0 1 1 0 0 1 0
1 1 0 0 1 0 0 1 0
2 1 0 1 0 0 0 1 0
1 1 0 0 0 0 0 1 0
0 1 0 -1 0 0 0 1 0
1 1 0 0 -1 0 0 1 0
0 1 0 -1 -1 0 0 1 0
-1 1 0 -2 -1 0 0 1 0
2 0 -1 2 1 0 0 0 -1
2 1 0 1 0 -1 0 1 0
0 0 -1 0 1 0 0 0 -1
1 1 0 0 0 -1 0 1 0
0 1 0 -1 0 -1 0 1 0
1 0 -1 1 1 0 0 0 -1
1 1 0 0 -1 -1 0 1 0
0 1 0 -1 -1 -1 0 1 0
-1 1 0 -2 -1 -1 0 1 0
0 1 0 -1 -2 -1 0 1 0
1 0 -1 1 0 0 0 0 -1
-1 1 0 -2 -2 -1 0 1 0
-2 1 0 -3 -2 -1 0 1 0
3 1 0 2 3 2 1 0 0
2 1 0 1 2 2 1 0 0
3 1 0 2 1 2 1 0 0
2 1 0 1 1 2 1 0 0
1 1 0 0 1 2 1 0 0
2 1 0 1 2 1 1 0 0
1 1 0 0 1 1 1 0 0
2 1 0 1 0 1 1 0 0
1 1 0 0 0 1 1 0 0
0 1 0 -1 0 1 1 0 0
3 1 0 2 1 0 1 0 0
2 1 0 1 1 0 1 0 0
1 1 0 0 1 0 1 0 0
2 1 0 1 0 0 1 0 0
1 1 0 0 0 0 1 0 0
0 1 0 -1 0 0 1 0 0
1 1 0 0 -1 0 1 0 0
0 1 0 -1 -1 0 1 0 0
-1 1 0 -2 -1 0 1 0 0
2 1 0 1 2 1 0 0 0
1 1 0 0 1 1 0 0 0
2 1 0 1 0 1 0 0 0
1 1 0 0 0 1 0 0 0
0 1 0 -1 0 1 0 0 0
1 1 0 0 1 0 0 0 0
0 1 0 -1 0 0 0 0 0
1 1 0 0 -1 0 0 0 0
0 1 0 -1 -1 0 0 0 0
-1 1 0 -2 -1 0 0 0 0
2 1 0 1 0 -1 0 0 0
1 1 0 0 0 -1 0 0 0
0 1 0 -1 0 -1 0 0 0
1 1 0 0 -1 -1 0 0 0
0 1 0 -1 -1 -1 0 0 0
-1 1 0 -2 -1 -1 0 0 0
0 1 0 -1 -2 -1 0 0 0
-1 1 0 -2 -2 -1 0 0 0
-2 1 0 -3 -2 -1 0 0 0
3 1 0 2 1 0 -1 0 0
2 1 0 1 1 0 -1 0 0
1 1 0 0 1 0 -1 0 0
2 1 0 1 0 0 -1 0 0
1 1 0 0 0 0 -1 0 0
0 1 0 -1 0 0 -1 0 0
1 1 0 0 -1 0 -1 0 0
0 1 0 -1 -1 0 -1 0 0
-1 1 0 -2 -1 0 -1 0 0
2 1 0 1 0 -1 -1 0 0
1 1 0 0 0 -1 -1 0 0
0 1 0 -1 0 -1 -1 0 0
1 1 0 0 -1 -1 -1 0 0
0 1 0 -1 -1 -1 -1 0 0
-1 1 0 -2 -1 -1 -1 0 0
0 1 0 -1 -2 -1 -1 0 0
-1 1 0 -2 -2 -1 -1 0 0
-2 1 0 -3 -2 -1 -1 0 0
1 1 0 0 -1 -2 -1 0 0
0 1 0 -1 -1 -2 -1 0 0
-1 1 0 -2 -1 -2 -1 0 0
0 1 0 -1 -2 -2 -1 0 0
-1 1 0 -2 -2 -2 -1 0 0
-2 1 0 -3 -2 -2 -1 0 0
-1 1 0 -2 -3 -2 -1 0 0
-2 1 0 -3 -3 -2 -1 0 0
-3 1 0 -4 -3 -2 -1 0 0
4 1 0 3 2 1 0 -1 0
3 1 0 2 2 1 0 -1 0
2 0 -1 2 2 1 0 -1 -1
2 1 0 1 2 1 0 -1 0
3 1 0 2 1 1 0 -1 0
2 1 0 1 1 1 0 -1 0
1 1 0 0 1 1 0 -1 0
2 0 -1 2 1 1 0 -1 -1
2 1 0 1 0 1 0 -1 0
0 0 -1 0 1 1 0 -1 -1
1 1 0 0 0 1 0 -1 0
0 1 0 -1 0 1 0 -1 0
1 0 -1 1 1 1 0 -1 -1
3 1 0 2 1 0 0 -1 0
2 1 0 1 1 0 0 -1 0
1 1 0 0 1 0 0 -1 0
2 1 0 1 0 0 0 -1 0
1 1 0 0 0 0 0 -1 0
0 1 0 -1 0 0 0 -1 0
1 1 0 0 -1 0 0 -1 0
0 1 0 -1 -1 0 0 -1 0
-1 1 0 -2 -1 0 0 -1 0
2 0 -1 2 1 0 0 -1 -1
2 1 0 1 0 -1 0 -1 0
0 0 -1 0 1 0 0 -1 -1
1 1 0 0 0 -1 0 -1 0
0 1 0 -1 0 -1 0 -1 0
1 0 -1 1 1 0 0 -1 -1
1 1 0 0 -1 -1 0 -1 0
0 1 0 -1 -1 -1 0 -1 0
-1 1 0 -2 -1 -1 0 -1 0
0 1 0 -1 -2 -1 0 -1 0
1 0 -1 1 0 0 0 -1 -1
-1 1 0 -2 -2 -1 0 -1 0
-2 1 0 -3 -2 -1 0 -1 0
3 1 0 2 1 0 -1 -1 0
2 1 0 1 1 0 -1 -1 0
1 1 0 0 1 0 -1 -1 0
2 1 0 1 0 0 -1 -1 0
1 1 0 0 0 0 -1 -1 0
0 1 0 -1 0 0 -1 -1 0
1 1 0 0 -1 0 -1 -1 0
0 1 0 -1 -1 0 -1 -1 0
-1 1 0 -2 -1 0 -1 -1 0
2 1 0 1 0 -1 -1 -1 0
1 1 0 0 0 -1 -1 -1 0
0 1 0 -1 0 -1 -1 -1 0
1 1 0 0 -1 -1 -1 -1 0
0 1 0 -1 -1 -1 -1 -1 0
-1 1 0 -2 -1 -1 -1 -1 0
0 1 0 -1 -2 -1 -1 -1 0
-1 1 0 -2 -2 -1 -1 -1 0
-2 1 0 -3 -2 -1 -1 -1 0
1 1 0 0 -1 -2 -1 -1 0
0 1 0 -1 -1 -2 -1 -1 0
-1 1 0 -2 -1 -2 -1 -1 0
0 1 0 -1 -2 -2 -1 -1 0
-1 1 0 -2 -2 -2 -1 -1 0
-2 1 0 -3 -2 -2 -1 -1 0
-1 1 0 -2 -3 -2 -1 -1 0
-2 1 0 -3 -3 -2 -1 -1 0
-3 1 0 -4 -3 -2 -1 -1 0
2 0 -1 2 1 0 -1 -1 -1
2 1 0 1 0 -1 -2 -1 0
0 0 -1 0 1 0 -1 -1 -1
1 1 0 0 0 -1 -2 -1 0
0 1 0 -1 0 -1 -2 -1 0
1 0 -1 1 1 0 -1 -1 -1
1 1 0 0 -1 -1 -2 -1 0
0 1 0 -1 -1 -1 -2 -1 0
-1 1 0 -2 -1 -1 -2 -1 0
0 1 0 -1 -2 -1 -2 -1 0
1 0 -1 1 0 0 -1 -1 -1
-1 1 0 -2 -2 -1 -2 -1 0
-2 1 0 -3 -2 -1 -2 -1 0
1 1 0 0 -1 -2 -2 -1 0
0 1 0 -1 -1 -2 -2 -1 0
-1 1 0 -2 -1 -2 -2 -1 0
0 1 0 -1 -2 -2 -2 -1 0
-1 1 0 -2 -2 -2 -2 -1 0
-2 1 0 -3 -2 -2 -2 -1 0
-1 1 0 -2 -3 -2 -2 -1 0
-2 1 0 -3 -3 -2 -2 -1 0
-3 1 0 -4 -3 -2 -2 -1 0
0 1 0 -1 -2 -3 -2 -1 0
1 0 -1 1 0 -1 -1 -1 -1
-1 1 0 -2 -2 -3 -2 -1 0
-2 1 0 -3 -2 -3 -2 -1 0
-1 1 0 -2 -3 -3 -2 -1 0
-2 1 0 -3 -3 -3 -2 -1 0
-3 1 0 -4 -3 -3 -2 -1 0
-2 1 0 -3 -4 -3 -2 -1 0
-3 1 0 -4 -4 -3 -2 -1 0
-4 1 0 -5 -4 -3 -2 -1 0
5 0 -1 5 4 3 2 1 0
5 1 0 4 3 2 1 0 -1
3 0 -1 3 4 3 2 1 0
4 1 0 3 3 2 1 0 -1
3 1 0 2 3 2 1 0 -1
4 0 -1 4 4 3 2 1 0
3 0 -1 3 2 3 2 1 0
4 1 0 3 2 2 1 0 -1
1 0 -1 1 2 3 2 1 0
3 1 0 2 2 2 1 0 -1
2 0 -1 2 2 3 2 1 0
2 1 0 1 2 2 1 0 -1
3 1 0 2 1 2 1 0 -1
4 0 -1 4 3 3 2 1 0
2 0 -1 2 3 3 2 1 0
2 1 0 1 1 2 1 0 -1
1 1 0 0 1 2 1 0 -1
3 0 -1 3 3 3 2 1 0
3 0 -1 3 2 1 2 1 0
4 1 0 3 2 1 1 0 -1
1 0 -1 1 2 1 2 1 0
3 1 0 2 2 1 1 0 -1
2 0 -1 2 2 1 2 1 0
2 1 0 1 2 1 1 0 -1
1 0 -1 1 0 1 2 1 0
3 1 0 2 1 1 1 0 -1
-1 0 -1 -1 0 1 2 1 0
2 1 0 1 1 1 1 0 -1
0 0 -1 0 0 1 2 1 0
1 1 0 0 1 1 1 0 -1
2 0 -1 2 1 1 2 1 0
2 1 0 1 0 1 1 0 -1
0 0 -1 0 1 1 2 1 0
1 1 0 0 0 1 1 0 -1
0 1 0 -1 0 1 1 0 -1
1 0 -1 1 1 1 2 1 0
3 1 0 2 1 0 1 0 -1
4 0 -1 4 3 2 2 1 0
2 0 -1 2 3 2 2 1 0
2 1 0 1 1 0 1 0 -1
1 1 0 0 1 0 1 0 -1
3 0 -1 3 3 2 2 1 0
2 0 -1 2 1 2 2 1 0
2 1 0 1 0 0 1 0 -1
0 0 -1 0 1 2 2 1 0
1 1 0 0 0 0 1 0 -1
0 1 0 -1 0 0 1 0 -1
1 0 -1 1 1 2 2 1 0
1 1 0 0 -1 0 1 0 -1
3 0 -1 3 2 2 2 1 0
0 1 0 -1 -1 0 1 0 -1
1 0 -1 1 2 2 2 1 0
-1 1 0 -2 -1 0 1 0 -1
2 0 -1 2 2 2 2 1 0
3 0 -1 3 2 1 0 1 0
4 1 0 3 2 1 0 0 -1
1 0 -1 1 2 1 0 1 0
3 1 0 2 2 1 0 0 -1
2 0 -1 2 2 1 0 1 0
2 1 0 1 2 1 0 0 -1
1 0 -1 1 0 1 0 1 0
3 1 0 2 1 1 0 0 -1
-1 0 -1 -1 0 1 0 1 0
2 1 0 1 1 1 0 0 -1
0 0 -1 0 0 1 0 1 0
1 1 0 0 1 1 0 0 -1
2 0 -1 2 1 1 0 1 0
2 1 0 1 0 1 0 0 -1
0 0 -1 0 1 1 0 1 0
1 1 0 0 0 1 0 0 -1
0 1 0 -1 0 1 0 0 -1
1 0 -1 1 1 1 0 1 0
1 0 -1 1 0 -1 0 1 0
3 1 0 2 1 0 0 0 -1
-1 0 -1 -1 0 -1 0 1 0
2 1 0 1 1 0 0 0 -1
0 0 -1 0 0 -1 0 1 0
1 1 0 0 1 0 0 0 -1
-1 0 -1 -1 -2 -1 0 1 0
2 1 0 1 0 0 0 0 -1
-3 0 -1 -3 -2 -1 0 1 0
1 1 0 0 0 0 0 0 -1
-2 0 -1 -2 -2 -1 0 1 0
0 1 0 -1 0 0 0 0 -1
0 0 -1 0 -1 -1 0 1 0
1 1 0 0 -1 0 0 0 -1
-2 0 -1 -2 -1 -1 0 1 0
0 1 0 -1 -1 0 0 0 -1
-1 0 -1 -1 -1 -1 0 1 0
-1 1 0 -2 -1 0 0 0 -1
2 0 -1 2 1 0 0 1 0
2 1 0 1 0 -1 0 0 -1
0 0 -1 0 1 0 0 1 0
1 1 0 0 0 -1 0 0 -1
0 1 0 -1 0 -1 0 0 -1
1 0 -1 1 1 0 0 1 0
0 0 -1 0 -1 0 0 1 0
1 1 0 0 -1 -1 0 0 -1
-2 0 -1 -2 -1 0 0 1 0
0 1 0 -1 -1 -1 0 0 -1
-1 0 -1 -1 -1 0 0 1 0
-1 1 0 -2 -1 -1 0 0 -1
0 1 0 -1 -2 -1 0 0 -1
1 0 -1 1 0 0 0 1 0
-1 0 -1 -1 0 0 0 1 0
-1 1 0 -2 -2 -1 0 0 -1
-2 1 0 -3 -2 -1 0 0 -1
0 0 -1 0 0 0 0 1 0
3 1 0 2 1 0 -1 0 -1
4 0 -1 4 3 2 1 1 0
2 0 -1 2 3 2 1 1 0
2 1 0 1 1 0 -1 0 -1
1 1 0 0 1 0 -1 0 -1
3 0 -1 3 3 2 1 1 0
2 0 -1 2 1 2 1 1 0
2 1 0 1 0 0 -1 0 -1
0 0 -1 0 1 2 1 1 0
1 1 0 0 0 0 -1 0 -1
0 1 0 -1 0 0 -1 0 -1
1 0 -1 1 1 2 1 1 0
1 1 0 0 -1 0 -1 0 -1
3 0 -1 3 2 2 1 1 0
0 1 0 -1 -1 0 -1 0 -1
1 0 -1 1 2 2 1 1 0
-1 1 0 -2 -1 0 -1 0 -1
2 0 -1 2 2 2 1 1 0
2 0 -1 2 1 0 1 1 0
2 1 0 1 0 -1 -1 0 -1
0 0 -1 0 1 0 1 1 0
1 1 0 0 0 -1 -1 0 -1
0 1 0 -1 0 -1 -1 0 -1
1 0 -1 1 1 0 1 1 0
0 0 -1 0 -1 0 1 1 0
1 1 0 0 -1 -1 -1 0 -1
-2 0 -1 -2 -1 0 1 1 0
0 1 0 -1 -1 -1 -1 0 -1
-1 0 -1 -1 -1 0 1 1 0
-1 1 0 -2 -1 -1 -1 0 -1
0 1 0 -1 -2 -1 -1 0 -1
1 0 -1 1 0 0 1 1 0
-1 0 -1 -1 0 0 1 1 0
-1 1 0 -2 -2 -1 -1 0 -1
-2 1 0 -3 -2 -1 -1 0 -1
0 0 -1 0 0 0 1 1 0
1 1 0 0 -1 -2 -1 0 -1
3 0 -1 3 2 1 1 1 0
0 1 0 -1 -1 -2 -1 0 -1
1 0 -1 1 2 1 1 1 0
-1 1 0 -2 -1 -2 -1 0 -1
2 0 -1 2 2 1 1 1 0
0 1 0 -1 -2 -2 -1 0 -1
1 0 -1 1 0 1 1 1 0
-1 0 -1 -1 0 1 1 1 0
-1 1 0 -2 -2 -2 -1 0 -1
-2 1 0 -3 -2 -2 -1 0 -1
0 0 -1 0 0 1 1 1 0
-1 1 0 -2 -3 -2 -1 0 -1
2 0 -1 2 1 1 1 1 0
-2 1 0 -3 -3 -2 -1 0 -1
0 0 -1 0 1 1 1 1 0
-3 1 0 -4 -3 -2 -1 0 -1
1 0 -1 1 1 1 1 1 0
3 0 -1 3 2 1 0 -1 0
4 1 0 3 2 1 0 -1 -1
1 0 -1 1 2 1 0 -1 0
3 1 0 2 2 1 0 -1 -1
2 0 -1 2 2 1 0 -1 0
2 1 0 1 2 1 0 -1 -1
1 0 -1 1 0 1 0 -1 0
3 1 0 2 1 1 0 -1 -1
-1 0 -1 -1 0 1 0 -1 0
2 1 0 1 1 1 0 -1 -1
0 0 -1 0 0 1 0 -1 0
1 1 0 0 1 1 0 -1 -1
2 0 -1 2 1 1 0 -1 0
2 1 0 1 0 1 0 -1 -1
0 0 -1 0 1 1 0 -1 0
1 1 0 0 0 1 0 -1 -1
0 1 0 -1 0 1 0 -1 -1
1 0 -1 1 1 1 0 -1 0
1 0 -1 1 0 -1 0 -1 0
3 1 0 2 1 0 0 -1 -1
2 1 0 1 1 0 0 -1 -1
1 1 0 0 1 0 0 -1 -1
2 1 0 1 0 0 0 -1 -1
1 1 0 0 0 0 0 -1 -1
0 1 0 -1 0 0 0 -1 -1
1 1 0 0 -1 0 0 -1 -1
0 1 0 -1 -1 0 0 -1 -1
-1 1 0 -2 -1 0 0 -1 -1
2 0 -1 2 1 0 0 -1 0
2 1 0 1 0 -1 0 -1 -1
0 0 -1 0 1 0 0 -1 0
1 1 0 0 0 -1 0 -1 -1
0 1 0 -1 0 -1 0 -1 -1
1 0 -1 1 1 0 0 -1 0
1 1 0 0 -1 -1 0 -1 -1
0 1 0 -1 -1 -1 0 -1 -1
-1 1 0 -2 -1 -1 0 -1 -1
0 1 0 -1 -2 -1 0 -1 -1
1 0 -1 1 0 0 0 -1 0
-1 1 0 -2 -2 -1 0 -1 -1
-2 1 0 -3 -2 -1 0 -1 -1
1 0 -1 1 0 -1 -2 -1 0
3 1 0 2 1 0 -1 -1 -1
2 1 0 1 1 0 -1 -1 -1
1 1 0 0 1 0 -1 -1 -1
2 1 0 1 0 0 -1 -1 -1
1 1 0 0 0 0 -1 -1 -1
0 1 0 -1 0 0 -1 -1 -1
1 1 0 0 -1 0 -1 -1 -1
0 1 0 -1 -1 0 -1 -1 -1
-1 1 0 -2 -1 0 -1 -1 -1
2 1 0 1 0 -1 -1 -1 -1
1 1 0 0 0 -1 -1 -1 -1
0 1 0 -1 0 -1 -1 -1 -1
1 1 0 0 -1 -1 -1 -1 -1
0 1 0 -1 -1 -1 -1 -1 -1
-1 1 0 -2 -1 -1 -1 -1 -1
0 1 0 -1 -2 -1 -1 -1 -1
-1 1 0 -2 -2 -1 -1 -1 -1
-2 1 0 -3 -2 -1 -1 -1 -1
1 1 0 0 -1 -2 -1 -1 -1
0 1 0 -1 -1 -2 -1 -1 -1
-1 1 0 -2 -1 -2 -1 -1 -1
0 1 0 -1 -2 -2 -1 -1 -1
-1 1 0 -2 -2 -2 -1 -1 -1
-2 1 0 -3 -2 -2 -1 -1 -1
-1 1 0 -2 -3 -2 -1 -1 -1
-2 1 0 -3 -3 -2 -1 -1 -1
-3 1 0 -4 -3 -2 -1 -1 -1
2 0 -1 2 1 0 -1 -1 0
2 1 0 1 0 -1 -2 -1 -1
0 0 -1 0 1 0 -1 -1 0
1 1 0 0 0 -1 -2 -1 -1
0 1 0 -1 0 -1 -2 -1 -1
1 0 -1 1 1 0 -1 -1 0
1 1 0 0 -1 -1 -2 -1 -1
0 1 0 -1 -1 -1 -2 -1 -1
-1 1 0 -2 -1 -1 -2 -1 -1
0 1 0 -1 -2 -1 -2 -1 -1
1 0 -1 1 0 0 -1 -1 0
-1 1 0 -2 -2 -1 -2 -1 -1
-2 1 0 -3 -2 -1 -2 -1 -1
1 1 0 0 -1 -2 -2 -1 -1
0 1 0 -1 -1 -2 -2 -1 -1
-1 1 0 -2 -1 -2 -2 -1 -1
0 1 0 -1 -2 -2 -2 -1 -1
-1 1 0 -2 -2 -2 -2 -1 -1
-2 1 0 -3 -2 -2 -2 -1 -1
-1 1 0 -2 -3 -2 -2 -1 -1
-2 1 0 -3 -3 -2 -2 -1 -1
-3 1 0 -4 -3 -2 -2 -1 -1
0 1 0 -1 -2 -3 -2 -1 -1
1 0 -1 1 0 -1 -1 -1 0
-1 1 0 -2 -2 -3 -2 -1 -1
-2 1 0 -3 -2 -3 -2 -1 -1
-1 1 0 -2 -3 -3 -2 -1 -1
-2 1 0 -3 -3 -3 -2 -1 -1
-3 1 0 -4 -3 -3 -2 -1 -1
-2 1 0 -3 -4 -3 -2 -1 -1
-3 1 0 -4 -4 -3 -2 -1 -1
-4 1 0 -5 -4 -3 -2 -1 -1
3 1 0 2 1 0 -1 -2 -1
4 0 -1 4 3 2 1 0 0
2 0 -1 2 3 2 1 0 0
2 1 0 1 1 0 -1 -2 -1
1 1 0 0 1 0 -1 -2 -1
3 0 -1 3 3 2 1 0 0
2 0 -1 2 1 2 1 0 0
2 1 0 1 0 0 -1 -2 -1
0 0 -1 0 1 2 1 0 0
1 1 0 0 0 0 -1 -2 -1
0 1 0 -1 0 0 -1 -2 -1
1 0 -1 1 1 2 1 0 0
1 1 0 0 -1 0 -1 -2 -1
3 0 -1 3 2 2 1 0 0
0 1 0 -1 -1 0 -1 -2 -1
1 0 -1 1 2 2 1 0 0
-1 1 0 -2 -1 0 -1 -2 -1
2 0 -1 2 2 2 1 0 0
2 0 -1 2 1 0 1 0 0
2 1 0 1 0 -1 -1 -2 -1
0 0 -1 0 1 0 1 0 0
1 1 0 0 0 -1 -1 -2 -1
0 1 0 -1 0 -1 -1 -2 -1
1 0 -1 1 1 0 1 0 0
0 0 -1 0 -1 0 1 0 0
1 1 0 0 -1 -1 -1 -2 -1
-2 0 -1 -2 -1 0 1 0 0
0 1 0 -1 -1 -1 -1 -2 -1
-1 0 -1 -1 -1 0 1 0 0
-1 1 0 -2 -1 -1 -1 -2 -1
0 1 0 -1 -2 -1 -1 -2 -1
1 0 -1 1 0 0 1 0 0
-1 0 -1 -1 0 0 1 0 0
-1 1 0 -2 -2 -1 -1 -2 -1
-2 1 0 -3 -2 -1 -1 -2 -1
0 0 -1 0 0 0 1 0 0
1 1 0 0 -1 -2 -1 -2 -1
3 0 -1 3 2 1 1 0 0
0 1 0 -1 -1 -2 -1 -2 -1
1 0 -1 1 2 1 1 0 0
-1 1 0 -2 -1 -2 -1 -2 -1
2 0 -1 2 2 1 1 0 0
0 1 0 -1 -2 -2 -1 -2 -1
1 0 -1 1 0 1 1 0 0
-1 0 -1 -1 0 1 1 0 0
-1 1 0 -2 -2 -2 -1 -2 -1
-2 1 0 -3 -2 -2 -1 -2 -1
0 0 -1 0 0 1 1 0 0
-1 1 0 -2 -3 -2 -1 -2 -1
2 0 -1 2 1 1 1 0 0
-2 1 0 -3 -3 -2 -1 -2 -1
0 0 -1 0 1 1 1 0 0
-3 1 0 -4 -3 -2 -1 -2 -1
1 0 -1 1 1 1 1 0 0
2 0 -1 2 1 0 -1 0 0
2 1 0 1 0 -1 -2 -2 -1
0 0 -1 0 1 0 -1 0 0
1 1 0 0 0 -1 -2 -2 -1
0 1 0 -1 0 -1 -2 -2 -1
1 0 -1 1 1 0 -1 0 0
1 1 0 0 -1 -1 -2 -2 -1
0 1 0 -1 -1 -1 -2 -2 -1
-1 1 0 -2 -1 -1 -2 -2 -1
0 1 0 -1 -2 -1 -2 -2 -1
1 0 -1 1 0 0 -1 0 0
-1 1 0 -2 -2 -1 -2 -2 -1
-2 1 0 -3 -2 -1 -2 -2 -1
1 1 0 0 -1 -2 -2 -2 -1
0 1 0 -1 -1 -2 -2 -2 -1
-1 1 0 -2 -1 -2 -2 -2 -1
0 1 0 -1 -2 -2 -2 -2 -1
-1 1 0 -2 -2 -2 -2 -2 -1
-2 1 0 -3 -2 -2 -2 -2 -1
-1 1 0 -2 -3 -2 -2 -2 -1
-2 1 0 -3 -3 -2 -2 -2 -1
-3 1 0 -4 -3 -2 -2 -2 -1
0 1 0 -1 -2 -3 -2 -2 -1
1 0 -1 1 0 -1 -1 0 0
-1 1 0 -2 -2 -3 -2 -2 -1
-2 1 0 -3 -2 -3 -2 -2 -1
-1 1 0 -2 -3 -3 -2 -2 -1
-2 1 0 -3 -3 -3 -2 -2 -1
-3 1 0 -4 -3 -3 -2 -2 -1
-2 1 0 -3 -4 -3 -2 -2 -1
-3 1 0 -4 -4 -3 -2 -2 -1
-4 1 0 -5 -4 -3 -2 -2 -1
1 1 0 0 -1 -2 -3 -2 -1
3 0 -1 3 2 1 0 0 0
0 1 0 -1 -1 -2 -3 -2 -1
1 0 -1 1 2 1 0 0 0
-1 1 0 -2 -1 -2 -3 -2 -1
2 0 -1 2 2 1 0 0 0
0 1 0 -1 -2 -2 -3 -2 -1
1 0 -1 1 0 1 0 0 0
-1 0 -1 -1 0 1 0 0 0
-1 1 0 -2 -2 -2 -3 -2 -1
-2 1 0 -3 -2 -2 -3 -2 -1
0 0 -1 0 0 1 0 0 0
-1 1 0 -2 -3 -2 -3 -2 -1
2 0 -1 2 1 1 0 0 0
-2 1 0 -3 -3 -2 -3 -2 -1
0 0 -1 0 1 1 0 0 0
-3 1 0 -4 -3 -2 -3 -2 -1
1 0 -1 1 1 1 0 0 0
0 1 0 -1 -2 -3 -3 -2 -1
1 0 -1 1 0 -1 0 0 0
-1 1 0 -2 -2 -3 -3 -2 -1
-2 1 0 -3 -2 -3 -3 -2 -1
-1 1 0 -2 -3 -3 -3 -2 -1
-2 1 0 -3 -3 -3 -3 -2 -1
-3 1 0 -4 -3 -3 -3 -2 -1
-2 1 0 -3 -4 -3 -3 -2 -1
-3 1 0 -4 -4 -3 -3 -2 -1
-4 1 0 -5 -4 -3 -3 -2 -1
-1 1 0 -2 -3 -4 -3 -2 -1
2 0 -1 2 1 0 0 0 0
-2 1 0 -3 -3 -4 -3 -2 -1
0 0 -1 0 1 0 0 0 0
-3 1 0 -4 -3 -4 -3 -2 -1
1 0 -1 1 1 0 0 0 0
-2 1 0 -3 -4 -4 -3 -2 -1
-3 1 0 -4 -4 -4 -3 -2 -1
-4 1 0 -5 -4 -4 -3 -2 -1
-3 1 0 -4 -5 -4 -3 -2 -1
1 0 -1 1 0 0 0 0 0
-4 1 0 -5 -5 -4 -3 -2 -1
-5 1 0 -6 -5 -4 -3 -2 -1
5 0 1 5 5 4 3 2 1
5 1 1 4 5 4 3 2 1
4 1 1 3 4 4 3 2 1
5 0 1 5 4 4 3 2 1
5 1 1 4 3 4 3 2 1
3 0 1 3 4 4 3 2 1
4 1 1 3 3 4 3 2 1
3 1 1 2 3 4 3 2 1
4 0 1 4 4 4 3 2 1
4 1 1 3 4 3 3 2 1
3 1 1 2 3 3 3 2 1
4 1 1 3 2 3 3 2 1
3 1 1 2 2 3 3 2 1
2 0 1 2 2 2 3 2 1
2 1 1 1 2 3 3 2 1
5 0 1 5 4 3 3 2 1
5 1 1 4 3 2 3 2 1
3 0 1 3 4 3 3 2 1
4 1 1 3 3 2 3 2 1
3 1 1 2 3 2 3 2 1
4 0 1 4 4 3 3 2 1
3 0 1 3 2 3 3 2 1
4 1 1 3 2 2 3 2 1
1 0 1 1 2 3 3 2 1
3 1 1 2 2 2 3 2 1
2 0 1 2 2 3 3 2 1
2 1 1 1 2 2 3 2 1
3 1 1 2 1 2 3 2 1
4 0 1 4 3 3 3 2 1
2 0 1 2 3 3 3 2 1
2 1 1 1 1 2 3 2 1
1 1 1 0 1 2 3 2 1
3 0 1 3 3 3 3 2 1
4 1 1 3 4 3 2 2 1
3 1 1 2 3 3 2 2 1
4 1 1 3 2 3 2 2 1
3 1 1 2 2 3 2 2 1
2 0 1 2 2 2 1 2 1
2 1 1 1 2 3 2 2 1
3 1 1 2 3 2 2 2 1
2 1 1 1 2 2 2 2 1
3 1 1 2 1 2 2 2 1
2 1 1 1 1 2 2 2 1
1 1 1 0 1 2 2 2 1
4 1 1 3 2 1 2 2 1
3 1 1 2 2 1 2 2 1
2 0 1 2 2 1 1 2 1
2 1 1 1 2 1 2 2 1
3 1 1 2 1 1 2 2 1
2 1 1 1 1 1 2 2 1
1 1 1 0 1 1 2 2 1
2 0 1 2 1 1 1 2 1
2 1 1 1 0 1 2 2 1
0 0 1 0 1 1 1 2 1
1 1 1 0 0 1 2 2 1
0 1 1 -1 0 1 2 2 1
1 0 1 1 1 1 1 2 1
5 0 1 5 4 3 2 2 1
5 1 1 4 3 2 1 2 1
3 0 1 3 4 3 2 2 1
4 1 1 3 3 2 1 2 1
3 1 1 2 3 2 1 2 1
4 0 1 4 4 3 2 2 1
3 0 1 3 2 3 2 2 1
4 1 1 3 2 2 1 2 1
1 0 1 1 2 3 2 2 1
3 1 1 2 2 2 1 2 1
2 0 1 2 2 3 2 2 1
2 1 1 1 2 2 1 2 1
3 1 1 2 1 2 1 2 1
4 0 1 4 3 3 2 2 1
2 0 1 2 3 3 2 2 1
2 1 1 1 1 2 1 2 1
1 1 1 0 1 2 1 2 1
3 0 1 3 3 3 2 2 1
3 0 1 3 2 1 2 2 1
4 1 1 3 2 1 1 2 1
1 0 1 1 2 1 2 2 1
3 1 1 2 2 1 1 2 1
2 0 1 2 2 1 2 2 1
2 1 1 1 2 1 1 2 1
1 0 1 1 0 1 2 2 1
3 1 1 2 1 1 1 2 1
-1 0 1 -1 0 1 2 2 1
2 1 1 1 1 1 1 2 1
0 0 1 0 0 1 2 2 1
1 1 1 0 1 1 1 2 1
2 0 1 2 1 1 2 2 1
2 1 1 1 0 1 1 2 1
0 0 1 0 1 1 2 2 1
1 1 1 0 0 1 1 2 1
0 1 1 -1 0 1 1 2 1
1 0 1 1 1 1 2 2 1
3 1 1 2 1 0 1 2 1
4 0 1 4 3 2 2 2 1
2 0 1 2 3 2 2 2 1
2 1 1 1 1 0 1 2 1
1 1 1 0 1 0 1 2 1
3 0 1 3 3 2 2 2 1
2 0 1 2 1 2 2 2 1
2 1 1 1 0 0 1 2 1
0 0 1 0 1 2 2 2 1
1 1 1 0 0 0 1 2 1
0 1 1 -1 0 0 1 2 1
1 0 1 1 1 2 2 2 1
1 1 1 0 -1 0 1 2 1
3 0 1 3 2 2 2 2 1
0 1 1 -1 -1 0 1 2 1
1 0 1 1 2 2 2 2 1
-1 1 1 -2 -1 0 1 2 1
2 0 1 2 2 2 2 2 1
4 1 1 3 4 3 2 1 1
3 1 1 2 3 3 2 1 1
4 1 1 3 2 3 2 1 1
3 1 1 2 2 3 2 1 1
2 0 1 2 2 2 1 0 1
2 1 1 1 2 3 2 1 1
3 1 1 2 3 2 2 1 1
2 1 1 1 2 2 2 1 1
3 1 1 2 1 2 2 1 1
2 1 1 1 1 2 2 1 1
1 1 1 0 1 2 2 1 1
4 1 1 3 2 1 2 1 1
3 1 1 2 2 1 2 1 1
2 0 1 2 2 1 1 0 1
2 1 1 1 2 1 2 1 1
3 1 1 2 1 1 2 1 1
2 1 1 1 1 1 2 1 1
1 1 1 0 1 1 2 1 1
2 0 1 2 1 1 1 0 1
2 1 1 1 0 1 2 1 1
0 0 1 0 1 1 1 0 1
1 1 1 0 0 1 2 1 1
0 1 1 -1 0 1 2 1 1
1 0 1 1 1 1 1 0 1
3 1 1 2 3 2 1 1 1
2 1 1 1 2 2 1 1 1
3 1 1 2 1 2 1 1 1
2 1 1 1 1 2 1 1 1
1 1 1 0 1 2 1 1 1
2 1 1 1 2 1 1 1 1
1 1 1 0 1 1 1 1 1
2 1 1 1 0 1 1 1 1
1 1 1 0 0 1 1 1 1
0 1 1 -1 0 1 1 1 1
3 1 1 2 1 0 1 1 1
2 1 1 1 1 0 1 1 1
1 1 1 0 1 0 1 1 1
2 1 1 1 0 0 1 1 1
1 1 1 0 0 0 1 1 1
0 1 1 -1 0 0 1 1 1
1 1 1 0 -1 0 1 1 1
0 1 1 -1 -1 0 1 1 1
-1 0 1 -1 -1 -1 -1 0 1
-1 1 1 -2 -1 0 1 1 1
4 1 1 3 2 1 0 1 1
3 1 1 2 2 1 0 1 1
2 0 1 2 2 1 0 0 1
2 1 1 1 2 1 0 1 1
3 1 1 2 1 1 0 1 1
2 1 1 1 1 1 0 1 1
1 1 1 0 1 1 0 1 1
2 0 1 2 1 1 0 0 1
2 1 1 1 0 1 0 1 1
0 0 1 0 1 1 0 0 1
1 1 1 0 0 1 0 1 1
0 1 1 -1 0 1 0 1 1
1 0 1 1 1 1 0 0 1
3 1 1 2 1 0 0 1 1
2 1 1 1 1 0 0 1 1
1 1 1 0 1 0 0 1 1
2 1 1 1 0 0 0 1 1
1 1 1 0 0 0 0 1 1
0 1 1 -1 0 0 0 1 1
1 1 1 0 -1 0 0 1 1
0 1 1 -1 -1 0 0 1 1
-1 0 1 -1 -1 -1 0 0 1
-1 1 1 -2 -1 0 0 1 1
2 0 1 2 1 0 0 0 1
2 1 1 1 0 -1 0 1 1
0 0 1 0 1 0 0 0 1
1 1 1 0 0 -1 0 1 1
0 1 1 -1 0 -1 0 1 1
1 0 1 1 1 0 0 0 1
0 0 1 0 -1 0 0 0 1
1 1 1 0 -1 -1 0 1 1
-2 0 1 -2 -1 0 0 0 1
0 1 1 -1 -1 -1 0 1 1
-1 0 1 -1 -1 0 0 0 1
-1 1 1 -2 -1 -1 0 1 1
0 1 1 -1 -2 -1 0 1 1
1 0 1 1 0 0 0 0 1
-1 0 1 -1 0 0 0 0 1
-1 1 1 -2 -2 -1 0 1 1
-2 1 1 -3 -2 -1 0 1 1
0 0 1 0 0 0 0 0 1
5 0 1 5 4 3 2 1 1
5 1 1 4 3 2 1 0 1
3 0 1 3 4 3 2 1 1
4 1 1 3 3 2 1 0 1
3 1 1 2 3 2 1 0 1
4 0 1 4 4 3 2 1 1
3 0 1 3 2 3 2 1 1
4 1 1 3 2 2 1 0 1
1 0 1 1 2 3 2 1 1
3 1 1 2 2 2 1 0 1
2 0 1 2 2 3 2 1 1
2 1 1 1 2 2 1 0 1
3 1 1 2 1 2 1 0 1
4 0 1 4 3 3 2 1 1
2 0 1 2 3 3 2 1 1
2 1 1 1 1 2 1 0 1
1 1 1 0 1 2 1 0 1
3 0 1 3 3 3 2 1 1
3 0 1 3 2 1 2 1 1
4 1 1 3 2 1 1 0 1
1 0 1 1 2 1 2 1 1
3 1 1 2 2 1 1 0 1
2 0 1 2 2 1 2 1 1
2 1 1 1 2 1 1 0 1
1 0 1 1 0 1 2 1 1
3 1 1 2 1 1 1 0 1
-1 0 1 -1 0 1 2 1 1
2 1 1 1 1 1 1 0 1
0 0 1 0 0 1 2 1 1
1 1 1 0 1 1 1 0 1
2 0 1 2 1 1 2 1 1
2 1 1 1 0 1 1 0 1
0 0 1 0 1 1 2 1 1
1 1 1 0 0 1 1 0 1
0 1 1 -1 0 1 1 0 1
1 0 1 1 1 1 2 1 1
3 1 1 2 1 0 1 0 1
4 0 1 4 3 2 2 1 1
2 0 1 2 3 2 2 1 1
2 1 1 1 1 0 1 0 1
1 1 1 0 1 0 1 0 1
3 0 1 3 3 2 2 1 1
2 0 1 2 1 2 2 1 1
2 1 1 1 0 0 1 0 1
0 0 1 0 1 2 2 1 1
1 1 1 0 0 0 1 0 1
0 1 1 -1 0 0 1 0 1
1 0 1 1 1 2 2 1 1
1 1 1 0 -1 0 1 0 1
3 0 1 3 2 2 2 1 1
0 1 1 -1 -1 0 1 0 1
1 0 1 1 2 2 2 1 1
-1 1 1 -2 -1 0 1 0 1
2 0 1 2 2 2 2 1 1
3 0 1 3 2 1 0 1 1
4 1 1 3 2 1 0 0 1
1 0 1 1 2 1 0 1 1
3 1 1 2 2 1 0 0 1
2 0 1 2 2 1 0 1 1
2 1 1 1 2 1 0 0 1
1 0 1 1 0 1 0 1 1
3 1 1 2 1 1 0 0 1
-1 0 1 -1 0 1 0 1 1
2 1 1 1 1 1 0 0 1
0 0 1 0 0 1 0 1 1
1 1 1 0 1 1 0 0 1
2 0 1 2 1 1 0 1 1
2 1 1 1 0 1 0 0 1
0 0 1 0 1 1 0 1 1
1 1 1 0 0 1 0 0 1
0 1 1 -1 0 1 0 0 1
1 0 1 1 1 1 0 1 1
1 0 1 1 0 -1 0 1 1
3 1 1 2 1 0 0 0 1
-1 0 1 -1 0 -1 0 1 1
2 1 1 1 1 0 0 0 1
0 0 1 0 0 -1 0 1 1
1 1 1 0 1 0 0 0 1
-1 0 1 -1 -2 -1 0 1 1
2 1 1 1 0 0 0 0 1
-3 0 1 -3 -2 -1 0 1 1
1 1 1 0 0 0 0 0 1
-2 0 1 -2 -2 -1 0 1 1
0 1 1 -1 0 0 0 0 1
0 0 1 0 -1 -1 0 1 1
1 1 1 0 -1 0 0 0 1
-2 0 1 -2 -1 -1 0 1 1
0 1 1 -1 -1 0 0 0 1
-1 0 1 -1 -1 -1 0 1 1
-1 1 1 -2 -1 0 0 0 1
2 0 1 2 1 0 0 1 1
2 1 1 1 0 -1 0 0 1
0 0 1 0 1 0 0 1 1
1 1 1 0 0 -1 0 0 1
0 1 1 -1 0 -1 0 0 1
1 0 1 1 1 0 0 1 1
0 0 1 0 -1 0 0 1 1
1 1 1 0 -1 -1 0 0 1
-2 0 1 -2 -1 0 0 1 1
0 1 1 -1 -1 -1 0 0 1
-1 0 1 -1 -1 0 0 1 1
-1 1 1 -2 -1 -1 0 0 1
0 1 1 -1 -2 -1 0 0 1
1 0 1 1 0 0 0 1 1
-1 0 1 -1 0 0 0 1 1
-1 1 1 -2 -2 -1 0 0 1
-2 1 1 -3 -2 -1 0 0 1
0 0 1 0 0 0 0 1 1
3 1 1 2 1 0 -1 0 1
4 0 1 4 3 2 1 1 1
2 0 1 2 3 2 1 1 1
2 1 1 1 1 0 -1 0 1
1 1 1 0 1 0 -1 0 1
3 0 1 3 3 2 1 1 1
2 0 1 2 1 2 1 1 1
2 1 1 1 0 0 -1 0 1
0 0 1 0 1 2 1 1 1
1 1 1 0 0 0 -1 0 1
0 1 1 -1 0 0 -1 0 1
1 0 1 1 1 2 1 1 1
1 1 1 0 -1 0 -1 0 1
3 0 1 3 2 2 1 1 1
0 1 1 -1 -1 0 -1 0 1
1 0 1 1 2 2 1 1 1
-1 1 1 -2 -1 0 -1 0 1
2 0 1 2 2 2 1 1 1
2 0 1 2 1 0 1 1 1
2 1 1 1 0 -1 -1 0 1
0 0 1 0 1 0 1 1 1
1 1 1 0 0 -1 -1 0 1
0 1 1 -1 0 -1 -1 0 1
1 0 1 1 1 0 1 1 1
0 0 1 0 -1 0 1 1 1
1 1 1 0 -1 -1 -1 0 1
-2 0 1 -2 -1 0 1 1 1
0 1 1 -1 -1 -1 -1 0 1
-1 0 1 -1 -1 0 1 1 1
-1 1 1 -2 -1 -1 -1 0 1
0 1 1 -1 -2 -1 -1 0 1
1 0 1 1 0 0 1 1 1
-1 0 1 -1 0 0 1 1 1
-1 1 1 -2 -2 -1 -1 0 1
-2 1 1 -3 -2 -1 -1 0 1
0 0 1 0 0 0 1 1 1
1 1 1 0 -1 -2 -1 0 1
3 0 1 3 2 1 1 1 1
0 1 1 -1 -1 -2 -1 0 1
1 0 1 1 2 1 1 1 1
-1 1 1 -2 -1 -2 -1 0 1
2 0 1 2 2 1 1 1 1
0 1 1 -1 -2 -2 -1 0 1
1 0 1 1 0 1 1 1 1
-1 0 1 -1 0 1 1 1 1
-1 1 1 -2 -2 -2 -1 0 1
-2 1 1 -3 -2 -2 -1 0 1
0 0 1 0 0 1 1 1 1
-1 1 1 -2 -3 -2 -1 0 1
2 0 1 2 1 1 1 1 1
-2 1 1 -3 -3 -2 -1 0 1
0 0 1 0 1 1 1 1 1
-3 1 1 -4 -3 -2 -1 0 1
1 0 1 1 1 1 1 1 1
4 1 1 3 4 3 2 1 0
3 1 1 2 3 3 2 1 0
4 1 1 3 2 3 2 1 0
3 1 1 2 2 3 2 1 0
2 0 1 2 2 2 1 0 -1
2 1 1 1 2 3 2 1 0
3 1 1 2 3 2 2 1 0
2 1 1 1 2 2 2 1 0
3 1 1 2 1 2 2 1 0
2 1 1 1 1 2 2 1 0
1 1 1 0 1 2 2 1 0
4 1 1 3 2 1 2 1 0
3 1 1 2 2 1 2 1 0
2 0 1 2 2 1 1 0 -1
2 1 1 1 2 1 2 1 0
3 1 1 2 1 1 2 1 0
2 1 1 1 1 1 2 1 0
1 1 1 0 1 1 2 1 0
2 0 1 2 1 1 1 0 -1
2 1 1 1 0 1 2 1 0
0 0 1 0 1 1 1 0 -1
1 1 1 0 0 1 2 1 0
0 1 1 -1 0 1 2 1 0
1 0 1 1 1 1 1 0 -1
3 1 1 2 3 2 1 1 0
2 1 1 1 2 2 1 1 0
3 1 1 2 1 2 1 1 0
2 1 1 1 1 2 1 1 0
1 1 1 0 1 2 1 1 0
2 1 1 1 2 1 1 1 0
1 1 1 0 1 1 1 1 0
2 1 1 1 0 1 1 1 0
1 1 1 0 0 1 1 1 0
0 1 1 -1 0 1 1 1 0
3 1 1 2 1 0 1 1 0
2 1 1 1 1 0 1 1 0
1 1 1 0 1 0 1 1 0
2 1 1 1 0 0 1 1 0
1 1 1 0 0 0 1 1 0
0 1 1 -1 0 0 1 1 0
1 1 1 0 -1 0 1 1 0
0 1 1 -1 -1 0 1 1 0
-1 0 1 -1 -1 -1 -1 0 -1
-1 1 1 -2 -1 0 1 1 0
4 1 1 3 2 1 0 1 0
3 1 1 2 2 1 0 1 0
2 0 1 2 2 1 0 0 -1
2 1 1 1 2 1 0 1 0
3 1 1 2 1 1 0 1 0
2 1 1 1 1 1 0 1 0
1 1 1 0 1 1 0 1 0
2 0 1 2 1 1 0 0 -1
2 1 1 1 0 1 0 1 0
0 0 1 0 1 1 0 0 -1
1 1 1 0 0 1 0 1 0
0 1 1 -1 0 1 0 1 0
1 0 1 1 1 1 0 0 -1
3 1 1 2 1 0 0 1 0
2 1 1 1 1 0 0 1 0
1 1 1 0 1 0 0 1 0
2 1 1 1 0 0 0 1 0
1 1 1 0 0 0 0 1 0
0 1 1 -1 0 0 0 1 0
1 1 1 0 -1 0 0 1 0
0 1 1 -1 -1 0 0 1 0
-1 0 1 -1 -1 -1 0 0 -1
-1 1 1 -2 -1 0 0 1 0
2 0 1 2 1 0 0 0 -1
2 1 1 1 0 -1 0 1 0
0 0 1 0 1 0 0 0 -1
1 1 1 0 0 -1 0 1 0
0 1 1 -1 0 -1 0 1 0
1 0 1 1 1 0 0 0 -1
0 0 1 0 -1 0 0 0 -1
1 1 1 0 -1 -1 0 1 0
-2 0 1 -2 -1 0 0 0 -1
0 1 1 -1 -1 -1 0 1 0
-1 0 1 -1 -1 0 0 0 -1
-1 1 1 -2 -1 -1 0 1 0
0 1 1 -1 -2 -1 0 1 0
1 0 1 1 0 0 0 0 -1
-1 0 1 -1 0 0 0 0 -1
-1 1 1 -2 -2 -1 0 1 0
-2 1 1 -3 -2 -1 0 1 0
0 0 1 0 0 0 0 0 -1
3 1 1 2 3 2 1 0 0
2 1 1 1 2 2 1 0 0
3 1 1 2 1 2 1 0 0
2 1 1 1 1 2 1 0 0
1 1 1 0 1 2 1 0 0
2 1 1 1 2 1 1 0 0
1 1 1 0 1 1 1 0 0
2 1 1 1 0 1 1 0 0
1 1 1 0 0 1 1 0 0
0 1 1 -1 0 1 1 0 0
3 1 1 2 1 0 1 0 0
2 1 1 1 1 0 1 0 0
1 1 1 0 1 0 1 0 0
2 1 1 1 0 0 1 0 0
1 1 1 0 0 0 1 0 0
0 1 1 -1 0 0 1 0 0
1 1 1 0 -1 0 1 0 0
0 1 1 -1 -1 0 1 0 0
-1 0 1 -1 -1 -1 -1 -2 -1
-1 1 1 -2 -1 0 1 0 0
2 1 1 1 2 1 0 0 0
1 1 1 0 1 1 0 0 0
2 1 1 1 0 1 0 0 0
1 1 1 0 0 1 0 0 0
0 1 1 -1 0 1 0 0 0
1 1 1 0 1 0 0 0 0
0 1 1 -1 0 0 0 0 0
1 1 1 0 -1 0 0 0 0
0 1 1 -1 -1 0 0 0 0
-1 1 1 -2 -1 0 0 0 0
2 1 1 1 0 -1 0 0 0
1 1 1 0 0 -1 0 0 0
0 1 1 -1 0 -1 0 0 0
1 1 1 0 -1 -1 0 0 0
0 1 1 -1 -1 -1 0 0 0
-1 1 1 -2 -1 -1 0 0 0
0 1 1 -1 -2 -1 0 0 0
-1 1 1 -2 -2 -1 0 0 0
-2 1 1 -3 -2 -1 0 0 0
3 1 1 2 1 0 -1 0 0
2 1 1 1 1 0 -1 0 0
1 1 1 0 1 0 -1 0 0
2 1 1 1 0 0 -1 0 0
1 1 1 0 0 0 -1 0 0
0 1 1 -1 0 0 -1 0 0
1 1 1 0 -1 0 -1 0 0
0 1 1 -1 -1 0 -1 0 0
-1 0 1 -1 -1 -1 -2 -2 -1
-1 1 1 -2 -1 0 -1 0 0
2 1 1 1 0 -1 -1 0 0
1 1 1 0 0 -1 -1 0 0
0 1 1 -1 0 -1 -1 0 0
1 1 1 0 -1 -1 -1 0 0
0 1 1 -1 -1 -1 -1 0 0
-1 1 1 -2 -1 -1 -1 0 0
0 1 1 -1 -2 -1 -1 0 0
-1 1 1 -2 -2 -1 -1 0 0
-2 1 1 -3 -2 -1 -1 0 0
1 1 1 0 -1 -2 -1 0 0
0 1 1 -1 -1 -2 -1 0 0
-1 0 1 -1 -1 -2 -2 -2 -1
-1 1 1 -2 -1 -2 -1 0 0
0 1 1 -1 -2 -2 -1 0 0
-1 1 1 -2 -2 -2 -1 0 0
-2 1 1 -3 -2 -2 -1 0 0
-1 0 1 -1 -2 -2 -2 -2 -1
-1 1 1 -2 -3 -2 -1 0 0
-3 0 1 -3 -2 -2 -2 -2 -1
-2 1 1 -3 -3 -2 -1 0 0
-3 1 1 -4 -3 -2 -1 0 0
-2 0 1 -2 -2 -2 -2 -2 -1
4 1 1 3 2 1 0 -1 0
3 1 1 2 2 1 0 -1 0
2 0 1 2 2 1 0 -1 -1
2 1 1 1 2 1 0 -1 0
3 1 1 2 1 1 0 -1 0
2 1 1 1 1 1 0 -1 0
1 1 1 0 1 1 0 -1 0
2 0 1 2 1 1 0 -1 -1
2 1 1 1 0 1 0 -1 0
0 0 1 0 1 1 0 -1 -1
1 1 1 0 0 1 0 -1 0
0 1 1 -1 0 1 0 -1 0
1 0 1 1 1 1 0 -1 -1
3 1 1 2 1 0 0 -1 0
2 1 1 1 1 0 0 -1 0
1 1 1 0 1 0 0 -1 0
2 1 1 1 0 0 0 -1 0
1 1 1 0 0 0 0 -1 0
0 1 1 -1 0 0 0 -1 0
1 1 1 0 -1 0 0 -1 0
0 1 1 -1 -1 0 0 -1 0
-1 0 1 -1 -1 -1 0 -1 -1
-1 1 1 -2 -1 0 0 -1 0
2 0 1 2 1 0 0 -1 -1
2 1 1 1 0 -1 0 -1 0
0 0 1 0 1 0 0 -1 -1
1 1 1 0 0 -1 0 -1 0
0 1 1 -1 0 -1 0 -1 0
1 0 1 1 1 0 0 -1 -1
0 0 1 0 -1 0 0 -1 -1
1 1 1 0 -1 -1 0 -1 0
-2 0 1 -2 -1 0 0 -1 -1
0 1 1 -1 -1 -1 0 -1 0
-1 0 1 -1 -1 0 0 -1 -1
-1 1 1 -2 -1 -1 0 -1 0
0 1 1 -1 -2 -1 0 -1 0
1 0 1 1 0 0 0 -1 -1
-1 0 1 -1 0 0 0 -1 -1
-1 1 1 -2 -2 -1 0 -1 0
-2 1 1 -3 -2 -1 0 -1 0
0 0 1 0 0 0 0 -1 -1
3 1 1 2 1 0 -1 -1 0
2 1 1 1 1 0 -1 -1 0
1 1 1 0 1 0 -1 -1 0
2 1 1 1 0 0 -1 -1 0
1 1 1 0 0 0 -1 -1 0
0 1 1 -1 0 0 -1 -1 0
1 1 1 0 -1 0 -1 -1 0
0 1 1 -1 -1 0 -1 -1 0
-1 0 1 -1 -1 -1 -2 -1 -1
-1 1 1 -2 -1 0 -1 -1 0
2 1 1 1 0 -1 -1 -1 0
1 1 1 0 0 -1 -1 -1 0
0 1 1 -1 0 -1 -1 -1 0
1 1 1 0 -1 -1 -1 -1 0
0 1 1 -1 -1 -1 -1 -1 0
-1 1 1 -2 -1 -1 -1 -1 0
0 1 1 -1 -2 -1 -1 -1 0
-1 1 1 -2 -2 -1 -1 -1 0
-2 1 1 -3 -2 -1 -1 -1 0
1 1 1 0 -1 -2 -1 -1 0
0 1 1 -1 -1 -2 -1 -1 0
-1 0 1 -1 -1 -2 -2 -1 -1
-1 1 1 -2 -1 -2 -1 -1 0
0 1 1 -1 -2 -2 -1 -1 0
-1 1 1 -2 -2 -2 -1 -1 0
-2 1 1 -3 -2 -2 -1 -1 0
-1 0 1 -1 -2 -2 -2 -1 -1
-1 1 1 -2 -3 -2 -1 -1 0
-3 0 1 -3 -2 -2 -2 -1 -1
-2 1 1 -3 -3 -2 -1 -1 0
-3 1 1 -4 -3 -2 -1 -1 0
-2 0 1 -2 -2 -2 -2 -1 -1
2 0 1 2 1 0 -1 -1 -1
2 1 1 1 0 -1 -2 -1 0
0 0 1 0 1 0 -1 -1 -1
1 1 1 0 0 -1 -2 -1 0
0 1 1 -1 0 -1 -2 -1 0
1 0 1 1 1 0 -1 -1 -1
0 0 1 0 -1 0 -1 -1 -1
1 1 1 0 -1 -1 -2 -1 0
-2 0 1 -2 -1 0 -1 -1 -1
0 1 1 -1 -1 -1 -2 -1 0
-1 0 1 -1 -1 0 -1 -1 -1
-1 1 1 -2 -1 -1 -2 -1 0
0 1 1 -1 -2 -1 -2 -1 0
1 0 1 1 0 0 -1 -1 -1
-1 0 1 -1 0 0 -1 -1 -1
-1 1 1 -2 -2 -1 -2 -1 0
-2 1 1 -3 -2 -1 -2 -1 0
0 0 1 0 0 0 -1 -1 -1
0 0 1 0 -1 -2 -1 -1 -1
1 1 1 0 -1 -2 -2 -1 0
-2 0 1 -2 -1 -2 -1 -1 -1
0 1 1 -1 -1 -2 -2 -1 0
-1 0 1 -1 -1 -2 -1 -1 -1
-1 1 1 -2 -1 -2 -2 -1 0
-2 0 1 -2 -3 -2 -1 -1 -1
0 1 1 -1 -2 -2 -2 -1 0
-4 0 1 -4 -3 -2 -1 -1 -1
-1 1 1 -2 -2 -2 -2 -1 0
-3 0 1 -3 -3 -2 -1 -1 -1
-2 1 1 -3 -2 -2 -2 -1 0
-1 0 1 -1 -2 -2 -1 -1 -1
-1 1 1 -2 -3 -2 -2 -1 0
-3 0 1 -3 -2 -2 -1 -1 -1
-2 1 1 -3 -3 -2 -2 -1 0
-3 1 1 -4 -3 -2 -2 -1 0
-2 0 1 -2 -2 -2 -1 -1 -1
0 1 1 -1 -2 -3 -2 -1 0
1 0 1 1 0 -1 -1 -1 -1
-1 0 1 -1 0 -1 -1 -1 -1
-1 1 1 -2 -2 -3 -2 -1 0
-2 1 1 -3 -2 -3 -2 -1 0
0 0 1 0 0 -1 -1 -1 -1
-1 0 1 -1 -2 -1 -1 -1 -1
-1 1 1 -2 -3 -3 -2 -1 0
-3 0 1 -3 -2 -1 -1 -1 -1
-2 1 1 -3 -3 -3 -2 -1 0
-3 1 1 -4 -3 -3 -2 -1 0
-2 0 1 -2 -2 -1 -1 -1 -1
-2 1 1 -3 -4 -3 -2 -1 0
0 0 1 0 -1 -1 -1 -1 -1
-3 1 1 -4 -4 -3 -2 -1 0
-2 0 1 -2 -1 -1 -1 -1 -1
-4 1 1 -5 -4 -3 -2 -1 0
-1 0 1 -1 -1 -1 -1 -1 -1
5 0 1 5 4 3 2 1 0
5 1 1 4 3 2 1 0 -1
3 0 1 3 4 3 2 1 0
4 1 1 3 3 2 1 0 -1
3 1 1 2 3 2 1 0 -1
4 0 1 4 4 3 2 1 0
3 0 1 3 2 3 2 1 0
4 1 1 3 2 2 1 0 -1
1 0 1 1 2 3 2 1 0
3 1 1 2 2 2 1 0 -1
2 0 1 2 2 3 2 1 0
2 1 1 1 2 2 1 0 -1
3 1 1 2 1 2 1 0 -1
4 0 1 4 3 3 2 1 0
2 0 1 2 3 3 2 1 0
2 1 1 1 1 2 1 0 -1
1 1 1 0 1 2 1 0 -1
3 0 1 3 3 3 2 1 0
3 0 1 3 2 1 2 1 0
4 1 1 3 2 1 1 0 -1
1 0 1 1 2 1 2 1 0
3 1 1 2 2 1 1 0 -1
2 0 1 2 2 1 2 1 0
2 1 1 1 2 1 1 0 -1
1 0 1 1 0 1 2 1 0
3 1 1 2 1 1 1 0 -1
-1 0 1 -1 0 1 2 1 0
2 1 1 1 1 1 1 0 -1
0 0 1 0 0 1 2 1 0
1 1 1 0 1 1 1 0 -1
2 0 1 2 1 1 2 1 0
2 1 1 1 0 1 1 0 -1
0 0 1 0 1 1 2 1 0
1 1 1 0 0 1 1 0 -1
0 1 1 -1 0 1 1 0 -1
1 0 1 1 1 1 2 1 0
3 1 1 2 1 0 1 0 -1
4 0 1 4 3 2 2 1 0
2 0 1 2 3 2 2 1 0
2 1 1 1 1 0 1 0 -1
1 1 1 0 1 0 1 0 -1
3 0 1 3 3 2 2 1 0
2 0 1 2 1 2 2 1 0
2 1 1 1 0 0 1 0 -1
0 0 1 0 1 2 2 1 0
1 1 1 0 0 0 1 0 -1
0 1 1 -1 0 0 1 0 -1
1 0 1 1 1 2 2 1 0
1 1 1 0 -1 0 1 0 -1
3 0 1 3 2 2 2 1 0
0 1 1 -1 -1 0 1 0 -1
1 0 1 1 2 2 2 1 0
-1 1 1 -2 -1 0 1 0 -1
2 0 1 2 2 2 2 1 0
3 0 1 3 2 1 0 1 0
4 1 1 3 2 1 0 0 -1
1 0 1 1 2 1 0 1 0
3 1 1 2 2 1 0 0 -1
2 0 1 2 2 1 0 1 0
2 1 1 1 2 1 0 0 -1
1 0 1 1 0 1 0 1 0
3 1 1 2 1 1 0 0 -1
-1 0 1 -1 0 1 0 1 0
2 1 1 1 1 1 0 0 -1
0 0 1 0 0 1 0 1 0
1 1 1 0 1 1 0 0 -1
2 0 1 2 1 1 0 1 0
2 1 1 1 0 1 0 0 -1
0 0 1 0 1 1 0 1 0
1 1 1 0 0 1 0 0 -1
0 1 1 -1 0 1 0 0 -1
1 0 1 1 1 1 0 1 0
1 0 1 1 0 -1 0 1 0
3 1 1 2 1 0 0 0 -1
-1 0 1 -1 0 -1 0 1 0
2 1 1 1 1 0 0 0 -1
0 0 1 0 0 -1 0 1 0
1 1 1 0 1 0 0 0 -1
-1 0 1 -1 -2 -1 0 1 0
2 1 1 1 0 0 0 0 -1
-3 0 1 -3 -2 -1 0 1 0
1 1 1 0 0 0 0 0 -1
-2 0 1 -2 -2 -1 0 1 0
0 1 1 -1 0 0 0 0 -1
0 0 1 0 -1 -1 0 1 0
1 1 1 0 -1 0 0 0 -1
-2 0 1 -2 -1 -1 0 1 0
0 1 1 -1 -1 0 0 0 -1
-1 0 1 -1 -1 -1 0 1 0
-1 1 1 -2 -1 0 0 0 -1
2 0 1 2 1 0 0 1 0
2 1 1 1 0 -1 0 0 -1
0 0 1 0 1 0 0 1 0
1 1 1 0 0 -1 0 0 -1
0 1 1 -1 0 -1 0 0 -1
1 0 1 1 1 0 0 1 0
0 0 1 0 -1 0 0 1 0
1 1 1 0 -1 -1 0 0 -1
-2 0 1 -2 -1 0 0 1 0
0 1 1 -1 -1 -1 0 0 -1
-1 0 1 -1 -1 0 0 1 0
-1 1 1 -2 -1 -1 0 0 -1
0 1 1 -1 -2 -1 0 0 -1
1 0 1 1 0 0 0 1 0
-1 0 1 -1 0 0 0 1 0
-1 1 1 -2 -2 -1 0 0 -1
-2 1 1 -3 -2 -1 0 0 -1
0 0 1 0 0 0 0 1 0
3 1 1 2 1 0 -1 0 -1
4 0 1 4 3 2 1 1 0
2 0 1 2 3 2 1 1 0
2 1 1 1 1 0 -1 0 -1
1 1 1 0 1 0 -1 0 -1
3 0 1 3 3 2 1 1 0
2 0 1 2 1 2 1 1 0
2 1 1 1 0 0 -1 0 -1
0 0 1 0 1 2 1 1 0
1 1 1 0 0 0 -1 0 -1
0 1 1 -1 0 0 -1 0 -1
1 0 1 1 1 2 1 1 0
1 1 1 0 -1 0 -1 0 -1
3 0 1 3 2 2 1 1 0
0 1 1 -1 -1 0 -1 0 -1
1 0 1 1 2 2 1 1 0
-1 1 1 -2 -1 0 -1 0 -1
2 0 1 2 2 2 1 1 0
2 0 1 2 1 0 1 1 0
2 1 1 1 0 -1 -1 0 -1
0 0 1 0 1 0 1 1 0
1 1 1 0 0 -1 -1 0 -1
0 1 1 -1 0 -1 -1 0 -1
1 0 1 1 1 0 1 1 0
0 0 1 0 -1 0 1 1 0
1 1 1 0 -1 -1 -1 0 -1
-2 0 1 -2 -1 0 1 1 0
0 1 1 -1 -1 -1 -1 0 -1
-1 0 1 -1 -1 0 1 1 0
-1 1 1 -2 -1 -1 -1 0 -1
0 1 1 -1 -2 -1 -1 0 -1
1 0 1 1 0 0 1 1 0
-1 0 1 -1 0 0 1 1 0
-1 1 1 -2 -2 -1 -1 0 -1
-2 1 1 -3 -2 -1 -1 0 -1
0 0 1 0 0 0 1 1 0
1 1 1 0 -1 -2 -1 0 -1
3 0 1 3 2 1 1 1 0
0 1 1 -1 -1 -2 -1 0 -1
1 0 1 1 2 1 1 1 0
-1 1 1 -2 -1 -2 -1 0 -1
2 0 1 2 2 1 1 1 0
0 1 1 -1 -2 -2 -1 0 -1
1 0 1 1 0 1 1 1 0
-1 0 1 -1 0 1 1 1 0
-1 1 1 -2 -2 -2 -1 0 -1
-2 1 1 -3 -2 -2 -1 0 -1
0 0 1 0 0 1 1 1 0
-1 1 1 -2 -3 -2 -1 0 -1
2 0 1 2 1 1 1 1 0
-2 1 1 -3 -3 -2 -1 0 -1
0 0 1 0 1 1 1 1 0
-3 1 1 -4 -3 -2 -1 0 -1
1 0 1 1 1 1 1 1 0
3 0 1 3 2 1 0 -1 0
4 1 1 3 2 1 0 -1 -1
1 0 1 1 2 1 0 -1 0
3 1 1 2 2 1 0 -1 -1
2 0 1 2 2 1 0 -1 0
2 1 1 1 2 1 0 -1 -1
1 0 1 1 0 1 0 -1 0
3 1 1 2 1 1 0 -1 -1
-1 0 1 -1 0 1 0 -1 0
2 1 1 1 1 1 0 -1 -1
0 0 1 0 0 1 0 -1 0
1 1 1 0 1 1 0 -1 -1
2 0 1 2 1 1 0 -1 0
2 1 1 1 0 1 0 -1 -1
0 0 1 0 1 1 0 -1 0
1 1 1 0 0 1 0 -1 -1
0 1 1 -1 0 1 0 -1 -1
1 0 1 1 1 1 0 -1 0
1 0 1 1 0 -1 0 -1 0
3 1 1 2 1 0 0 -1 -1
-1 0 1 -1 0 -1 0 -1 0
2 1 1 1 1 0 0 -1 -1
0 0 1 0 0 -1 0 -1 0
1 1 1 0 1 0 0 -1 -1
-1 0 1 -1 -2 -1 0 -1 0
2 1 1 1 0 0 0 -1 -1
-3 0 1 -3 -2 -1 0 -1 0
1 1 1 0 0 0 0 -1 -1
-2 0 1 -2 -2 -1 0 -1 0
0 1 1 -1 0 0 0 -1 -1
0 0 1 0 -1 -1 0 -1 0
1 1 1 0 -1 0 0 -1 -1
-2 0 1 -2 -1 -1 0 -1 0
0 1 1 -1 -1 0 0 -1 -1
-1 0 1 -1 -1 -1 0 -1 0
-1 1 1 -2 -1 0 0 -1 -1
2 0 1 2 1 0 0 -1 0
2 1 1 1 0 -1 0 -1 -1
0 0 1 0 1 0 0 -1 0
1 1 1 0 0 -1 0 -1 -1
0 1 1 -1 0 -1 0 -1 -1
1 0 1 1 1 0 0 -1 0
0 0 1 0 -1 0 0 -1 0
1 1 1 0 -1 -1 0 -1 -1
-2 0 1 -2 -1 0 0 -1 0
0 1 1 -1 -1 -1 0 -1 -1
-1 0 1 -1 -1 0 0 -1 0
-1 1 1 -2 -1 -1 0 -1 -1
0 1 1 -1 -2 -1 0 -1 -1
1 0 1 1 0 0 0 -1 0
-1 0 1 -1 0 0 0 -1 0
-1 1 1 -2 -2 -1 0 -1 -1
-2 1 1 -3 -2 -1 0 -1 -1
0 0 1 0 0 0 0 -1 0
1 0 1 1 0 -1 -2 -1 0
3 1 1 2 1 0 -1 -1 -1
-1 0 1 -1 0 -1 -2 -1 0
2 1 1 1 1 0 -1 -1 -1
0 0 1 0 0 -1 -2 -1 0
1 1 1 0 1 0 -1 -1 -1
-1 0 1 -1 -2 -1 -2 -1 0
2 1 1 1 0 0 -1 -1 -1
-3 0 1 -3 -2 -1 -2 -1 0
1 1 1 0 0 0 -1 -1 -1
-2 0 1 -2 -2 -1 -2 -1 0
0 1 1 -1 0 0 -1 -1 -1
0 0 1 0 -1 -1 -2 -1 0
1 1 1 0 -1 0 -1 -1 -1
-2 0 1 -2 -1 -1 -2 -1 0
0 1 1 -1 -1 0 -1 -1 -1
-1 0 1 -1 -1 -1 -2 -1 0
-1 1 1 -2 -1 0 -1 -1 -1
-1 0 1 -1 -2 -3 -2 -1 0
2 1 1 1 0 -1 -1 -1 -1
-3 0 1 -3 -2 -3 -2 -1 0
1 1 1 0 0 -1 -1 -1 -1
-2 0 1 -2 -2 -3 -2 -1 0
0 1 1 -1 0 -1 -1 -1 -1
-3 0 1 -3 -4 -3 -2 -1 0
1 1 1 0 -1 -1 -1 -1 -1
-5 0 1 -5 -4 -3 -2 -1 0
0 1 1 -1 -1 -1 -1 -1 -1
-4 0 1 -4 -4 -3 -2 -1 0
-1 1 1 -2 -1 -1 -1 -1 -1
-2 0 1 -2 -3 -3 -2 -1 0
0 1 1 -1 -2 -1 -1 -1 -1
-4 0 1 -4 -3 -3 -2 -1 0
-1 1 1 -2 -2 -1 -1 -1 -1
-3 0 1 -3 -3 -3 -2 -1 0
-2 1 1 -3 -2 -1 -1 -1 -1
0 0 1 0 -1 -2 -2 -1 0
1 1 1 0 -1 -2 -1 -1 -1
-2 0 1 -2 -1 -2 -2 -1 0
0 1 1 -1 -1 -2 -1 -1 -1
-1 0 1 -1 -1 -2 -2 -1 0
-1 1 1 -2 -1 -2 -1 -1 -1
-2 0 1 -2 -3 -2 -2 -1 0
0 1 1 -1 -2 -2 -1 -1 -1
-4 0 1 -4 -3 -2 -2 -1 0
-1 1 1 -2 -2 -2 -1 -1 -1
-3 0 1 -3 -3 -2 -2 -1 0
-2 1 1 -3 -2 -2 -1 -1 -1
-1 0 1 -1 -2 -2 -2 -1 0
-1 1 1 -2 -3 -2 -1 -1 -1
-3 0 1 -3 -2 -2 -2 -1 0
-2 1 1 -3 -3 -2 -1 -1 -1
-3 1 1 -4 -3 -2 -1 -1 -1
-2 0 1 -2 -2 -2 -2 -1 0
2 0 1 2 1 0 -1 -1 0
2 1 1 1 0 -1 -2 -1 -1
0 0 1 0 1 0 -1 -1 0
1 1 1 0 0 -1 -2 -1 -1
0 1 1 -1 0 -1 -2 -1 -1
1 0 1 1 1 0 -1 -1 0
0 0 1 0 -1 0 -1 -1 0
1 1 1 0 -1 -1 -2 -1 -1
-2 0 1 -2 -1 0 -1 -1 0
0 1 1 -1 -1 -1 -2 -1 -1
-1 0 1 -1 -1 0 -1 -1 0
-1 1 1 -2 -1 -1 -2 -1 -1
0 1 1 -1 -2 -1 -2 -1 -1
1 0 1 1 0 0 -1 -1 0
-1 0 1 -1 0 0 -1 -1 0
-1 1 1 -2 -2 -1 -2 -1 -1
-2 1 1 -3 -2 -1 -2 -1 -1
0 0 1 0 0 0 -1 -1 0
0 0 1 0 -1 -2 -1 -1 0
1 1 1 0 -1 -2 -2 -1 -1
-2 0 1 -2 -1 -2 -1 -1 0
0 1 1 -1 -1 -2 -2 -1 -1
-1 0 1 -1 -1 -2 -1 -1 0
-1 1 1 -2 -1 -2 -2 -1 -1
-2 0 1 -2 -3 -2 -1 -1 0
0 1 1 -1 -2 -2 -2 -1 -1
-4 0 1 -4 -3 -2 -1 -1 0
-1 1 1 -2 -2 -2 -2 -1 -1
-3 0 1 -3 -3 -2 -1 -1 0
-2 1 1 -3 -2 -2 -2 -1 -1
-1 0 1 -1 -2 -2 -1 -1 0
-1 1 1 -2 -3 -2 -2 -1 -1
-3 0 1 -3 -2 -2 -1 -1 0
-2 1 1 -3 -3 -2 -2 -1 -1
-3 1 1 -4 -3 -2 -2 -1 -1
-2 0 1 -2 -2 -2 -1 -1 0
0 1 1 -1 -2 -3 -2 -1 -1
1 0 1 1 0 -1 -1 -1 0
-1 0 1 -1 0 -1 -1 -1 0
-1 1 1 -2 -2 -3 -2 -1 -1
-2 1 1 -3 -2 -3 -2 -1 -1
0 0 1 0 0 -1 -1 -1 0
-1 0 1 -1 -2 -1 -1 -1 0
-1 1 1 -2 -3 -3 -2 -1 -1
-3 0 1 -3 -2 -1 -1 -1 0
-2 1 1 -3 -3 -3 -2 -1 -1
-3 1 1 -4 -3 -3 -2 -1 -1
-2 0 1 -2 -2 -1 -1 -1 0
-2 1 1 -3 -4 -3 -2 -1 -1
0 0 1 0 -1 -1 -1 -1 0
-3 1 1 -4 -4 -3 -2 -1 -1
-2 0 1 -2 -1 -1 -1 -1 0
-4 1 1 -5 -4 -3 -2 -1 -1
-1 0 1 -1 -1 -1 -1 -1 0
3 1 1 2 1 0 -1 -2 -1
4 0 1 4 3 2 1 0 0
2 0 1 2 3 2 1 0 0
2 1 1 1 1 0 -1 -2 -1
1 1 1 0 1 0 -1 -2 -1
3 0 1 3 3 2 1 0 0
2 0 1 2 1 2 1 0 0
2 1 1 1 0 0 -1 -2 -1
0 0 1 0 1 2 1 0 0
1 1 1 0 0 0 -1 -2 -1
0 1 1 -1 0 0 -1 -2 -1
1 0 1 1 1 2 1 0 0
1 1 1 0 -1 0 -1 -2 -1
3 0 1 3 2 2 1 0 0
0 1 1 -1 -1 0 -1 -2 -1
1 0 1 1 2 2 1 0 0
-1 1 1 -2 -1 0 -1 -2 -1
2 0 1 2 2 2 1 0 0
2 0 1 2 1 0 1 0 0
2 1 1 1 0 -1 -1 -2 -1
0 0 1 0 1 0 1 0 0
1 1 1 0 0 -1 -1 -2 -1
0 1 1 -1 0 -1 -1 -2 -1
1 0 1 1 1 0 1 0 0
0 0 1 0 -1 0 1 0 0
1 1 1 0 -1 -1 -1 -2 -1
-2 0 1 -2 -1 0 1 0 0
0 1 1 -1 -1 -1 -1 -2 -1
-1 0 1 -1 -1 0 1 0 0
-1 1 1 -2 -1 -1 -1 -2 -1
0 1 1 -1 -2 -1 -1 -2 -1
1 0 1 1 0 0 1 0 0
-1 0 1 -1 0 0 1 0 0
-1 1 1 -2 -2 -1 -1 -2 -1
-2 1 1 -3 -2 -1 -1 -2 -1
0 0 1 0 0 0 1 0 0
1 1 1 0 -1 -2 -1 -2 -1
3 0 1 3 2 1 1 0 0
0 1 1 -1 -1 -2 -1 -2 -1
1 0 1 1 2 1 1 0 0
-1 1 1 -2 -1 -2 -1 -2 -1
2 0 1 2 2 1 1 0 0
0 1 1 -1 -2 -2 -1 -2 -1
1 0 1 1 0 1 1 0 0
-1 0 1 -1 0 1 1 0 0
-1 1 1 -2 -2 -2 -1 -2 -1
-2 1 1 -3 -2 -2 -1 -2 -1
0 0 1 0 0 1 1 0 0
-1 1 1 -2 -3 -2 -1 -2 -1
2 0 1 2 1 1 1 0 0
-2 1 1 -3 -3 -2 -1 -2 -1
0 0 1 0 1 1 1 0 0
-3 1 1 -4 -3 -2 -1 -2 -1
1 0 1 1 1 1 1 0 0
2 0 1 2 1 0 -1 0 0
2 1 1 1 0 -1 -2 -2 -1
0 0 1 0 1 0 -1 0 0
1 1 1 0 0 -1 -2 -2 -1
0 1 1 -1 0 -1 -2 -2 -1
1 0 1 1 1 0 -1 0 0
0 0 1 0 -1 0 -1 0 0
1 1 1 0 -1 -1 -2 -2 -1
-2 0 1 -2 -1 0 -1 0 0
0 1 1 -1 -1 -1 -2 -2 -1
-1 0 1 -1 -1 0 -1 0 0
-1 1 1 -2 -1 -1 -2 -2 -1
0 1 1 -1 -2 -1 -2 -2 -1
1 0 1 1 0 0 -1 0 0
-1 0 1 -1 0 0 -1 0 0
-1 1 1 -2 -2 -1 -2 -2 -1
-2 1 1 -3 -2 -1 -2 -2 -1
0 0 1 0 0 0 -1 0 0
0 0 1 0 -1 -2 -1 0 0
1 1 1 0 -1 -2 -2 -2 -1
-2 0 1 -2 -1 -2 -1 0 0
0 1 1 -1 -1 -2 -2 -2 -1
-1 0 1 -1 -1 -2 -1 0 0
-1 1 1 -2 -1 -2 -2 -2 -1
-2 0 1 -2 -3 -2 -1 0 0
0 1 1 -1 -2 -2 -2 -2 -1
-4 0 1 -4 -3 -2 -1 0 0
-1 1 1 -2 -2 -2 -2 -2 -1
-3 0 1 -3 -3 -2 -1 0 0
-2 1 1 -3 -2 -2 -2 -2 -1
-1 0 1 -1 -2 -2 -1 0 0
-1 1 1 -2 -3 -2 -2 -2 -1
-3 0 1 -3 -2 -2 -1 0 0
-2 1 1 -3 -3 -2 -2 -2 -1
-3 1 1 -4 -3 -2 -2 -2 -1
-2 0 1 -2 -2 -2 -1 0 0
0 1 1 -1 -2 -3 -2 -2 -1
1 0 1 1 0 -1 -1 0 0
-1 0 1 -1 0 -1 -1 0 0
-1 1 1 -2 -2 -3 -2 -2 -1
-2 1 1 -3 -2 -3 -2 -2 -1
0 0 1 0 0 -1 -1 0 0
-1 0 1 -1 -2 -1 -1 0 0
-1 1 1 -2 -3 -3 -2 -2 -1
-3 0 1 -3 -2 -1 -1 0 0
-2 1 1 -3 -3 -3 -2 -2 -1
-3 1 1 -4 -3 -3 -2 -2 -1
-2 0 1 -2 -2 -1 -1 0 0
-2 1 1 -3 -4 -3 -2 -2 -1
0 0 1 0 -1 -1 -1 0 0
-3 1 1 -4 -4 -3 -2 -2 -1
-2 0 1 -2 -1 -1 -1 0 0
-4 1 1 -5 -4 -3 -2 -2 -1
-1 0 1 -1 -1 -1 -1 0 0
1 1 1 0 -1 -2 -3 -2 -1
3 0 1 3 2 1 0 0 0
0 1 1 -1 -1 -2 -3 -2 -1
1 0 1 1 2 1 0 0 0
-1 1 1 -2 -1 -2 -3 -2 -1
2 0 1 2 2 1 0 0 0
0 1 1 -1 -2 -2 -3 -2 -1
1 0 1 1 0 1 0 0 0
-1 0 1 -1 0 1 0 0 0
-1 1 1 -2 -2 -2 -3 -2 -1
-2 1 1 -3 -2 -2 -3 -2 -1
0 0 1 0 0 1 0 0 0
-1 1 1 -2 -3 -2 -3 -2 -1
2 0 1 2 1 1 0 0 0
-2 1 1 -3 -3 -2 -3 -2 -1
0 0 1 0 1 1 0 0 0
-3 1 1 -4 -3 -2 -3 -2 -1
1 0 1 1 1 1 0 0 0
0 1 1 -1 -2 -3 -3 -2 -1
1 0 1 1 0 -1 0 0 0
-1 0 1 -1 0 -1 0 0 0
-1 1 1 -2 -2 -3 -3 -2 -1
-2 1 1 -3 -2 -3 -3 -2 -1
0 0 1 0 0 -1 0 0 0
-1 0 1 -1 -2 -1 0 0 0
-1 1 1 -2 -3 -3 -3 -2 -1
-3 0 1 -3 -2 -1 0 0 0
-2 1 1 -3 -3 -3 -3 -2 -1
-3 1 1 -4 -3 -3 -3 -2 -1
-2 0 1 -2 -2 -1 0 0 0
-2 1 1 -3 -4 -3 -3 -2 -1
0 0 1 0 -1 -1 0 0 0
-3 1 1 -4 -4 -3 -3 -2 -1
-2 0 1 -2 -1 -1 0 0 0
-4 1 1 -5 -4 -3 -3 -2 -1
-1 0 1 -1 -1 -1 0 0 0
-1 1 1 -2 -3 -4 -3 -2 -1
2 0 1 2 1 0 0 0 0
-2 1 1 -3 -3 -4 -3 -2 -1
0 0 1 0 1 0 0 0 0
-3 1 1 -4 -3 -4 -3 -2 -1
1 0 1 1 1 0 0 0 0
-2 1 1 -3 -4 -4 -3 -2 -1
0 0 1 0 -1 0 0 0 0
-3 1 1 -4 -4 -4 -3 -2 -1
-2 0 1 -2 -1 0 0 0 0
-4 1 1 -5 -4 -4 -3 -2 -1
-1 0 1 -1 -1 0 0 0 0
-3 1 1 -4 -5 -4 -3 -2 -1
1 0 1 1 0 0 0 0 0
-4 1 1 -5 -5 -4 -3 -2 -1
-1 0 1 -1 0 0 0 0 0
-5 1 1 -6 -5 -4 -3 -2 -1
0 0 1 0 0 0 0 0 0
3 -2 -1 5 5 4 3 2 1
4 0 0 4 5 4 3 2 1
3 0 0 3 4 4 3 2 1
3 -2 -1 5 4 4 3 2 1
4 0 0 4 3 4 3 2 1
1 -2 -1 3 4 4 3 2 1
3 0 0 3 3 4 3 2 1
2 -2 -1 4 4 4 3 2 1
2 0 0 2 3 4 3 2 1
3 0 0 3 4 3 3 2 1
2 0 0 2 3 3 3 2 1
3 0 0 3 2 3 3 2 1
2 0 0 2 2 3 3 2 1
0 -2 -1 2 2 2 3 2 1
1 0 0 1 2 3 3 2 1
3 -2 -1 5 4 3 3 2 1
4 0 0 4 3 2 3 2 1
1 -2 -1 3 4 3 3 2 1
3 0 0 3 3 2 3 2 1
2 -2 -1 4 4 3 3 2 1
2 0 0 2 3 2 3 2 1
1 -2 -1 3 2 3 3 2 1
3 0 0 3 2 2 3 2 1
-1 -2 -1 1 2 3 3 2 1
2 0 0 2 2 2 3 2 1
0 -2 -1 2 2 3 3 2 1
1 0 0 1 2 2 3 2 1
2 -2 -1 4 3 3 3 2 1
2 0 0 2 1 2 3 2 1
0 -2 -1 2 3 3 3 2 1
1 0 0 1 1 2 3 2 1
0 0 0 0 1 2 3 2 1
1 -2 -1 3 3 3 3 2 1
3 0 0 3 4 3 2 2 1
2 0 0 2 3 3 2 2 1
3 0 0 3 2 3 2 2 1
2 0 0 2 2 3 2 2 1
0 -2 -1 2 2 2 1 2 1
1 0 0 1 2 3 2 2 1
2 0 0 2 3 2 2 2 1
1 0 0 1 2 2 2 2 1
2 0 0 2 1 2 2 2 1
1 0 0 1 1 2 2 2 1
0 0 0 0 1 2 2 2 1
3 0 0 3 2 1 2 2 1
2 0 0 2 2 1 2 2 1
0 -2 -1 2 2 1 1 2 1
1 0 0 1 2 1 2 2 1
2 0 0 2 1 1 2 2 1
1 0 0 1 1 1 2 2 1
0 0 0 0 1 1 2 2 1
0 -2 -1 2 1 1 1 2 1
1 0 0 1 0 1 2 2 1
-2 -2 -1 0 1 1 1 2 1
0 0 0 0 0 1 2 2 1
-1 -2 -1 1 1 1 1 2 1
-1 0 0 -1 0 1 2 2 1
3 -2 -1 5 4 3 2 2 1
4 0 0 4 3 2 1 2 1
1 -2 -1 3 4 3 2 2 1
3 0 0 3 3 2 1 2 1
2 -2 -1 4 4 3 2 2 1
2 0 0 2 3 2 1 2 1
1 -2 -1 3 2 3 2 2 1
3 0 0 3 2 2 1 2 1
-1 -2 -1 1 2 3 2 2 1
2 0 0 2 2 2 1 2 1
0 -2 -1 2 2 3 2 2 1
1 0 0 1 2 2 1 2 1
2 -2 -1 4 3 3 2 2 1
2 0 0 2 1 2 1 2 1
0 -2 -1 2 3 3 2 2 1
1 0 0 1 1 2 1 2 1
0 0 0 0 1 2 1 2 1
1 -2 -1 3 3 3 2 2 1
1 -2 -1 3 2 1 2 2 1
3 0 0 3 2 1 1 2 1
-1 -2 -1 1 2 1 2 2 1
2 0 0 2 2 1 1 2 1
0 -2 -1 2 2 1 2 2 1
1 0 0 1 2 1 1 2 1
-1 -2 -1 1 0 1 2 2 1
2 0 0 2 1 1 1 2 1
-3 -2 -1 -1 0 1 2 2 1
1 0 0 1 1 1 1 2 1
-2 -2 -1 0 0 1 2 2 1
0 0 0 0 1 1 1 2 1
0 -2 -1 2 1 1 2 2 1
1 0 0 1 0 1 1 2 1
-2 -2 -1 0 1 1 2 2 1
0 0 0 0 0 1 1 2 1
-1 -2 -1 1 1 1 2 2 1
-1 0 0 -1 0 1 1 2 1
2 -2 -1 4 3 2 2 2 1
2 0 0 2 1 0 1 2 1
0 -2 -1 2 3 2 2 2 1
1 0 0 1 1 0 1 2 1
0 0 0 0 1 0 1 2 1
1 -2 -1 3 3 2 2 2 1
0 -2 -1 2 1 2 2 2 1
1 0 0 1 0 0 1 2 1
-2 -2 -1 0 1 2 2 2 1
0 0 0 0 0 0 1 2 1
-1 -2 -1 1 1 2 2 2 1
-1 0 0 -1 0 0 1 2 1
0 0 0 0 -1 0 1 2 1
1 -2 -1 3 2 2 2 2 1
-1 -2 -1 1 2 2 2 2 1
-1 0 0 -1 -1 0 1 2 1
-2 0 0 -2 -1 0 1 2 1
0 -2 -1 2 2 2 2 2 1
3 0 0 3 4 3 2 1 1
2 0 0 2 3 3 2 1 1
3 0 0 3 2 3 2 1 1
2 0 0 2 2 3 2 1 1
0 -2 -1 2 2 2 1 0 1
1 0 0 1 2 3 2 1 1
2 0 0 2 3 2 2 1 1
1 0 0 1 2 2 2 1 1
2 0 0 2 1 2 2 1 1
1 0 0 1 1 2 2 1 1
0 0 0 0 1 2 2 1 1
3 0 0 3 2 1 2 1 1
2 0 0 2 2 1 2 1 1
0 -2 -1 2 2 1 1 0 1
1 0 0 1 2 1 2 1 1
2 0 0 2 1 1 2 1 1
1 0 0 1 1 1 2 1 1
0 0 0 0 1 1 2 1 1
0 -2 -1 2 1 1 1 0 1
1 0 0 1 0 1 2 1 1
-2 -2 -1 0 1 1 1 0 1
0 0 0 0 0 1 2 1 1
-1 -2 -1 1 1 1 1 0 1
-1 0 0 -1 0 1 2 1 1
2 0 0 2 3 2 1 1 1
1 0 0 1 2 2 1 1 1
2 0 0 2 1 2 1 1 1
1 0 0 1 1 2 1 1 1
0 0 0 0 1 2 1 1 1
1 0 0 1 2 1 1 1 1
0 0 0 0 1 1 1 1 1
1 0 0 1 0 1 1 1 1
0 0 0 0 0 1 1 1 1
-1 0 0 -1 0 1 1 1 1
2 0 0 2 1 0 1 1 1
1 0 0 1 1 0 1 1 1
0 0 0 0 1 0 1 1 1
1 0 0 1 0 0 1 1 1
0 0 0 0 0 0 1 1 1
-1 0 0 -1 0 0 1 1 1
0 0 0 0 -1 0 1 1 1
-1 0 0 -1 -1 0 1 1 1
-3 -2 -1 -1 -1 -1 -1 0 1
-2 0 0 -2 -1 0 1 1 1
3 0 0 3 2 1 0 1 1
2 0 0 2 2 1 0 1 1
0 -2 -1 2 2 1 0 0 1
1 0 0 1 2 1 0 1 1
2 0 0 2 1 1 0 1 1
1 0 0 1 1 1 0 1 1
0 0 0 0 1 1 0 1 1
0 -2 -1 2 1 1 0 0 1
1 0 0 1 0 1 0 1 1
-2 -2 -1 0 1 1 0 0 1
0 0 0 0 0 1 0 1 1
-1 -2 -1 1 1 1 0 0 1
-1 0 0 -1 0 1 0 1 1
2 0 0 2 1 0 0 1 1
1 0 0 1 1 0 0 1 1
0 0 0 0 1 0 0 1 1
1 0 0 1 0 0 0 1 1
0 0 0 0 0 0 0 1 1
-1 0 0 -1 0 0 0 1 1
0 0 0 0 -1 0 0 1 1
-1 0 0 -1 -1 0 0 1 1
-3 -2 -1 -1 -1 -1 0 0 1
-2 0 0 -2 -1 0 0 1 1
0 -2 -1 2 1 0 0 0 1
1 0 0 1 0 -1 0 1 1
-2 -2 -1 0 1 0 0 0 1
0 0 0 0 0 -1 0 1 1
-1 -2 -1 1 1 0 0 0 1
-1 0 0 -1 0 -1 0 1 1
-2 -2 -1 0 -1 0 0 0 1
0 0 0 0 -1 -1 0 1 1
-4 -2 -1 -2 -1 0 0 0 1
-1 0 0 -1 -1 -1 0 1 1
-3 -2 -1 -1 -1 0 0 0 1
-2 0 0 -2 -1 -1 0 1 1
-1 -2 -1 1 0 0 0 0 1
-1 0 0 -1 -2 -1 0 1 1
-3 -2 -1 -1 0 0 0 0 1
-2 0 0 -2 -2 -1 0 1 1
-3 0 0 -3 -2 -1 0 1 1
-2 -2 -1 0 0 0 0 0 1
3 -2 -1 5 4 3 2 1 1
4 0 0 4 3 2 1 0 1
1 -2 -1 3 4 3 2 1 1
3 0 0 3 3 2 1 0 1
2 -2 -1 4 4 3 2 1 1
2 0 0 2 3 2 1 0 1
1 -2 -1 3 2 3 2 1 1
3 0 0 3 2 2 1 0 1
-1 -2 -1 1 2 3 2 1 1
2 0 0 2 2 2 1 0 1
0 -2 -1 2 2 3 2 1 1
1 0 0 1 2 2 1 0 1
2 -2 -1 4 3 3 2 1 1
2 0 0 2 1 2 1 0 1
0 -2 -1 2 3 3 2 1 1
1 0 0 1 1 2 1 0 1
0 0 0 0 1 2 1 0 1
1 -2 -1 3 3 3 2 1 1
1 -2 -1 3 2 1 2 1 1
3 0 0 3 2 1 1 0 1
-1 -2 -1 1 2 1 2 1 1
2 0 0 2 2 1 1 0 1
0 -2 -1 2 2 1 2 1 1
1 0 0 1 2 1 1 0 1
-1 -2 -1 1 0 1 2 1 1
2 0 0 2 1 1 1 0 1
-3 -2 -1 -1 0 1 2 1 1
1 0 0 1 1 1 1 0 1
-2 -2 -1 0 0 1 2 1 1
0 0 0 0 1 1 1 0 1
0 -2 -1 2 1 1 2 1 1
1 0 0 1 0 1 1 0 1
-2 -2 -1 0 1 1 2 1 1
0 0 0 0 0 1 1 0 1
-1 -2 -1 1 1 1 2 1 1
-1 0 0 -1 0 1 1 0 1
2 -2 -1 4 3 2 2 1 1
2 0 0 2 1 0 1 0 1
0 -2 -1 2 3 2 2 1 1
1 0 0 1 1 0 1 0 1
0 0 0 0 1 0 1 0 1
1 -2 -1 3 3 2 2 1 1
0 -2 -1 2 1 2 2 1 1
1 0 0 1 0 0 1 0 1
-2 -2 -1 0 1 2 2 1 1
0 0 0 0 0 0 1 0 1
-1 -2 -1 1 1 2 2 1 1
-1 0 0 -1 0 0 1 0 1
0 0 0 0 -1 0 1 0 1
1 -2 -1 3 2 2 2 1 1
-1 -2 -1 1 2 2 2 1 1
-1 0 0 -1 -1 0 1 0 1
-2 0 0 -2 -1 0 1 0 1
0 -2 -1 2 2 2 2 1 1
1 -2 -1 3 2 1 0 1 1
3 0 0 3 2 1 0 0 1
-1 -2 -1 1 2 1 0 1 1
2 0 0 2 2 1 0 0 1
0 -2 -1 2 2 1 0 1 1
1 0 0 1 2 1 0 0 1
-1 -2 -1 1 0 1 0 1 1
2 0 0 2 1 1 0 0 1
-3 -2 -1 -1 0 1 0 1 1
1 0 0 1 1 1 0 0 1
-2 -2 -1 0 0 1 0 1 1
0 0 0 0 1 1 0 0 1
0 -2 -1 2 1 1 0 1 1
1 0 0 1 0 1 0 0 1
-2 -2 -1 0 1 1 0 1 1
0 0 0 0 0 1 0 0 1
-1 -2 -1 1 1 1 0 1 1
-1 0 0 -1 0 1 0 0 1
-1 -2 -1 1 0 -1 0 1 1
2 0 0 2 1 0 0 0 1
-3 -2 -1 -1 0 -1 0 1 1
1 0 0 1 1 0 0 0 1
-2 -2 -1 0 0 -1 0 1 1
0 0 0 0 1 0 0 0 1
-3 -2 -1 -1 -2 -1 0 1 1
1 0 0 1 0 0 0 0 1
-5 -2 -1 -3 -2 -1 0 1 1
0 0 0 0 0 0 0 0 1
-4 -2 -1 -2 -2 -1 0 1 1
-1 0 0 -1 0 0 0 0 1
-2 -2 -1 0 -1 -1 0 1 1
0 0 0 0 -1 0 0 0 1
-4 -2 -1 -2 -1 -1 0 1 1
-1 0 0 -1 -1 0 0 0 1
-3 -2 -1 -1 -1 -1 0 1 1
-2 0 0 -2 -1 0 0 0 1
0 -2 -1 2 1 0 0 1 1
1 0 0 1 0 -1 0 0 1
-2 -2 -1 0 1 0 0 1 1
0 0 0 0 0 -1 0 0 1
-1 -2 -1 1 1 0 0 1 1
-1 0 0 -1 0 -1 0 0 1
-2 -2 -1 0 -1 0 0 1 1
0 0 0 0 -1 -1 0 0 1
-4 -2 -1 -2 -1 0 0 1 1
-1 0 0 -1 -1 -1 0 0 1
-3 -2 -1 -1 -1 0 0 1 1
-2 0 0 -2 -1 -1 0 0 1
-1 -2 -1 1 0 0 0 1 1
-1 0 0 -1 -2 -1 0 0 1
-3 -2 -1 -1 0 0 0 1 1
-2 0 0 -2 -2 -1 0 0 1
-3 0 0 -3 -2 -1 0 0 1
-2 -2 -1 0 0 0 0 1 1
2 -2 -1 4 3 2 1 1 1
2 0 0 2 1 0 -1 0 1
0 -2 -1 2 3 2 1 1 1
1 0 0 1 1 0 -1 0 1
0 0 0 0 1 0 -1 0 1
1 -2 -1 3 3 2 1 1 1
0 -2 -1 2 1 2 1 1 1
1 0 0 1 0 0 -1 0 1
-2 -2 -1 0 1 2 1 1 1
0 0 0 0 0 0 -1 0 1
-1 -2 -1 1 1 2 1 1 1
-1 0 0 -1 0 0 -1 0 1
0 0 0 0 -1 0 -1 0 1
1 -2 -1 3 2 2 1 1 1
-1 -2 -1 1 2 2 1 1 1
-1 0 0 -1 -1 0 -1 0 1
-2 0 0 -2 -1 0 -1 0 1
0 -2 -1 2 2 2 1 1 1
0 -2 -1 2 1 0 1 1 1
1 0 0 1 0 -1 -1 0 1
-2 -2 -1 0 1 0 1 1 1
0 0 0 0 0 -1 -1 0 1
-1 -2 -1 1 1 0 1 1 1
-1 0 0 -1 0 -1 -1 0 1
-2 -2 -1 0 -1 0 1 1 1
0 0 0 0 -1 -1 -1 0 1
-4 -2 -1 -2 -1 0 1 1 1
-1 0 0 -1 -1 -1 -1 0 1
-3 -2 -1 -1 -1 0 1 1 1
-2 0 0 -2 -1 -1 -1 0 1
-1 -2 -1 1 0 0 1 1 1
-1 0 0 -1 -2 -1 -1 0 1
-3 -2 -1 -1 0 0 1 1 1
-2 0 0 -2 -2 -1 -1 0 1
-3 0 0 -3 -2 -1 -1 0 1
-2 -2 -1 0 0 0 1 1 1
0 0 0 0 -1 -2 -1 0 1
1 -2 -1 3 2 1 1 1 1
-1 -2 -1 1 2 1 1 1 1
-1 0 0 -1 -1 -2 -1 0 1
-2 0 0 -2 -1 -2 -1 0 1
0 -2 -1 2 2 1 1 1 1
-1 -2 -1 1 0 1 1 1 1
-1 0 0 -1 -2 -2 -1 0 1
-3 -2 -1 -1 0 1 1 1 1
-2 0 0 -2 -2 -2 -1 0 1
-3 0 0 -3 -2 -2 -1 0 1
-2 -2 -1 0 0 1 1 1 1
-2 0 0 -2 -3 -2 -1 0 1
0 -2 -1 2 1 1 1 1 1
-3 0 0 -3 -3 -2 -1 0 1
-2 -2 -1 0 1 1 1 1 1
-4 0 0 -4 -3 -2 -1 0 1
-1 -2 -1 1 1 1 1 1 1
3 0 0 3 4 3 2 1 0
2 0 0 2 3 3 2 1 0
3 0 0 3 2 3 2 1 0
2 0 0 2 2 3 2 1 0
0 -2 -1 2 2 2 1 0 -1
1 0 0 1 2 3 2 1 0
2 0 0 2 3 2 2 1 0
1 0 0 1 2 2 2 1 0
2 0 0 2 1 2 2 1 0
1 0 0 1 1 2 2 1 0
0 0 0 0 1 2 2 1 0
3 0 0 3 2 1 2 1 0
2 0 0 2 2 1 2 1 0
0 -2 -1 2 2 1 1 0 -1
1 0 0 1 2 1 2 1 0
2 0 0 2 1 1 2 1 0
1 0 0 1 1 1 2 1 0
0 0 0 0 1 1 2 1 0
0 -2 -1 2 1 1 1 0 -1
1 0 0 1 0 1 2 1 0
-2 -2 -1 0 1 1 1 0 -1
0 0 0 0 0 1 2 1 0
-1 -2 -1 1 1 1 1 0 -1
-1 0 0 -1 0 1 2 1 0
2 0 0 2 3 2 1 1 0
1 0 0 1 2 2 1 1 0
2 0 0 2 1 2 1 1 0
1 0 0 1 1 2 1 1 0
0 0 0 0 1 2 1 1 0
1 0 0 1 2 1 1 1 0
0 0 0 0 1 1 1 1 0
1 0 0 1 0 1 1 1 0
0 0 0 0 0 1 1 1 0
-1 0 0 -1 0 1 1 1 0
2 0 0 2 1 0 1 1 0
1 0 0 1 1 0 1 1 0
0 0 0 0 1 0 1 1 0
1 0 0 1 0 0 1 1 0
0 0 0 0 0 0 1 1 0
-1 0 0 -1 0 0 1 1 0
0 0 0 0 -1 0 1 1 0
-1 0 0 -1 -1 0 1 1 0
-2 0 0 -2 -1 0 1 1 0
3 0 0 3 2 1 0 1 0
2 0 0 2 2 1 0 1 0
0 -2 -1 2 2 1 0 0 -1
1 0 0 1 2 1 0 1 0
2 0 0 2 1 1 0 1 0
1 0 0 1 1 1 0 1 0
0 0 0 0 1 1 0 1 0
0 -2 -1 2 1 1 0 0 -1
1 0 0 1 0 1 0 1 0
-2 -2 -1 0 1 1 0 0 -1
0 0 0 0 0 1 0 1 0
-1 -2 -1 1 1 1 0 0 -1
-1 0 0 -1 0 1 0 1 0
2 0 0 2 1 0 0 1 0
1 0 0 1 1 0 0 1 0
0 0 0 0 1 0 0 1 0
1 0 0 1 0 0 0 1 0
0 0 0 0 0 0 0 1 0
-1 0 0 -1 0 0 0 1 0
0 0 0 0 -1 0 0 1 0
-1 0 0 -1 -1 0 0 1 0
-2 0 0 -2 -1 0 0 1 0
0 -2 -1 2 1 0 0 0 -1
1 0 0 1 0 -1 0 1 0
-2 -2 -1 0 1 0 0 0 -1
0 0 0 0 0 -1 0 1 0
-1 -2 -1 1 1 0 0 0 -1
-1 0 0 -1 0 -1 0 1 0
0 0 0 0 -1 -1 0 1 0
-1 0 0 -1 -1 -1 0 1 0
-2 0 0 -2 -1 -1 0 1 0
-1 -2 -1 1 0 0 0 0 -1
-1 0 0 -1 -2 -1 0 1 0
-2 0 0 -2 -2 -1 0 1 0
-3 0 0 -3 -2 -1 0 1 0
2 0 0 2 3 2 1 0 0
1 0 0 1 2 2 1 0 0
2 0 0 2 1 2 1 0 0
1 0 0 1 1 2 1 0 0
0 0 0 0 1 2 1 0 0
1 0 0 1 2 1 1 0 0
0 0 0 0 1 1 1 0 0
1 0 0 1 0 1 1 0 0
0 0 0 0 0 1 1 0 0
-1 0 0 -1 0 1 1 0 0
2 0 0 2 1 0 1 0 0
1 0 0 1 1 0 1 0 0
0 0 0 0 1 0 1 0 0
1 0 0 1 0 0 1 0 0
0 0 0 0 0 0 1 0 0
-1 0 0 -1 0 0 1 0 0
0 0 0 0 -1 0 1 0 0
-1 0 0 -1 -1 0 1 0 0
-2 0 0 -2 -1 0 1 0 0
1 0 0 1 2 1 0 0 0
0 0 0 0 1 1 0 0 0
1 0 0 1 0 1 0 0 0
0 0 0 0 0 1 0 0 0
-1 0 0 -1 0 1 0 0 0
0 0 0 0 1 0 0 0 0
1 0 0 1 0 -1 0 0 0
2 0 0 2 1 0 -1 0 0
1 0 0 1 1 0 -1 0 0
0 0 0 0 1 0 -1 0 0
1 0 0 1 0 0 -1 0 0
1 0 0 1 0 -1 -1 0 0
3 0 0 3 2 1 0 -1 0
2 0 0 2 2 1 0 -1 0
0 -2 -1 2 2 1 0 -1 -1
1 0 0 1 2 1 0 -1 0
2 0 0 2 1 1 0 -1 0
1 0 0 1 1 1 0 -1 0
0 0 0 0 1 1 0 -1 0
0 -2 -1 2 1 1 0 -1 -1
1 0 0 1 0 1 0 -1 0
-2 -2 -1 0 1 1 0 -1 -1
0 0 0 0 0 1 0 -1 0
-1 -2 -1 1 1 1 0 -1 -1
-1 0 0 -1 0 1 0 -1 0
2 0 0 2 1 0 0 -1 0
1 0 0 1 1 0 0 -1 0
0 0 0 0 1 0 0 -1 0
1 0 0 1 0 0 0 -1 0
0 -2 -1 2 1 0 0 -1 -1
1 0 0 1 0 -1 0 -1 0
-2 -2 -1 0 1 0 0 -1 -1
-1 -2 -1 1 1 0 0 -1 -1
-1 -2 -1 1 0 0 0 -1 -1
2 0 0 2 1 0 -1 -1 0
1 0 0 1 1 0 -1 -1 0
0 0 0 0 1 0 -1 -1 0
1 0 0 1 0 0 -1 -1 0
1 0 0 1 0 -1 -1 -1 0
0 -2 -1 2 1 0 -1 -1 -1
1 0 0 1 0 -1 -2 -1 0
-2 -2 -1 0 1 0 -1 -1 -1
-1 -2 -1 1 1 0 -1 -1 -1
-1 -2 -1 1 0 0 -1 -1 -1
-1 -2 -1 1 0 -1 -1 -1 -1
3 -2 -1 5 4 3 2 1 0
4 0 0 4 3 2 1 0 -1
1 -2 -1 3 4 3 2 1 0
3 0 0 3 3 2 1 0 -1
2 -2 -1 4 4 3 2 1 0
2 0 0 2 3 2 1 0 -1
1 -2 -1 3 2 3 2 1 0
3 0 0 3 2 2 1 0 -1
-1 -2 -1 1 2 3 2 1 0
2 0 0 2 2 2 1 0 -1
0 -2 -1 2 2 3 2 1 0
1 0 0 1 2 2 1 0 -1
2 -2 -1 4 3 3 2 1 0
2 0 0 2 1 2 1 0 -1
0 -2 -1 2 3 3 2 1 0
1 0 0 1 1 2 1 0 -1
0 0 0 0 1 2 1 0 -1
1 -2 -1 3 3 3 2 1 0
1 -2 -1 3 2 1 2 1 0
3 0 0 3 2 1 1 0 -1
-1 -2 -1 1 2 1 2 1 0
2 0 0 2 2 1 1 0 -1
0 -2 -1 2 2 1 2 1 0
1 0 0 1 2 1 1 0 -1
-1 -2 -1 1 0 1 2 1 0
2 0 0 2 1 1 1 0 -1
-3 -2 -1 -1 0 1 2 1 0
1 0 0 1 1 1 1 0 -1
-2 -2 -1 0 0 1 2 1 0
0 0 0 0 1 1 1 0 -1
0 -2 -1 2 1 1 2 1 0
1 0 0 1 0 1 1 0 -1
-2 -2 -1 0 1 1 2 1 0
0 0 0 0 0 1 1 0 -1
-1 -2 -1 1 1 1 2 1 0
-1 0 0 -1 0 1 1 0 -1
2 -2 -1 4 3 2 2 1 0
2 0 0 2 1 0 1 0 -1
0 -2 -1 2 3 2 2 1 0
1 0 0 1 1 0 1 0 -1
0 0 0 0 1 0 1 0 -1
1 -2 -1 3 3 2 2 1 0
0 -2 -1 2 1 2 2 1 0
1 0 0 1 0 0 1 0 -1
-2 -2 -1 0 1 2 2 1 0
0 0 0 0 0 0 1 0 -1
-1 -2 -1 1 1 2 2 1 0
-1 0 0 -1 0 0 1 0 -1
0 0 0 0 -1 0 1 0 -1
1 -2 -1 3 2 2 2 1 0
-1 -2 -1 1 2 2 2 1 0
-1 0 0 -1 -1 0 1 0 -1
-2 0 0 -2 -1 0 1 0 -1
0 -2 -1 2 2 2 2 1 0
1 -2 -1 3 2 1 0 1 0
3 0 0 3 2 1 0 0 -1
-1 -2 -1 1 2 1 0 1 0
2 0 0 2 2 1 0 0 -1
0 -2 -1 2 2 1 0 1 0
1 0 0 1 2 1 0 0 -1
-1 -2 -1 1 0 1 0 1 0
2 0 0 2 1 1 0 0 -1
-3 -2 -1 -1 0 1 0 1 0
1 0 0 1 1 1 0 0 -1
-2 -2 -1 0 0 1 0 1 0
0 0 0 0 1 1 0 0 -1
0 -2 -1 2 1 1 0 1 0
1 0 0 1 0 1 0 0 -1
-2 -2 -1 0 1 1 0 1 0
0 0 0 0 0 1 0 0 -1
-1 -2 -1 1 1 1 0 1 0
-1 0 0 -1 0 1 0 0 -1
-1 -2 -1 1 0 -1 0 1 0
2 0 0 2 1 0 0 0 -1
-3 -2 -1 -1 0 -1 0 1 0
1 0 0 1 1 0 0 0 -1
-2 -2 -1 0 0 -1 0 1 0
0 0 0 0 1 0 0 0 -1
-3 -2 -1 -1 -2 -1 0 1 0
1 0 0 1 0 0 0 0 -1
-5 -2 -1 -3 -2 -1 0 1 0
-4 -2 -1 -2 -2 -1 0 1 0
-2 -2 -1 0 -1 -1 0 1 0
-4 -2 -1 -2 -1 -1 0 1 0
-3 -2 -1 -1 -1 -1 0 1 0
0 -2 -1 2 1 0 0 1 0
1 0 0 1 0 -1 0 0 -1
-2 -2 -1 0 1 0 0 1 0
-1 -2 -1 1 1 0 0 1 0
-2 -2 -1 0 -1 0 0 1 0
-4 -2 -1 -2 -1 0 0 1 0
-3 -2 -1 -1 -1 0 0 1 0
-1 -2 -1 1 0 0 0 1 0
-3 -2 -1 -1 0 0 0 1 0
-2 -2 -1 0 0 0 0 1 0
2 -2 -1 4 3 2 1 1 0
2 0 0 2 1 0 -1 0 -1
0 -2 -1 2 3 2 1 1 0
1 0 0 1 1 0 -1 0 -1
0 0 0 0 1 0 -1 0 -1
1 -2 -1 3 3 2 1 1 0
0 -2 -1 2 1 2 1 1 0
1 0 0 1 0 0 -1 0 -1
-2 -2 -1 0 1 2 1 1 0
-1 -2 -1 1 1 2 1 1 0
1 -2 -1 3 2 2 1 1 0
-1 -2 -1 1 2 2 1 1 0
0 -2 -1 2 2 2 1 1 0
0 -2 -1 2 1 0 1 1 0
1 0 0 1 0 -1 -1 0 -1
-2 -2 -1 0 1 0 1 1 0
-1 -2 -1 1 1 0 1 1 0
-2 -2 -1 0 -1 0 1 1 0
-4 -2 -1 -2 -1 0 1 1 0
-3 -2 -1 -1 -1 0 1 1 0
-1 -2 -1 1 0 0 1 1 0
-3 -2 -1 -1 0 0 1 1 0
-2 -2 -1 0 0 0 1 1 0
1 -2 -1 3 2 1 1 1 0
-1 -2 -1 1 2 1 1 1 0
0 -2 -1 2 2 1 1 1 0
-1 -2 -1 1 0 1 1 1 0
-3 -2 -1 -1 0 1 1 1 0
-2 -2 -1 0 0 1 1 1 0
0 -2 -1 2 1 1 1 1 0
-2 -2 -1 0 1 1 1 1 0
-1 -2 -1 1 1 1 1 1 0
1 -2 -1 3 2 1 0 -1 0
3 0 0 3 2 1 0 -1 -1
-1 -2 -1 1 2 1 0 -1 0
2 0 0 2 2 1 0 -1 -1
0 -2 -1 2 2 1 0 -1 0
1 0 0 1 2 1 0 -1 -1
-1 -2 -1 1 0 1 0 -1 0
2 0 0 2 1 1 0 -1 -1
-3 -2 -1 -1 0 1 0 -1 0
1 0 0 1 1 1 0 -1 -1
-2 -2 -1 0 0 1 0 -1 0
0 0 0 0 1 1 0 -1 -1
0 -2 -1 2 1 1 0 -1 0
1 0 0 1 0 1 0 -1 -1
-2 -2 -1 0 1 1 0 -1 0
0 0 0 0 0 1 0 -1 -1
-1 -2 -1 1 1 1 0 -1 0
-1 0 0 -1 0 1 0 -1 -1
-1 -2 -1 1 0 -1 0 -1 0
2 0 0 2 1 0 0 -1 -1
1 0 0 1 1 0 0 -1 -1
0 0 0 0 1 0 0 -1 -1
1 0 0 1 0 0 0 -1 -1
0 -2 -1 2 1 0 0 -1 0
1 0 0 1 0 -1 0 -1 -1
-2 -2 -1 0 1 0 0 -1 0
-1 -2 -1 1 1 0 0 -1 0
-1 -2 -1 1 0 0 0 -1 0
-1 -2 -1 1 0 -1 -2 -1 0
2 0 0 2 1 0 -1 -1 -1
1 0 0 1 1 0 -1 -1 -1
0 0 0 0 1 0 -1 -1 -1
1 0 0 1 0 0 -1 -1 -1
1 0 0 1 0 -1 -1 -1 -1
0 -2 -1 2 1 0 -1 -1 0
1 0 0 1 0 -1 -2 -1 -1
-2 -2 -1 0 1 0 -1 -1 0
-1 -2 -1 1 1 0 -1 -1 0
-1 -2 -1 1 0 0 -1 -1 0
-1 -2 -1 1 0 -1 -1 -1 0
2 -2 -1 4 3 2 1 0 0
2 0 0 2 1 0 -1 -2 -1
0 -2 -1 2 3 2 1 0 0
1 0 0 1 1 0 -1 -2 -1
0 0 0 0 1 0 -1 -2 -1
1 -2 -1 3 3 2 1 0 0
0 -2 -1 2 1 2 1 0 0
1 0 0 1 0 0 -1 -2 -1
-2 -2 -1 0 1 2 1 0 0
-1 -2 -1 1 1 2 1 0 0
1 -2 -1 3 2 2 1 0 0
-1 -2 -1 1 2 2 1 0 0
0 -2 -1 2 2 2 1 0 0
0 -2 -1 2 1 0 1 0 0
1 0 0 1 0 -1 -1 -2 -1
-2 -2 -1 0 1 0 1 0 0
-1 -2 -1 1 1 0 1 0 0
-2 -2 -1 0 -1 0 1 0 0
-4 -2 -1 -2 -1 0 1 0 0
-3 -2 -1 -1 -1 0 1 0 0
-1 -2 -1 1 0 0 1 0 0
-3 -2 -1 -1 0 0 1 0 0
-2 -2 -1 0 0 0 1 0 0
1 -2 -1 3 2 1 1 0 0
-1 -2 -1 1 2 1 1 0 0
0 -2 -1 2 2 1 1 0 0
-1 -2 -1 1 0 1 1 0 0
-3 -2 -1 -1 0 1 1 0 0
-2 -2 -1 0 0 1 1 0 0
0 -2 -1 2 1 1 1 0 0
-2 -2 -1 0 1 1 1 0 0
-1 -2 -1 1 1 1 1 0 0
0 -2 -1 2 1 0 -1 0 0
1 0 0 1 0 -1 -2 -2 -1
-2 -2 -1 0 1 0 -1 0 0
-1 -2 -1 1 1 0 -1 0 0
-1 -2 -1 1 0 0 -1 0 0
-1 -2 -1 1 0 -1 -1 0 0
1 -2 -1 3 2 1 0 0 0
-1 -2 -1 1 2 1 0 0 0
0 -2 -1 2 2 1 0 0 0
-1 -2 -1 1 0 1 0 0 0
-3 -2 -1 -1 0 1 0 0 0
-2 -2 -1 0 0 1 0 0 0
0 -2 -1 2 1 1 0 0 0
-2 -2 -1 0 1 1 0 0 0
-1 -2 -1 1 1 1 0 0 0
-1 -2 -1 1 0 -1 0 0 0
0 -2 -1 2 1 0 0 0 0
-2 -2 -1 0 1 0 0 0 0
-1 -2 -1 1 1 0 0 0 0
-1 -2 -1 1 0 0 0 0 0
5 -1 0 6 5 4 3 2 1
3 -1 0 4 5 4 3 2 1
4 -1 -1 5 5 4 3 2 1
4 -1 0 5 5 4 3 2 1
3 -1 0 4 3 4 3 2 1
4 -1 -1 5 4 4 3 2 1
1 -1 0 2 3 4 3 2 1
3 -1 -1 4 4 4 3 2 1
2 -1 -1 3 4 4 3 2 1
2 -1 0 3 3 4 3 2 1
4 -1 0 5 4 4 3 2 1
2 -1 0 3 4 4 3 2 1
3 -1 0 4 4 4 3 2 1
3 -1 0 4 3 2 3 2 1
4 -1 -1 5 4 3 3 2 1
1 -1 0 2 3 2 3 2 1
3 -1 -1 4 4 3 3 2 1
2 -1 -1 3 4 3 3 2 1
2 -1 0 3 3 2 3 2 1
1 -1 0 2 1 2 3 2 1
3 -1 -1 4 3 3 3 2 1
-1 -1 0 0 1 2 3 2 1
2 -1 -1 3 3 3 3 2 1
0 -1 0 1 1 2 3 2 1
1 -1 -1 2 3 3 3 2 1
2 -1 -1 3 2 3 3 2 1
2 -1 0 3 2 2 3 2 1
0 -1 0 1 2 2 3 2 1
1 -1 -1 2 2 3 3 2 1
0 -1 -1 1 2 3 3 2 1
1 -1 0 2 2 2 3 2 1
4 -1 0 5 4 3 3 2 1
2 -1 0 3 4 3 3 2 1
3 -1 0 4 4 3 3 2 1
2 -1 0 3 2 3 3 2 1
0 -1 0 1 2 3 3 2 1
1 -1 -1 2 2 2 3 2 1
1 -1 0 2 2 3 3 2 1
3 -1 0 4 3 3 3 2 1
1 -1 0 2 3 3 3 2 1
2 -1 0 3 3 3 3 2 1
3 -1 0 4 3 2 1 2 1
4 -1 -1 5 4 3 2 2 1
1 -1 0 2 3 2 1 2 1
3 -1 -1 4 4 3 2 2 1
2 -1 -1 3 4 3 2 2 1
2 -1 0 3 3 2 1 2 1
1 -1 0 2 1 2 1 2 1
3 -1 -1 4 3 3 2 2 1
-1 -1 0 0 1 2 1 2 1
2 -1 -1 3 3 3 2 2 1
0 -1 0 1 1 2 1 2 1
1 -1 -1 2 3 3 2 2 1
2 -1 -1 3 2 3 2 2 1
2 -1 0 3 2 2 1 2 1
0 -1 0 1 2 2 1 2 1
1 -1 -1 2 2 3 2 2 1
0 -1 -1 1 2 3 2 2 1
1 -1 0 2 2 2 1 2 1
1 -1 0 2 1 0 1 2 1
3 -1 -1 4 3 2 2 2 1
-1 -1 0 0 1 0 1 2 1
2 -1 -1 3 3 2 2 2 1
0 -1 0 1 1 0 1 2 1
1 -1 -1 2 3 2 2 2 1
-1 -1 0 0 -1 0 1 2 1
2 -1 -1 3 2 2 2 2 1
-3 -1 0 -2 -1 0 1 2 1
1 -1 -1 2 2 2 2 2 1
-2 -1 0 -1 -1 0 1 2 1
0 -1 -1 1 2 2 2 2 1
0 -1 0 1 0 0 1 2 1
1 -1 -1 2 1 2 2 2 1
-2 -1 0 -1 0 0 1 2 1
0 -1 -1 1 1 2 2 2 1
-1 -1 -1 0 1 2 2 2 1
-1 -1 0 0 0 0 1 2 1
2 -1 -1 3 2 1 2 2 1
2 -1 0 3 2 1 1 2 1
0 -1 0 1 2 1 1 2 1
1 -1 -1 2 2 1 2 2 1
0 -1 -1 1 2 1 2 2 1
1 -1 0 2 2 1 1 2 1
0 -1 0 1 0 1 1 2 1
1 -1 -1 2 1 1 2 2 1
-2 -1 0 -1 0 1 1 2 1
0 -1 -1 1 1 1 2 2 1
-1 -1 -1 0 1 1 2 2 1
-1 -1 0 0 0 1 1 2 1
0 -1 -1 1 0 1 2 2 1
1 -1 0 2 1 1 1 2 1
-1 -1 -1 0 0 1 2 2 1
-1 -1 0 0 1 1 1 2 1
-2 -1 -1 -1 0 1 2 2 1
0 -1 0 1 1 1 1 2 1
4 -1 0 5 4 3 2 2 1
2 -1 0 3 4 3 2 2 1
3 -1 0 4 4 3 2 2 1
2 -1 0 3 2 3 2 2 1
0 -1 0 1 2 3 2 2 1
1 -1 -1 2 2 2 1 2 1
1 -1 0 2 2 3 2 2 1
3 -1 0 4 3 3 2 2 1
1 -1 0 2 3 3 2 2 1
2 -1 0 3 3 3 2 2 1
2 -1 0 3 2 1 2 2 1
0 -1 0 1 2 1 2 2 1
1 -1 -1 2 2 1 1 2 1
1 -1 0 2 2 1 2 2 1
0 -1 0 1 0 1 2 2 1
1 -1 -1 2 1 1 1 2 1
-2 -1 0 -1 0 1 2 2 1
0 -1 -1 1 1 1 1 2 1
-1 -1 -1 0 1 1 1 2 1
-1 -1 0 0 0 1 2 2 1
1 -1 0 2 1 1 2 2 1
-1 -1 0 0 1 1 2 2 1
0 -1 0 1 1 1 2 2 1
3 -1 0 4 3 2 2 2 1
1 -1 0 2 3 2 2 2 1
2 -1 0 3 3 2 2 2 1
1 -1 0 2 1 2 2 2 1
-1 -1 0 0 1 2 2 2 1
0 -1 0 1 1 2 2 2 1
2 -1 0 3 2 2 2 2 1
0 -1 0 1 2 2 2 2 1
1 -1 0 2 2 2 2 2 1
3 -1 0 4 3 2 1 0 1
4 -1 -1 5 4 3 2 1 1
1 -1 0 2 3 2 1 0 1
3 -1 -1 4 4 3 2 1 1
2 -1 -1 3 4 3 2 1 1
2 -1 0 3 3 2 1 0 1
1 -1 0 2 1 2 1 0 1
3 -1 -1 4 3 3 2 1 1
-1 -1 0 0 1 2 1 0 1
2 -1 -1 3 3 3 2 1 1
0 -1 0 1 1 2 1 0 1
1 -1 -1 2 3 3 2 1 1
2 -1 -1 3 2 3 2 1 1
2 -1 0 3 2 2 1 0 1
0 -1 0 1 2 2 1 0 1
1 -1 -1 2 2 3 2 1 1
0 -1 -1 1 2 3 2 1 1
1 -1 0 2 2 2 1 0 1
1 -1 0 2 1 0 1 0 1
3 -1 -1 4 3 2 2 1 1
-1 -1 0 0 1 0 1 0 1
2 -1 -1 3 3 2 2 1 1
0 -1 0 1 1 0 1 0 1
1 -1 -1 2 3 2 2 1 1
-1 -1 0 0 -1 0 1 0 1
2 -1 -1 3 2 2 2 1 1
-3 -1 0 -2 -1 0 1 0 1
1 -1 -1 2 2 2 2 1 1
-2 -1 0 -1 -1 0 1 0 1
0 -1 -1 1 2 2 2 1 1
0 -1 0 1 0 0 1 0 1
1 -1 -1 2 1 2 2 1 1
-2 -1 0 -1 0 0 1 0 1
0 -1 -1 1 1 2 2 1 1
-1 -1 -1 0 1 2 2 1 1
-1 -1 0 0 0 0 1 0 1
2 -1 -1 3 2 1 2 1 1
2 -1 0 3 2 1 1 0 1
0 -1 0 1 2 1 1 0 1
1 -1 -1 2 2 1 2 1 1
0 -1 -1 1 2 1 2 1 1
1 -1 0 2 2 1 1 0 1
0 -1 0 1 0 1 1 0 1
1 -1 -1 2 1 1 2 1 1
-2 -1 0 -1 0 1 1 0 1
0 -1 -1 1 1 1 2 1 1
-1 -1 -1 0 1 1 2 1 1
-1 -1 0 0 0 1 1 0 1
0 -1 -1 1 0 1 2 1 1
1 -1 0 2 1 1 1 0 1
-1 -1 -1 0 0 1 2 1 1
-1 -1 0 0 1 1 1 0 1
-2 -1 -1 -1 0 1 2 1 1
0 -1 0 1 1 1 1 0 1
1 -1 0 2 1 0 -1 0 1
3 -1 -1 4 3 2 1 1 1
-1 -1 0 0 1 0 -1 0 1
2 -1 -1 3 3 2 1 1 1
0 -1 0 1 1 0 -1 0 1
1 -1 -1 2 3 2 1 1 1
-1 -1 0 0 -1 0 -1 0 1
2 -1 -1 3 2 2 1 1 1
-3 -1 0 -2 -1 0 -1 0 1
1 -1 -1 2 2 2 1 1 1
-2 -1 0 -1 -1 0 -1 0 1
0 -1 -1 1 2 2 1 1 1
0 -1 0 1 0 0 -1 0 1
1 -1 -1 2 1 2 1 1 1
-2 -1 0 -1 0 0 -1 0 1
0 -1 -1 1 1 2 1 1 1
-1 -1 -1 0 1 2 1 1 1
-1 -1 0 0 0 0 -1 0 1
-1 -1 0 0 -1 -2 -1 0 1
2 -1 -1 3 2 1 1 1 1
-3 -1 0 -2 -1 -2 -1 0 1
1 -1 -1 2 2 1 1 1 1
-2 -1 0 -1 -1 -2 -1 0 1
0 -1 -1 1 2 1 1 1 1
-3 -1 0 -2 -3 -2 -1 0 1
1 -1 -1 2 1 1 1 1 1
-5 -1 0 -4 -3 -2 -1 0 1
0 -1 -1 1 1 1 1 1 1
-4 -1 0 -3 -3 -2 -1 0 1
-1 -1 -1 0 1 1 1 1 1
-2 -1 0 -1 -2 -2 -1 0 1
0 -1 -1 1 0 1 1 1 1
-4 -1 0 -3 -2 -2 -1 0 1
-1 -1 -1 0 0 1 1 1 1
-3 -1 0 -2 -2 -2 -1 0 1
-2 -1 -1 -1 0 1 1 1 1
0 -1 0 1 0 -1 -1 0 1
1 -1 -1 2 1 0 1 1 1
-2 -1 0 -1 0 -1 -1 0 1
0 -1 -1 1 1 0 1 1 1
-1 -1 -1 0 1 0 1 1 1
-1 -1 0 0 0 -1 -1 0 1
-2 -1 0 -1 -2 -1 -1 0 1
0 -1 -1 1 0 0 1 1 1
-4 -1 0 -3 -2 -1 -1 0 1
-1 -1 -1 0 0 0 1 1 1
-3 -1 0 -2 -2 -1 -1 0 1
-2 -1 -1 -1 0 0 1 1 1
-1 -1 -1 0 -1 0 1 1 1
-1 -1 0 0 -1 -1 -1 0 1
-3 -1 0 -2 -1 -1 -1 0 1
-2 -1 -1 -1 -1 0 1 1 1
-3 -1 -1 -2 -1 0 1 1 1
-2 -1 0 -1 -1 -1 -1 0 1
2 -1 -1 3 2 1 0 1 1
2 -1 0 3 2 1 0 0 1
0 -1 0 1 2 1 0 0 1
1 -1 -1 2 2 1 0 1 1
0 -1 -1 1 2 1 0 1 1
1 -1 0 2 2 1 0 0 1
0 -1 0 1 0 1 0 0 1
1 -1 -1 2 1 1 0 1 1
-2 -1 0 -1 0 1 0 0 1
0 -1 -1 1 1 1 0 1 1
-1 -1 -1 0 1 1 0 1 1
-1 -1 0 0 0 1 0 0 1
0 -1 -1 1 0 1 0 1 1
1 -1 0 2 1 1 0 0 1
-1 -1 -1 0 0 1 0 1 1
-1 -1 0 0 1 1 0 0 1
-2 -1 -1 -1 0 1 0 1 1
0 -1 0 1 1 1 0 0 1
0 -1 0 1 0 -1 0 0 1
1 -1 -1 2 1 0 0 1 1
-2 -1 0 -1 0 -1 0 0 1
0 -1 -1 1 1 0 0 1 1
-1 -1 -1 0 1 0 0 1 1
-1 -1 0 0 0 -1 0 0 1
-2 -1 0 -1 -2 -1 0 0 1
0 -1 -1 1 0 0 0 1 1
-4 -1 0 -3 -2 -1 0 0 1
-1 -1 -1 0 0 0 0 1 1
-3 -1 0 -2 -2 -1 0 0 1
-2 -1 -1 -1 0 0 0 1 1
-1 -1 -1 0 -1 0 0 1 1
-1 -1 0 0 -1 -1 0 0 1
-3 -1 0 -2 -1 -1 0 0 1
-2 -1 -1 -1 -1 0 0 1 1
-3 -1 -1 -2 -1 0 0 1 1
-2 -1 0 -1 -1 -1 0 0 1
0 -1 -1 1 0 -1 0 1 1
1 -1 0 2 1 0 0 0 1
-1 -1 -1 0 0 -1 0 1 1
-1 -1 0 0 1 0 0 0 1
-2 -1 -1 -1 0 -1 0 1 1
0 -1 0 1 1 0 0 0 1
-1 -1 -1 0 -1 -1 0 1 1
-1 -1 0 0 -1 0 0 0 1
-3 -1 0 -2 -1 0 0 0 1
-2 -1 -1 -1 -1 -1 0 1 1
-3 -1 -1 -2 -1 -1 0 1 1
-2 -1 0 -1 -1 0 0 0 1
-2 -1 -1 -1 -2 -1 0 1 1
0 -1 0 1 0 0 0 0 1
-3 -1 -1 -2 -2 -1 0 1 1
-2 -1 0 -1 0 0 0 0 1
-4 -1 -1 -3 -2 -1 0 1 1
-1 -1 0 0 0 0 0 0 1
4 -1 0 5 4 3 2 1 1
2 -1 0 3 4 3 2 1 1
3 -1 0 4 4 3 2 1 1
2 -1 0 3 2 3 2 1 1
0 -1 0 1 2 3 2 1 1
1 -1 -1 2 2 2 1 0 1
1 -1 0 2 2 3 2 1 1
3 -1 0 4 3 3 2 1 1
1 -1 0 2 3 3 2 1 1
2 -1 0 3 3 3 2 1 1
2 -1 0 3 2 1 2 1 1
0 -1 0 1 2 1 2 1 1
1 -1 -1 2 2 1 1 0 1
1 -1 0 2 2 1 2 1 1
0 -1 0 1 0 1 2 1 1
1 -1 -1 2 1 1 1 0 1
-2 -1 0 -1 0 1 2 1 1
0 -1 -1 1 1 1 1 0 1
-1 -1 -1 0 1 1 1 0 1
-1 -1 0 0 0 1 2 1 1
1 -1 0 2 1 1 2 1 1
-1 -1 0 0 1 1 2 1 1
0 -1 0 1 1 1 2 1 1
3 -1 0 4 3 2 2 1 1
1 -1 0 2 3 2 2 1 1
2 -1 0 3 3 2 2 1 1
1 -1 0 2 1 2 2 1 1
-1 -1 0 0 1 2 2 1 1
0 -1 0 1 1 2 2 1 1
2 -1 0 3 2 2 2 1 1
0 -1 0 1 2 2 2 1 1
1 -1 0 2 2 2 2 1 1
2 -1 0 3 2 1 0 1 1
0 -1 0 1 2 1 0 1 1
1 -1 -1 2 2 1 0 0 1
1 -1 0 2 2 1 0 1 1
0 -1 0 1 0 1 0 1 1
1 -1 -1 2 1 1 0 0 1
-2 -1 0 -1 0 1 0 1 1
0 -1 -1 1 1 1 0 0 1
-1 -1 -1 0 1 1 0 0 1
-1 -1 0 0 0 1 0 1 1
1 -1 0 2 1 1 0 1 1
-1 -1 0 0 1 1 0 1 1
0 -1 0 1 1 1 0 1 1
0 -1 0 1 0 -1 0 1 1
1 -1 -1 2 1 0 0 0 1
-2 -1 0 -1 0 -1 0 1 1
0 -1 -1 1 1 0 0 0 1
-1 -1 -1 0 1 0 0 0 1
-1 -1 0 0 0 -1 0 1 1
-2 -1 0 -1 -2 -1 0 1 1
0 -1 -1 1 0 0 0 0 1
-4 -1 0 -3 -2 -1 0 1 1
-1 -1 -1 0 0 0 0 0 1
-3 -1 0 -2 -2 -1 0 1 1
-2 -1 -1 -1 0 0 0 0 1
-1 -1 -1 0 -1 0 0 0 1
-1 -1 0 0 -1 -1 0 1 1
-3 -1 0 -2 -1 -1 0 1 1
-2 -1 -1 -1 -1 0 0 0 1
-3 -1 -1 -2 -1 0 0 0 1
-2 -1 0 -1 -1 -1 0 1 1
1 -1 0 2 1 0 0 1 1
-1 -1 0 0 1 0 0 1 1
0 -1 0 1 1 0 0 1 1
-1 -1 0 0 -1 0 0 1 1
-3 -1 0 -2 -1 0 0 1 1
-2 -1 -1 -1 -1 -1 0 0 1
-2 -1 0 -1 -1 0 0 1 1
0 -1 0 1 0 0 0 1 1
-2 -1 0 -1 0 0 0 1 1
-1 -1 0 0 0 0 0 1 1
3 -1 0 4 3 2 1 1 1
1 -1 0 2 3 2 1 1 1
2 -1 0 3 3 2 1 1 1
1 -1 0 2 1 2 1 1 1
-1 -1 0 0 1 2 1 1 1
0 -1 0 1 1 2 1 1 1
2 -1 0 3 2 2 1 1 1
0 -1 0 1 2 2 1 1 1
1 -1 0 2 2 2 1 1 1
1 -1 0 2 1 0 1 1 1
-1 -1 0 0 1 0 1 1 1
0 -1 0 1 1 0 1 1 1
-1 -1 0 0 -1 0 1 1 1
-3 -1 0 -2 -1 0 1 1 1
-2 -1 -1 -1 -1 -1 -1 0 1
-2 -1 0 -1 -1 0 1 1 1
0 -1 0 1 0 0 1 1 1
-2 -1 0 -1 0 0 1 1 1
-1 -1 0 0 0 0 1 1 1
2 -1 0 3 2 1 1 1 1
0 -1 0 1 2 1 1 1 1
1 -1 0 2 2 1 1 1 1
0 -1 0 1 0 1 1 1 1
-2 -1 0 -1 0 1 1 1 1
-1 -1 0 0 0 1 1 1 1
1 -1 0 2 1 1 1 1 1
-1 -1 0 0 1 1 1 1 1
0 -1 0 1 1 1 1 1 1
3 -1 0 4 3 2 1 0 -1
4 -1 -1 5 4 3 2 1 0
1 -1 0 2 3 2 1 0 -1
3 -1 -1 4 4 3 2 1 0
2 -1 -1 3 4 3 2 1 0
2 -1 0 3 3 2 1 0 -1
1 -1 0 2 1 2 1 0 -1
3 -1 -1 4 3 3 2 1 0
-1 -1 0 0 1 2 1 0 -1
2 -1 -1 3 3 3 2 1 0
0 -1 0 1 1 2 1 0 -1
1 -1 -1 2 3 3 2 1 0
2 -1 -1 3 2 3 2 1 0
2 -1 0 3 2 2 1 0 -1
0 -1 0 1 2 2 1 0 -1
1 -1 -1 2 2 3 2 1 0
0 -1 -1 1 2 3 2 1 0
1 -1 0 2 2 2 1 0 -1
1 -1 0 2 1 0 1 0 -1
3 -1 -1 4 3 2 2 1 0
-1 -1 0 0 1 0 1 0 -1
2 -1 -1 3 3 2 2 1 0
0 -1 0 1 1 0 1 0 -1
1 -1 -1 2 3 2 2 1 0
-1 -1 0 0 -1 0 1 0 -1
2 -1 -1 3 2 2 2 1 0
-3 -1 0 -2 -1 0 1 0 -1
1 -1 -1 2 2 2 2 1 0
-2 -1 0 -1 -1 0 1 0 -1
0 -1 -1 1 2 2 2 1 0
0 -1 0 1 0 0 1 0 -1
1 -1 -1 2 1 2 2 1 0
-2 -1 0 -1 0 0 1 0 -1
0 -1 -1 1 1 2 2 1 0
-1 -1 -1 0 1 2 2 1 0
-1 -1 0 0 0 0 1 0 -1
2 -1 -1 3 2 1 2 1 0
2 -1 0 3 2 1 1 0 -1
0 -1 0 1 2 1 1 0 -1
1 -1 -1 2 2 1 2 1 0
0 -1 -1 1 2 1 2 1 0
1 -1 0 2 2 1 1 0 -1
0 -1 0 1 0 1 1 0 -1
1 -1 -1 2 1 1 2 1 0
-2 -1 0 -1 0 1 1 0 -1
0 -1 -1 1 1 1 2 1 0
-1 -1 -1 0 1 1 2 1 0
-1 -1 0 0 0 1 1 0 -1
0 -1 -1 1 0 1 2 1 0
1 -1 0 2 1 1 1 0 -1
-1 -1 -1 0 0 1 2 1 0
-1 -1 0 0 1 1 1 0 -1
-2 -1 -1 -1 0 1 2 1 0
0 -1 0 1 1 1 1 0 -1
1 -1 0 2 1 0 -1 0 -1
3 -1 -1 4 3 2 1 1 0
-1 -1 0 0 1 0 -1 0 -1
2 -1 -1 3 3 2 1 1 0
0 -1 0 1 1 0 -1 0 -1
1 -1 -1 2 3 2 1 1 0
2 -1 -1 3 2 2 1 1 0
1 -1 -1 2 2 2 1 1 0
0 -1 -1 1 2 2 1 1 0
0 -1 0 1 0 0 -1 0 -1
1 -1 -1 2 1 2 1 1 0
0 -1 -1 1 1 2 1 1 0
-1 -1 -1 0 1 2 1 1 0
2 -1 -1 3 2 1 1 1 0
1 -1 -1 2 2 1 1 1 0
0 -1 -1 1 2 1 1 1 0
1 -1 -1 2 1 1 1 1 0
0 -1 -1 1 1 1 1 1 0
-1 -1 -1 0 1 1 1 1 0
0 -1 -1 1 0 1 1 1 0
-1 -1 -1 0 0 1 1 1 0
-2 -1 -1 -1 0 1 1 1 0
0 -1 0 1 0 -1 -1 0 -1
1 -1 -1 2 1 0 1 1 0
0 -1 -1 1 1 0 1 1 0
-1 -1 -1 0 1 0 1 1 0
0 -1 -1 1 0 0 1 1 0
-1 -1 -1 0 0 0 1 1 0
-2 -1 -1 -1 0 0 1 1 0
-1 -1 -1 0 -1 0 1 1 0
-2 -1 -1 -1 -1 0 1 1 0
-3 -1 -1 -2 -1 0 1 1 0
2 -1 -1 3 2 1 0 1 0
2 -1 0 3 2 1 0 0 -1
0 -1 0 1 2 1 0 0 -1
1 -1 -1 2 2 1 0 1 0
0 -1 -1 1 2 1 0 1 0
1 -1 0 2 2 1 0 0 -1
0 -1 0 1 0 1 0 0 -1
1 -1 -1 2 1 1 0 1 0
-2 -1 0 -1 0 1 0 0 -1
0 -1 -1 1 1 1 0 1 0
-1 -1 -1 0 1 1 0 1 0
-1 -1 0 0 0 1 0 0 -1
0 -1 -1 1 0 1 0 1 0
1 -1 0 2 1 1 0 0 -1
-1 -1 -1 0 0 1 0 1 0
-1 -1 0 0 1 1 0 0 -1
-2 -1 -1 -1 0 1 0 1 0
0 -1 0 1 1 1 0 0 -1
0 -1 0 1 0 -1 0 0 -1
1 -1 -1 2 1 0 0 1 0
0 -1 -1 1 1 0 0 1 0
-1 -1 -1 0 1 0 0 1 0
0 -1 -1 1 0 0 0 1 0
-1 -1 -1 0 0 0 0 1 0
-2 -1 -1 -1 0 0 0 1 0
-1 -1 -1 0 -1 0 0 1 0
-2 -1 -1 -1 -1 0 0 1 0
-3 -1 -1 -2 -1 0 0 1 0
0 -1 -1 1 0 -1 0 1 0
1 -1 0 2 1 0 0 0 -1
-1 -1 -1 0 0 -1 0 1 0
-1 -1 0 0 1 0 0 0 -1
-2 -1 -1 -1 0 -1 0 1 0
0 -1 0 1 1 0 0 0 -1
-1 -1 -1 0 -1 -1 0 1 0
-2 -1 -1 -1 -1 -1 0 1 0
-3 -1 -1 -2 -1 -1 0 1 0
-2 -1 -1 -1 -2 -1 0 1 0
0 -1 0 1 0 0 0 0 -1
-3 -1 -1 -2 -2 -1 0 1 0
-4 -1 -1 -3 -2 -1 0 1 0
1 -1 0 2 1 0 -1 -2 -1
3 -1 -1 4 3 2 1 0 0
-1 -1 0 0 1 0 -1 -2 -1
2 -1 -1 3 3 2 1 0 0
0 -1 0 1 1 0 -1 -2 -1
1 -1 -1 2 3 2 1 0 0
2 -1 -1 3 2 2 1 0 0
1 -1 -1 2 2 2 1 0 0
0 -1 -1 1 2 2 1 0 0
0 -1 0 1 0 0 -1 -2 -1
1 -1 -1 2 1 2 1 0 0
0 -1 -1 1 1 2 1 0 0
-1 -1 -1 0 1 2 1 0 0
2 -1 -1 3 2 1 1 0 0
1 -1 -1 2 2 1 1 0 0
0 -1 -1 1 2 1 1 0 0
1 -1 -1 2 1 1 1 0 0
0 -1 -1 1 1 1 1 0 0
-1 -1 -1 0 1 1 1 0 0
0 -1 -1 1 0 1 1 0 0
-1 -1 -1 0 0 1 1 0 0
-2 -1 -1 -1 0 1 1 0 0
0 -1 0 1 0 -1 -1 -2 -1
1 -1 -1 2 1 0 1 0 0
0 -1 -1 1 1 0 1 0 0
-1 -1 -1 0 1 0 1 0 0
0 -1 -1 1 0 0 1 0 0
-1 -1 -1 0 0 0 1 0 0
-2 -1 -1 -1 0 0 1 0 0
-1 -1 -1 0 -1 0 1 0 0
-2 -1 -1 -1 -1 0 1 0 0
-3 -1 -1 -2 -1 0 1 0 0
2 -1 -1 3 2 1 0 0 0
1 -1 -1 2 2 1 0 0 0
0 -1 -1 1 2 1 0 0 0
1 -1 -1 2 1 1 0 0 0
0 -1 -1 1 1 1 0 0 0
-1 -1 -1 0 1 1 0 0 0
0 -1 -1 1 0 1 0 0 0
-1 -1 -1 0 0 1 0 0 0
-2 -1 -1 -1 0 1 0 0 0
1 -1 -1 2 1 0 0 0 0
0 -1 -1 1 1 0 0 0 0
-1 -1 -1 0 1 0 0 0 0
0 -1 -1 1 0 0 0 0 0
0 -1 -1 1 0 -1 0 0 0
0 -1 0 1 0 -1 -2 -2 -1
1 -1 -1 2 1 0 -1 0 0
0 -1 -1 1 1 0 -1 0 0
-1 -1 -1 0 1 0 -1 0 0
0 -1 -1 1 0 0 -1 0 0
0 -1 -1 1 0 -1 -1 0 0
2 -1 -1 3 2 1 0 -1 0
2 -1 0 3 2 1 0 -1 -1
0 -1 0 1 2 1 0 -1 -1
1 -1 -1 2 2 1 0 -1 0
0 -1 -1 1 2 1 0 -1 0
1 -1 0 2 2 1 0 -1 -1
0 -1 0 1 0 1 0 -1 -1
1 -1 -1 2 1 1 0 -1 0
-2 -1 0 -1 0 1 0 -1 -1
0 -1 -1 1 1 1 0 -1 0
-1 -1 -1 0 1 1 0 -1 0
-1 -1 0 0 0 1 0 -1 -1
0 -1 -1 1 0 1 0 -1 0
1 -1 0 2 1 1 0 -1 -1
-1 -1 -1 0 0 1 0 -1 0
-1 -1 0 0 1 1 0 -1 -1
-2 -1 -1 -1 0 1 0 -1 0
0 -1 0 1 1 1 0 -1 -1
0 -1 0 1 0 -1 0 -1 -1
1 -1 -1 2 1 0 0 -1 0
0 -1 -1 1 1 0 0 -1 0
-1 -1 -1 0 1 0 0 -1 0
0 -1 -1 1 0 0 0 -1 0
0 -1 -1 1 0 -1 0 -1 0
1 -1 0 2 1 0 0 -1 -1
-1 -1 0 0 1 0 0 -1 -1
0 -1 0 1 1 0 0 -1 -1
0 -1 0 1 0 0 0 -1 -1
0 -1 0 1 0 -1 -2 -1 -1
1 -1 -1 2 1 0 -1 -1 0
0 -1 -1 1 1 0 -1 -1 0
-1 -1 -1 0 1 0 -1 -1 0
0 -1 -1 1 0 0 -1 -1 0
0 -1 -1 1 0 -1 -1 -1 0
0 -1 -1 1 0 -1 -2 -1 0
1 -1 0 2 1 0 -1 -1 -1
-1 -1 0 0 1 0 -1 -1 -1
0 -1 0 1 1 0 -1 -1 -1
0 -1 0 1 0 0 -1 -1 -1
0 -1 0 1 0 -1 -1 -1 -1
4 -1 0 5 4 3 2 1 0
2 -1 0 3 4 3 2 1 0
3 -1 0 4 4 3 2 1 0
2 -1 0 3 2 3 2 1 0
0 -1 0 1 2 3 2 1 0
1 -1 -1 2 2 2 1 0 -1
1 -1 0 2 2 3 2 1 0
3 -1 0 4 3 3 2 1 0
1 -1 0 2 3 3 2 1 0
2 -1 0 3 3 3 2 1 0
2 -1 0 3 2 1 2 1 0
0 -1 0 1 2 1 2 1 0
1 -1 -1 2 2 1 1 0 -1
1 -1 0 2 2 1 2 1 0
0 -1 0 1 0 1 2 1 0
1 -1 -1 2 1 1 1 0 -1
-2 -1 0 -1 0 1 2 1 0
0 -1 -1 1 1 1 1 0 -1
-1 -1 -1 0 1 1 1 0 -1
-1 -1 0 0 0 1 2 1 0
1 -1 0 2 1 1 2 1 0
-1 -1 0 0 1 1 2 1 0
0 -1 0 1 1 1 2 1 0
3 -1 0 4 3 2 2 1 0
1 -1 0 2 3 2 2 1 0
2 -1 0 3 3 2 2 1 0
1 -1 0 2 1 2 2 1 0
-1 -1 0 0 1 2 2 1 0
0 -1 0 1 1 2 2 1 0
2 -1 0 3 2 2 2 1 0
0 -1 0 1 2 2 2 1 0
1 -1 0 2 2 2 2 1 0
2 -1 0 3 2 1 0 1 0
0 -1 0 1 2 1 0 1 0
1 -1 -1 2 2 1 0 0 -1
1 -1 0 2 2 1 0 1 0
0 -1 0 1 0 1 0 1 0
1 -1 -1 2 1 1 0 0 -1
-2 -1 0 -1 0 1 0 1 0
0 -1 -1 1 1 1 0 0 -1
-1 -1 -1 0 1 1 0 0 -1
-1 -1 0 0 0 1 0 1 0
1 -1 0 2 1 1 0 1 0
-1 -1 0 0 1 1 0 1 0
0 -1 0 1 1 1 0 1 0
0 -1 0 1 0 -1 0 1 0
1 -1 -1 2 1 0 0 0 -1
-2 -1 0 -1 0 -1 0 1 0
0 -1 -1 1 1 0 0 0 -1
-1 -1 -1 0 1 0 0 0 -1
-1 -1 0 0 0 -1 0 1 0
-2 -1 0 -1 -2 -1 0 1 0
0 -1 -1 1 0 0 0 0 -1
-4 -1 0 -3 -2 -1 0 1 0
-3 -1 0 -2 -2 -1 0 1 0
-1 -1 0 0 -1 -1 0 1 0
-3 -1 0 -2 -1 -1 0 1 0
-2 -1 0 -1 -1 -1 0 1 0
1 -1 0 2 1 0 0 1 0
-1 -1 0 0 1 0 0 1 0
0 -1 0 1 1 0 0 1 0
-1 -1 0 0 -1 0 0 1 0
-3 -1 0 -2 -1 0 0 1 0
-2 -1 0 -1 -1 0 0 1 0
0 -1 0 1 0 0 0 1 0
-2 -1 0 -1 0 0 0 1 0
-1 -1 0 0 0 0 0 1 0
3 -1 0 4 3 2 1 1 0
1 -1 0 2 3 2 1 1 0
2 -1 0 3 3 2 1 1 0
1 -1 0 2 1 2 1 1 0
-1 -1 0 0 1 2 1 1 0
0 -1 0 1 1 2 1 1 0
2 -1 0 3 2 2 1 1 0
0 -1 0 1 2 2 1 1 0
1 -1 0 2 2 2 1 1 0
1 -1 0 2 1 0 1 1 0
-1 -1 0 0 1 0 1 1 0
0 -1 0 1 1 0 1 1 0
-1 -1 0 0 -1 0 1 1 0
-3 -1 0 -2 -1 0 1 1 0
-2 -1 0 -1 -1 0 1 1 0
0 -1 0 1 0 0 1 1 0
-2 -1 0 -1 0 0 1 1 0
-1 -1 0 0 0 0 1 1 0
2 -1 0 3 2 1 1 1 0
0 -1 0 1 2 1 1 1 0
1 -1 0 2 2 1 1 1 0
0 -1 0 1 0 1 1 1 0
-2 -1 0 -1 0 1 1 1 0
-1 -1 0 0 0 1 1 1 0
1 -1 0 2 1 1 1 1 0
-1 -1 0 0 1 1 1 1 0
0 -1 0 1 1 1 1 1 0
2 -1 0 3 2 1 0 -1 0
0 -1 0 1 2 1 0 -1 0
1 -1 -1 2 2 1 0 -1 -1
1 -1 0 2 2 1 0 -1 0
0 -1 0 1 0 1 0 -1 0
1 -1 -1 2 1 1 0 -1 -1
-2 -1 0 -1 0 1 0 -1 0
0 -1 -1 1 1 1 0 -1 -1
-1 -1 -1 0 1 1 0 -1 -1
-1 -1 0 0 0 1 0 -1 0
1 -1 0 2 1 1 0 -1 0
-1 -1 0 0 1 1 0 -1 0
0 -1 0 1 1 1 0 -1 0
0 -1 0 1 0 -1 0 -1 0
1 -1 -1 2 1 0 0 -1 -1
0 -1 -1 1 1 0 0 -1 -1
-1 -1 -1 0 1 0 0 -1 -1
0 -1 -1 1 0 0 0 -1 -1
1 -1 0 2 1 0 0 -1 0
-1 -1 0 0 1 0 0 -1 0
0 -1 0 1 1 0 0 -1 0
0 -1 0 1 0 0 0 -1 0
0 -1 0 1 0 -1 -2 -1 0
1 -1 -1 2 1 0 -1 -1 -1
0 -1 -1 1 1 0 -1 -1 -1
-1 -1 -1 0 1 0 -1 -1 -1
0 -1 -1 1 0 0 -1 -1 -1
0 -1 -1 1 0 -1 -1 -1 -1
1 -1 0 2 1 0 -1 -1 0
-1 -1 0 0 1 0 -1 -1 0
0 -1 0 1 1 0 -1 -1 0
0 -1 0 1 0 0 -1 -1 0
0 -1 0 1 0 -1 -1 -1 0
3 -1 0 4 3 2 1 0 0
1 -1 0 2 3 2 1 0 0
2 -1 0 3 3 2 1 0 0
1 -1 0 2 1 2 1 0 0
-1 -1 0 0 1 2 1 0 0
0 -1 0 1 1 2 1 0 0
2 -1 0 3 2 2 1 0 0
0 -1 0 1 2 2 1 0 0
1 -1 0 2 2 2 1 0 0
1 -1 0 2 1 0 1 0 0
-1 -1 0 0 1 0 1 0 0
0 -1 0 1 1 0 1 0 0
-1 -1 0 0 -1 0 1 0 0
-3 -1 0 -2 -1 0 1 0 0
-2 -1 0 -1 -1 0 1 0 0
0 -1 0 1 0 0 1 0 0
-2 -1 0 -1 0 0 1 0 0
-1 -1 0 0 0 0 1 0 0
2 -1 0 3 2 1 1 0 0
0 -1 0 1 2 1 1 0 0
1 -1 0 2 2 1 1 0 0
0 -1 0 1 0 1 1 0 0
-2 -1 0 -1 0 1 1 0 0
-1 -1 0 0 0 1 1 0 0
1 -1 0 2 1 1 1 0 0
-1 -1 0 0 1 1 1 0 0
0 -1 0 1 1 1 1 0 0
1 -1 0 2 1 0 -1 0 0
-1 -1 0 0 1 0 -1 0 0
0 -1 0 1 1 0 -1 0 0
0 -1 0 1 0 0 -1 0 0
0 -1 0 1 0 -1 -1 0 0
2 -1 0 3 2 1 0 0 0
0 -1 0 1 2 1 0 0 0
1 -1 0 2 2 1 0 0 0
0 -1 0 1 0 1 0 0 0
-2 -1 0 -1 0 1 0 0 0
-1 -1 0 0 0 1 0 0 0
1 -1 0 2 1 1 0 0 0
-1 -1 0 0 1 1 0 0 0
0 -1 0 1 1 1 0 0 0
0 -1 0 1 0 -1 0 0 0
1 -1 0 2 1 0 0 0 0
-1 -1 0 0 1 0 0 0 0
0 -1 0 1 1 0 0 0 0
0 -1 0 1 0 0 0 0 0
5 1 1 5 5 4 3 2 1
5 2 1 4 4 4 3 2 1
5 1 1 5 4 4 3 2 1
3 1 1 3 4 4 3 2 1
3 2 1 2 3 3 3 2 1
4 1 1 4 4 4 3 2 1
4 2 1 3 3 3 3 2 1
2 1 1 2 2 2 3 2 1
2 2 1 1 1 1 2 2 1
5 1 1 5 4 3 3 2 1
5 2 1 4 4 3 3 2 1
3 1 1 3 4 3 3 2 1
4 1 1 4 4 3 3 2 1
3 1 1 3 2 3 3 2 1
3 2 1 2 2 3 3 2 1
1 1 1 1 2 3 3 2 1
1 2 1 0 1 2 2 2 1
2 1 1 2 2 3 3 2 1
2 2 1 1 1 2 2 2 1
4 1 1 4 3 3 3 2 1
2 1 1 2 3 3 3 2 1
2 2 1 1 2 2 2 2 1
3 1 1 3 3 3 3 2 1
3 2 1 2 2 2 2 2 1
2 1 1 2 2 2 1 2 1
2 2 1 1 1 1 1 2 1
2 1 1 2 2 1 1 2 1
2 1 1 2 1 1 1 2 1
0 1 1 0 1 1 1 2 1
0 2 1 -1 0 0 0 1 1
1 1 1 1 1 1 1 2 1
1 2 1 0 0 0 0 1 1
5 1 1 5 4 3 2 2 1
5 2 1 4 4 3 2 2 1
3 1 1 3 4 3 2 2 1
3 2 1 2 3 3 2 2 1
4 1 1 4 4 3 2 2 1
4 2 1 3 3 3 2 2 1
3 1 1 3 2 3 2 2 1
3 2 1 2 2 3 2 2 1
1 1 1 1 2 3 2 2 1
2 1 1 2 2 3 2 2 1
4 1 1 4 3 3 2 2 1
2 1 1 2 3 3 2 2 1
3 1 1 3 3 3 2 2 1
3 1 1 3 2 1 2 2 1
3 2 1 2 2 1 2 2 1
1 1 1 1 2 1 2 2 1
1 2 1 0 1 1 2 2 1
2 1 1 2 2 1 2 2 1
1 1 1 1 0 1 2 2 1
1 2 1 0 0 1 2 2 1
-1 1 1 -1 0 1 2 2 1
-1 2 1 -2 -1 0 1 1 1
0 1 1 0 0 1 2 2 1
0 2 1 -1 -1 0 1 1 1
2 1 1 2 1 1 2 2 1
0 1 1 0 1 1 2 2 1
0 2 1 -1 0 0 1 1 1
1 1 1 1 1 1 2 2 1
1 2 1 0 0 0 1 1 1
4 1 1 4 3 2 2 2 1
4 2 1 3 3 2 2 2 1
2 1 1 2 3 2 2 2 1
3 1 1 3 3 2 2 2 1
2 1 1 2 1 2 2 2 1
0 1 1 0 1 2 2 2 1
0 2 1 -1 0 1 1 1 1
1 1 1 1 1 2 2 2 1
1 2 1 0 0 1 1 1 1
3 1 1 3 2 2 2 2 1
1 1 1 1 2 2 2 2 1
1 2 1 0 1 1 1 1 1
2 1 1 2 2 2 2 2 1
2 2 1 1 1 1 1 1 1
2 1 1 2 2 2 1 0 1
2 2 1 1 1 1 1 0 1
2 1 1 2 2 1 1 0 1
2 1 1 2 1 1 1 0 1
0 1 1 0 1 1 1 0 1
0 2 1 -1 0 0 0 0 1
1 1 1 1 1 1 1 0 1
1 2 1 0 0 0 0 0 1
-1 1 1 -1 -1 -1 -1 0 1
-1 2 1 -2 -2 -2 -2 -1 0
2 1 1 2 2 1 0 0 1
2 2 1 1 1 1 0 0 1
2 1 1 2 1 1 0 0 1
0 1 1 0 1 1 0 0 1
1 1 1 1 1 1 0 0 1
-1 1 1 -1 -1 -1 0 0 1
-1 2 1 -2 -2 -2 -1 -1 0
2 1 1 2 1 0 0 0 1
2 2 1 1 1 0 0 0 1
0 1 1 0 1 0 0 0 1
1 1 1 1 1 0 0 0 1
0 1 1 0 -1 0 0 0 1
0 2 1 -1 -1 0 0 0 1
-2 1 1 -2 -1 0 0 0 1
-2 2 1 -3 -2 -1 -1 -1 0
-1 1 1 -1 -1 0 0 0 1
-1 2 1 -2 -2 -1 -1 -1 0
1 1 1 1 0 0 0 0 1
-1 1 1 -1 0 0 0 0 1
-1 2 1 -2 -1 -1 -1 -1 0
0 1 1 0 0 0 0 0 1
0 2 1 -1 -1 -1 -1 -1 0
5 1 1 5 4 3 2 1 1
5 2 1 4 4 3 2 1 1
3 1 1 3 4 3 2 1 1
3 2 1 2 3 3 2 1 1
4 1 1 4 4 3 2 1 1
4 2 1 3 3 3 2 1 1
3 1 1 3 2 3 2 1 1
3 2 1 2 2 3 2 1 1
1 1 1 1 2 3 2 1 1
1 2 1 0 1 2 2 1 1
2 1 1 2 2 3 2 1 1
2 2 1 1 1 2 2 1 1
4 1 1 4 3 3 2 1 1
2 1 1 2 3 3 2 1 1
2 2 1 1 2 2 2 1 1
3 1 1 3 3 3 2 1 1
3 2 1 2 2 2 2 1 1
3 1 1 3 2 1 2 1 1
3 2 1 2 2 1 2 1 1
1 1 1 1 2 1 2 1 1
1 2 1 0 1 1 2 1 1
2 1 1 2 2 1 2 1 1
2 2 1 1 1 1 2 1 1
1 1 1 1 0 1 2 1 1
1 2 1 0 0 1 2 1 1
-1 1 1 -1 0 1 2 1 1
0 1 1 0 0 1 2 1 1
2 1 1 2 1 1 2 1 1
0 1 1 0 1 1 2 1 1
1 1 1 1 1 1 2 1 1
4 1 1 4 3 2 2 1 1
4 2 1 3 3 2 2 1 1
2 1 1 2 3 2 2 1 1
3 1 1 3 3 2 2 1 1
2 1 1 2 1 2 2 1 1
0 1 1 0 1 2 2 1 1
1 1 1 1 1 2 2 1 1
3 1 1 3 2 2 2 1 1
1 1 1 1 2 2 2 1 1
2 1 1 2 2 2 2 1 1
3 1 1 3 2 1 0 1 1
3 2 1 2 2 1 0 1 1
1 1 1 1 2 1 0 1 1
1 2 1 0 1 1 0 1 1
2 1 1 2 2 1 0 1 1
2 2 1 1 1 1 0 1 1
1 1 1 1 0 1 0 1 1
1 2 1 0 0 1 0 1 1
-1 1 1 -1 0 1 0 1 1
-1 2 1 -2 -1 0 0 1 1
0 1 1 0 0 1 0 1 1
0 2 1 -1 -1 0 0 1 1
2 1 1 2 1 1 0 1 1
0 1 1 0 1 1 0 1 1
1 1 1 1 1 1 0 1 1
1 1 1 1 0 -1 0 1 1
1 2 1 0 0 -1 0 1 1
-1 1 1 -1 0 -1 0 1 1
-1 2 1 -2 -1 -1 0 1 1
0 1 1 0 0 -1 0 1 1
0 2 1 -1 -1 -1 0 1 1
-1 1 1 -1 -2 -1 0 1 1
-1 2 1 -2 -2 -1 0 1 1
-3 1 1 -3 -2 -1 0 1 1
-3 2 1 -4 -3 -2 -1 0 0
-2 1 1 -2 -2 -1 0 1 1
-2 2 1 -3 -3 -2 -1 0 0
0 1 1 0 -1 -1 0 1 1
-2 1 1 -2 -1 -1 0 1 1
-2 2 1 -3 -2 -2 -1 0 0
-1 1 1 -1 -1 -1 0 1 1
-1 2 1 -2 -2 -2 -1 0 0
2 1 1 2 1 0 0 1 1
2 2 1 1 1 0 0 1 1
0 1 1 0 1 0 0 1 1
1 1 1 1 1 0 0 1 1
0 1 1 0 -1 0 0 1 1
-2 1 1 -2 -1 0 0 1 1
-2 2 1 -3 -2 -1 -1 0 0
-1 1 1 -1 -1 0 0 1 1
-1 2 1 -2 -2 -1 -1 0 0
1 1 1 1 0 0 0 1 1
-1 1 1 -1 0 0 0 1 1
-1 2 1 -2 -1 -1 -1 0 0
0 1 1 0 0 0 0 1 1
0 2 1 -1 -1 -1 -1 0 0
4 1 1 4 3 2 1 1 1
4 2 1 3 3 2 1 1 1
2 1 1 2 3 2 1 1 1
2 2 1 1 2 2 1 1 1
3 1 1 3 3 2 1 1 1
3 2 1 2 2 2 1 1 1
2 1 1 2 1 2 1 1 1
2 2 1 1 1 2 1 1 1
0 1 1 0 1 2 1 1 1
1 1 1 1 1 2 1 1 1
3 1 1 3 2 2 1 1 1
1 1 1 1 2 2 1 1 1
2 1 1 2 2 2 1 1 1
2 1 1 2 1 0 1 1 1
2 2 1 1 1 0 1 1 1
0 1 1 0 1 0 1 1 1
1 1 1 1 1 0 1 1 1
0 1 1 0 -1 0 1 1 1
-2 1 1 -2 -1 0 1 1 1
-2 2 1 -3 -2 -1 0 0 0
-1 1 1 -1 -1 0 1 1 1
-1 2 1 -2 -2 -1 0 0 0
1 1 1 1 0 0 1 1 1
-1 1 1 -1 0 0 1 1 1
-1 2 1 -2 -1 -1 0 0 0
0 1 1 0 0 0 1 1 1
0 2 1 -1 -1 -1 0 0 0
3 1 1 3 2 1 1 1 1
3 2 1 2 2 1 1 1 1
1 1 1 1 2 1 1 1 1
2 1 1 2 2 1 1 1 1
1 1 1 1 0 1 1 1 1
-1 1 1 -1 0 1 1 1 1
-1 2 1 -2 -1 0 0 0 0
0 1 1 0 0 1 1 1 1
0 2 1 -1 -1 0 0 0 0
2 1 1 2 1 1 1 1 1
0 1 1 0 1 1 1 1 1
0 2 1 -1 0 0 0 0 0
1 1 1 1 1 1 1 1 1
1 2 1 0 0 0 0 0 0
2 1 1 2 2 2 1 0 -1
2 2 1 1 1 1 1 0 -1
2 1 1 2 2 1 1 0 -1
2 1 1 2 1 1 1 0 -1
0 1 1 0 1 1 1 0 -1
0 2 1 -1 0 0 0 0 -1
1 1 1 1 1 1 1 0 -1
1 2 1 0 0 0 0 0 -1
-1 1 1 -1 -1 -1 -1 0 -1
-1 2 1 -2 -2 -2 -2 -1 -1
2 1 1 2 2 1 0 0 -1
2 2 1 1 1 1 0 0 -1
2 1 1 2 1 1 0 0 -1
0 1 1 0 1 1 0 0 -1
1 1 1 1 1 1 0 0 -1
-1 1 1 -1 -1 -1 0 0 -1
-1 2 1 -2 -2 -2 -1 -1 -1
2 1 1 2 1 0 0 0 -1
2 2 1 1 1 0 0 0 -1
0 1 1 0 1 0 0 0 -1
1 1 1 1 1 0 0 0 -1
0 1 1 0 -1 0 0 0 -1
0 2 1 -1 -1 0 0 0 -1
-2 1 1 -2 -1 0 0 0 -1
-2 2 1 -3 -2 -1 -1 -1 -1
-1 1 1 -1 -1 0 0 0 -1
-1 2 1 -2 -2 -1 -1 -1 -1
1 1 1 1 0 0 0 0 -1
-1 1 1 -1 0 0 0 0 -1
-1 2 1 -2 -1 -1 -1 -1 -1
0 1 1 0 0 0 0 0 -1
0 2 1 -1 -1 -1 -1 -1 -1
-1 1 1 -1 -1 -1 -1 -2 -1
-1 2 1 -2 -2 -2 -2 -2 -1
-1 1 1 -1 -1 -1 -2 -2 -1
-1 1 1 -1 -1 -2 -2 -2 -1
-1 1 1 -1 -2 -2 -2 -2 -1
-3 1 1 -3 -2 -2 -2 -2 -1
-2 1 1 -2 -2 -2 -2 -2 -1
2 1 1 2 2 1 0 -1 -1
2 2 1 1 1 1 0 -1 -1
2 1 1 2 1 1 0 -1 -1
0 1 1 0 1 1 0 -1 -1
0 2 1 -1 0 0 0 -1 -1
1 1 1 1 1 1 0 -1 -1
1 2 1 0 0 0 0 -1 -1
-1 1 1 -1 -1 -1 0 -1 -1
2 1 1 2 1 0 0 -1 -1
2 2 1 1 1 0 0 -1 -1
0 1 1 0 1 0 0 -1 -1
1 1 1 1 1 0 0 -1 -1
0 1 1 0 -1 0 0 -1 -1
0 2 1 -1 -1 0 0 -1 -1
-2 1 1 -2 -1 0 0 -1 -1
-1 1 1 -1 -1 0 0 -1 -1
1 1 1 1 0 0 0 -1 -1
-1 1 1 -1 0 0 0 -1 -1
0 1 1 0 0 0 0 -1 -1
-1 1 1 -1 -1 -1 -2 -1 -1
-1 1 1 -1 -1 -2 -2 -1 -1
-1 1 1 -1 -2 -2 -2 -1 -1
-3 1 1 -3 -2 -2 -2 -1 -1
-2 1 1 -2 -2 -2 -2 -1 -1
2 1 1 2 1 0 -1 -1 -1
2 2 1 1 1 0 -1 -1 -1
0 1 1 0 1 0 -1 -1 -1
0 2 1 -1 0 0 -1 -1 -1
1 1 1 1 1 0 -1 -1 -1
1 2 1 0 0 0 -1 -1 -1
0 1 1 0 -1 0 -1 -1 -1
0 2 1 -1 -1 0 -1 -1 -1
-2 1 1 -2 -1 0 -1 -1 -1
-1 1 1 -1 -1 0 -1 -1 -1
1 1 1 1 0 0 -1 -1 -1
-1 1 1 -1 0 0 -1 -1 -1
0 1 1 0 0 0 -1 -1 -1
0 1 1 0 -1 -2 -1 -1 -1
0 2 1 -1 -1 -2 -1 -1 -1
-2 1 1 -2 -1 -2 -1 -1 -1
-2 2 1 -3 -2 -2 -1 -1 -1
-1 1 1 -1 -1 -2 -1 -1 -1
-2 1 1 -2 -3 -2 -1 -1 -1
-2 2 1 -3 -3 -2 -1 -1 -1
-4 1 1 -4 -3 -2 -1 -1 -1
-3 1 1 -3 -3 -2 -1 -1 -1
-1 1 1 -1 -2 -2 -1 -1 -1
-3 1 1 -3 -2 -2 -1 -1 -1
-2 1 1 -2 -2 -2 -1 -1 -1
1 1 1 1 0 -1 -1 -1 -1
1 2 1 0 0 -1 -1 -1 -1
-1 1 1 -1 0 -1 -1 -1 -1
0 1 1 0 0 -1 -1 -1 -1
-1 1 1 -1 -2 -1 -1 -1 -1
-3 1 1 -3 -2 -1 -1 -1 -1
-2 1 1 -2 -2 -1 -1 -1 -1
0 1 1 0 -1 -1 -1 -1 -1
-2 1 1 -2 -1 -1 -1 -1 -1
-1 1 1 -1 -1 -1 -1 -1 -1
5 1 1 5 4 3 2 1 0
5 2 1 4 4 3 2 1 0
3 1 1 3 4 3 2 1 0
3 2 1 2 3 3 2 1 0
4 1 1 4 4 3 2 1 0
4 2 1 3 3 3 2 1 0
3 1 1 3 2 3 2 1 0
3 2 1 2 2 3 2 1 0
1 1 1 1 2 3 2 1 0
1 2 1 0 1 2 2 1 0
2 1 1 2 2 3 2 1 0
2 2 1 1 1 2 2 1 0
4 1 1 4 3 3 2 1 0
2 1 1 2 3 3 2 1 0
2 2 1 1 2 2 2 1 0
3 1 1 3 3 3 2 1 0
3 2 1 2 2 2 2 1 0
3 1 1 3 2 1 2 1 0
3 2 1 2 2 1 2 1 0
1 1 1 1 2 1 2 1 0
1 2 1 0 1 1 2 1 0
2 1 1 2 2 1 2 1 0
2 2 1 1 1 1 2 1 0
1 1 1 1 0 1 2 1 0
1 2 1 0 0 1 2 1 0
-1 1 1 -1 0 1 2 1 0
-1 2 1 -2 -1 0 1 1 0
0 1 1 0 0 1 2 1 0
0 2 1 -1 -1 0 1 1 0
2 1 1 2 1 1 2 1 0
0 1 1 0 1 1 2 1 0
0 2 1 -1 0 0 1 1 0
1 1 1 1 1 1 2 1 0
1 2 1 0 0 0 1 1 0
4 1 1 4 3 2 2 1 0
4 2 1 3 3 2 2 1 0
2 1 1 2 3 2 2 1 0
3 1 1 3 3 2 2 1 0
2 1 1 2 1 2 2 1 0
0 1 1 0 1 2 2 1 0
0 2 1 -1 0 1 1 1 0
1 1 1 1 1 2 2 1 0
1 2 1 0 0 1 1 1 0
3 1 1 3 2 2 2 1 0
1 1 1 1 2 2 2 1 0
1 2 1 0 1 1 1 1 0
2 1 1 2 2 2 2 1 0
2 2 1 1 1 1 1 1 0
3 1 1 3 2 1 0 1 0
3 2 1 2 2 1 0 1 0
1 1 1 1 2 1 0 1 0
1 2 1 0 1 1 0 1 0
2 1 1 2 2 1 0 1 0
2 2 1 1 1 1 0 1 0
1 1 1 1 0 1 0 1 0
1 2 1 0 0 1 0 1 0
-1 1 1 -1 0 1 0 1 0
-1 2 1 -2 -1 0 0 1 0
0 1 1 0 0 1 0 1 0
0 2 1 -1 -1 0 0 1 0
2 1 1 2 1 1 0 1 0
0 1 1 0 1 1 0 1 0
0 2 1 -1 0 0 0 1 0
1 1 1 1 1 1 0 1 0
1 2 1 0 0 0 0 1 0
1 1 1 1 0 -1 0 1 0
1 2 1 0 0 -1 0 1 0
-1 1 1 -1 0 -1 0 1 0
-1 2 1 -2 -1 -1 0 1 0
0 1 1 0 0 -1 0 1 0
0 2 1 -1 -1 -1 0 1 0
-1 1 1 -1 -2 -1 0 1 0
-1 2 1 -2 -2 -1 0 1 0
-3 1 1 -3 -2 -1 0 1 0
-2 1 1 -2 -2 -1 0 1 0
0 1 1 0 -1 -1 0 1 0
-2 1 1 -2 -1 -1 0 1 0
-1 1 1 -1 -1 -1 0 1 0
2 1 1 2 1 0 0 1 0
2 2 1 1 1 0 0 1 0
0 1 1 0 1 0 0 1 0
1 1 1 1 1 0 0 1 0
0 1 1 0 -1 0 0 1 0
-2 1 1 -2 -1 0 0 1 0
-1 1 1 -1 -1 0 0 1 0
1 1 1 1 0 0 0 1 0
-1 1 1 -1 0 0 0 1 0
0 1 1 0 0 0 0 1 0
4 1 1 4 3 2 1 1 0
4 2 1 3 3 2 1 1 0
2 1 1 2 3 2 1 1 0
2 2 1 1 2 2 1 1 0
3 1 1 3 3 2 1 1 0
3 2 1 2 2 2 1 1 0
2 1 1 2 1 2 1 1 0
2 2 1 1 1 2 1 1 0
0 1 1 0 1 2 1 1 0
1 1 1 1 1 2 1 1 0
3 1 1 3 2 2 1 1 0
1 1 1 1 2 2 1 1 0
2 1 1 2 2 2 1 1 0
2 1 1 2 1 0 1 1 0
2 2 1 1 1 0 1 1 0
0 1 1 0 1 0 1 1 0
1 1 1 1 1 0 1 1 0
0 1 1 0 -1 0 1 1 0
-2 1 1 -2 -1 0 1 1 0
-1 1 1 -1 -1 0 1 1 0
1 1 1 1 0 0 1 1 0
-1 1 1 -1 0 0 1 1 0
0 1 1 0 0 0 1 1 0
3 1 1 3 2 1 1 1 0
3 2 1 2 2 1 1 1 0
1 1 1 1 2 1 1 1 0
2 1 1 2 2 1 1 1 0
1 1 1 1 0 1 1 1 0
-1 1 1 -1 0 1 1 1 0
0 1 1 0 0 1 1 1 0
2 1 1 2 1 1 1 1 0
0 1 1 0 1 1 1 1 0
1 1 1 1 1 1 1 1 0
3 1 1 3 2 1 0 -1 0
3 2 1 2 2 1 0 -1 0
1 1 1 1 2 1 0 -1 0
1 2 1 0 1 1 0 -1 0
2 1 1 2 2 1 0 -1 0
2 2 1 1 1 1 0 -1 0
1 1 1 1 0 1 0 -1 0
1 2 1 0 0 1 0 -1 0
-1 1 1 -1 0 1 0 -1 0
-1 2 1 -2 -1 0 0 -1 0
0 1 1 0 0 1 0 -1 0
0 2 1 -1 -1 0 0 -1 0
2 1 1 2 1 1 0 -1 0
0 1 1 0 1 1 0 -1 0
0 2 1 -1 0 0 0 -1 0
1 1 1 1 1 1 0 -1 0
1 2 1 0 0 0 0 -1 0
1 1 1 1 0 -1 0 -1 0
1 2 1 0 0 -1 0 -1 0
-1 1 1 -1 0 -1 0 -1 0
-1 2 1 -2 -1 -1 0 -1 0
0 1 1 0 0 -1 0 -1 0
0 2 1 -1 -1 -1 0 -1 0
-1 1 1 -1 -2 -1 0 -1 0
-1 2 1 -2 -2 -1 0 -1 0
-3 1 1 -3 -2 -1 0 -1 0
-3 2 1 -4 -3 -2 -1 -1 0
-2 1 1 -2 -2 -1 0 -1 0
-2 2 1 -3 -3 -2 -1 -1 0
0 1 1 0 -1 -1 0 -1 0
-2 1 1 -2 -1 -1 0 -1 0
-2 2 1 -3 -2 -2 -1 -1 0
-1 1 1 -1 -1 -1 0 -1 0
2 1 1 2 1 0 0 -1 0
2 2 1 1 1 0 0 -1 0
0 1 1 0 1 0 0 -1 0
1 1 1 1 1 0 0 -1 0
0 1 1 0 -1 0 0 -1 0
-2 1 1 -2 -1 0 0 -1 0
-1 1 1 -1 -1 0 0 -1 0
1 1 1 1 0 0 0 -1 0
-1 1 1 -1 0 0 0 -1 0
0 1 1 0 0 0 0 -1 0
1 1 1 1 0 -1 -2 -1 0
1 2 1 0 0 -1 -2 -1 0
-1 1 1 -1 0 -1 -2 -1 0
-1 2 1 -2 -1 -1 -2 -1 0
0 1 1 0 0 -1 -2 -1 0
0 2 1 -1 -1 -1 -2 -1 0
-1 1 1 -1 -2 -1 -2 -1 0
-1 2 1 -2 -2 -1 -2 -1 0
-3 1 1 -3 -2 -1 -2 -1 0
-3 2 1 -4 -3 -2 -2 -1 0
-2 1 1 -2 -2 -1 -2 -1 0
-2 2 1 -3 -3 -2 -2 -1 0
0 1 1 0 -1 -1 -2 -1 0
-2 1 1 -2 -1 -1 -2 -1 0
-2 2 1 -3 -2 -2 -2 -1 0
-1 1 1 -1 -1 -1 -2 -1 0
-1 1 1 -1 -2 -3 -2 -1 0
-1 2 1 -2 -2 -3 -2 -1 0
-3 1 1 -3 -2 -3 -2 -1 0
-3 2 1 -4 -3 -3 -2 -1 0
-2 1 1 -2 -2 -3 -2 -1 0
-2 2 1 -3 -3 -3 -2 -1 0
-3 1 1 -3 -4 -3 -2 -1 0
-3 2 1 -4 -4 -3 -2 -1 0
-5 1 1 -5 -4 -3 -2 -1 0
-4 1 1 -4 -4 -3 -2 -1 0
-2 1 1 -2 -3 -3 -2 -1 0
-4 1 1 -4 -3 -3 -2 -1 0
-3 1 1 -3 -3 -3 -2 -1 0
0 1 1 0 -1 -2 -2 -1 0
0 2 1 -1 -1 -2 -2 -1 0
-2 1 1 -2 -1 -2 -2 -1 0
-1 1 1 -1 -1 -2 -2 -1 0
-2 1 1 -2 -3 -2 -2 -1 0
-4 1 1 -4 -3 -2 -2 -1 0
-3 1 1 -3 -3 -2 -2 -1 0
-1 1 1 -1 -2 -2 -2 -1 0
-3 1 1 -3 -2 -2 -2 -1 0
-2 1 1 -2 -2 -2 -2 -1 0
2 1 1 2 1 0 -1 -1 0
2 2 1 1 1 0 -1 -1 0
0 1 1 0 1 0 -1 -1 0
0 2 1 -1 0 0 -1 -1 0
1 1 1 1 1 0 -1 -1 0
1 2 1 0 0 0 -1 -1 0
0 1 1 0 -1 0 -1 -1 0
0 2 1 -1 -1 0 -1 -1 0
-2 1 1 -2 -1 0 -1 -1 0
-1 1 1 -1 -1 0 -1 -1 0
1 1 1 1 0 0 -1 -1 0
-1 1 1 -1 0 0 -1 -1 0
0 1 1 0 0 0 -1 -1 0
0 1 1 0 -1 -2 -1 -1 0
0 2 1 -1 -1 -2 -1 -1 0
-2 1 1 -2 -1 -2 -1 -1 0
-1 1 1 -1 -1 -2 -1 -1 0
-2 1 1 -2 -3 -2 -1 -1 0
-4 1 1 -4 -3 -2 -1 -1 0
-3 1 1 -3 -3 -2 -1 -1 0
-1 1 1 -1 -2 -2 -1 -1 0
-3 1 1 -3 -2 -2 -1 -1 0
-2 1 1 -2 -2 -2 -1 -1 0
1 1 1 1 0 -1 -1 -1 0
1 2 1 0 0 -1 -1 -1 0
-1 1 1 -1 0 -1 -1 -1 0
0 1 1 0 0 -1 -1 -1 0
-1 1 1 -1 -2 -1 -1 -1 0
-3 1 1 -3 -2 -1 -1 -1 0
-2 1 1 -2 -2 -1 -1 -1 0
0 1 1 0 -1 -1 -1 -1 0
-2 1 1 -2 -1 -1 -1 -1 0
-1 1 1 -1 -1 -1 -1 -1 0
4 1 1 4 3 2 1 0 0
4 2 1 3 3 2 1 0 0
2 1 1 2 3 2 1 0 0
2 2 1 1 2 2 1 0 0
3 1 1 3 3 2 1 0 0
3 2 1 2 2 2 1 0 0
2 1 1 2 1 2 1 0 0
2 2 1 1 1 2 1 0 0
0 1 1 0 1 2 1 0 0
0 2 1 -1 0 1 1 0 0
1 1 1 1 1 2 1 0 0
1 2 1 0 0 1 1 0 0
3 1 1 3 2 2 1 0 0
1 1 1 1 2 2 1 0 0
1 2 1 0 1 1 1 0 0
2 1 1 2 2 2 1 0 0
2 2 1 1 1 1 1 0 0
2 1 1 2 1 0 1 0 0
2 2 1 1 1 0 1 0 0
0 1 1 0 1 0 1 0 0
0 2 1 -1 0 0 1 0 0
1 1 1 1 1 0 1 0 0
1 2 1 0 0 0 1 0 0
0 1 1 0 -1 0 1 0 0
0 2 1 -1 -1 0 1 0 0
-2 1 1 -2 -1 0 1 0 0
-1 1 1 -1 -1 0 1 0 0
1 1 1 1 0 0 1 0 0
-1 1 1 -1 0 0 1 0 0
0 1 1 0 0 0 1 0 0
3 1 1 3 2 1 1 0 0
3 2 1 2 2 1 1 0 0
1 1 1 1 2 1 1 0 0
2 1 1 2 2 1 1 0 0
1 1 1 1 0 1 1 0 0
-1 1 1 -1 0 1 1 0 0
0 1 1 0 0 1 1 0 0
2 1 1 2 1 1 1 0 0
0 1 1 0 1 1 1 0 0
1 1 1 1 1 1 1 0 0
2 1 1 2 1 0 -1 0 0
2 2 1 1 1 0 -1 0 0
0 1 1 0 1 0 -1 0 0
0 2 1 -1 0 0 -1 0 0
1 1 1 1 1 0 -1 0 0
1 2 1 0 0 0 -1 0 0
0 1 1 0 -1 0 -1 0 0
0 2 1 -1 -1 0 -1 0 0
-2 1 1 -2 -1 0 -1 0 0
-1 1 1 -1 -1 0 -1 0 0
1 1 1 1 0 0 -1 0 0
-1 1 1 -1 0 0 -1 0 0
0 1 1 0 0 0 -1 0 0
0 1 1 0 -1 -2 -1 0 0
0 2 1 -1 -1 -2 -1 0 0
-2 1 1 -2 -1 -2 -1 0 0
-1 1 1 -1 -1 -2 -1 0 0
-2 1 1 -2 -3 -2 -1 0 0
-4 1 1 -4 -3 -2 -1 0 0
-3 1 1 -3 -3 -2 -1 0 0
-1 1 1 -1 -2 -2 -1 0 0
-3 1 1 -3 -2 -2 -1 0 0
-2 1 1 -2 -2 -2 -1 0 0
1 1 1 1 0 -1 -1 0 0
1 2 1 0 0 -1 -1 0 0
-1 1 1 -1 0 -1 -1 0 0
0 1 1 0 0 -1 -1 0 0
-1 1 1 -1 -2 -1 -1 0 0
-3 1 1 -3 -2 -1 -1 0 0
-2 1 1 -2 -2 -1 -1 0 0
0 1 1 0 -1 -1 -1 0 0
-2 1 1 -2 -1 -1 -1 0 0
-1 1 1 -1 -1 -1 -1 0 0
3 1 1 3 2 1 0 0 0
3 2 1 2 2 1 0 0 0
1 1 1 1 2 1 0 0 0
1 2 1 0 1 1 0 0 0
2 1 1 2 2 1 0 0 0
2 2 1 1 1 1 0 0 0
1 1 1 1 0 1 0 0 0
1 2 1 0 0 1 0 0 0
-1 1 1 -1 0 1 0 0 0
0 1 1 0 0 1 0 0 0
2 1 1 2 1 1 0 0 0
0 1 1 0 1 1 0 0 0
1 1 1 1 1 1 0 0 0
1 1 1 1 0 -1 0 0 0
1 2 1 0 0 -1 0 0 0
-1 1 1 -1 0 -1 0 0 0
0 1 1 0 0 -1 0 0 0
-1 1 1 -1 -2 -1 0 0 0
-3 1 1 -3 -2 -1 0 0 0
-2 1 1 -2 -2 -1 0 0 0
0 1 1 0 -1 -1 0 0 0
-2 1 1 -2 -1 -1 0 0 0
-1 1 1 -1 -1 -1 0 0 0
2 1 1 2 1 0 0 0 0
2 2 1 1 1 0 0 0 0
0 1 1 0 1 0 0 0 0
1 1 1 1 1 0 0 0 0
0 1 1 0 -1 0 0 0 0
-2 1 1 -2 -1 0 0 0 0
-1 1 1 -1 -1 0 0 0 0
1 1 1 1 0 0 0 0 0
-1 1 1 -1 0 0 0 0 0
0 1 1 0 0 0 0 0 0
3 -1 -1 5 5 4 3 2 1
3 -1 -1 5 4 4 3 2 1
3 0 -1 4 4 4 3 2 1
1 -1 -1 3 4 4 3 2 1
2 -1 -1 4 4 4 3 2 1
2 0 -1 3 3 3 3 2 1
0 -1 -1 2 2 2 3 2 1
3 -1 -1 5 4 3 3 2 1
3 0 -1 4 4 3 3 2 1
1 -1 -1 3 4 3 3 2 1
1 0 -1 2 3 3 3 2 1
2 -1 -1 4 4 3 3 2 1
1 -1 -1 3 2 3 3 2 1
1 0 -1 2 2 3 3 2 1
-1 -1 -1 1 2 3 3 2 1
0 -1 -1 2 2 3 3 2 1
2 -1 -1 4 3 3 3 2 1
0 -1 -1 2 3 3 3 2 1
0 0 -1 1 2 2 2 2 1
1 -1 -1 3 3 3 3 2 1
1 0 -1 2 2 2 2 2 1
0 -1 -1 2 2 2 1 2 1
0 -1 -1 2 2 1 1 2 1
0 -1 -1 2 1 1 1 2 1
0 0 -1 1 1 1 1 2 1
-2 -1 -1 0 1 1 1 2 1
-1 -1 -1 1 1 1 1 2 1
-1 0 -1 0 0 0 0 1 1
3 -1 -1 5 4 3 2 2 1
3 0 -1 4 4 3 2 2 1
1 -1 -1 3 4 3 2 2 1
1 0 -1 2 3 3 2 2 1
2 -1 -1 4 4 3 2 2 1
2 0 -1 3 3 3 2 2 1
1 -1 -1 3 2 3 2 2 1
1 0 -1 2 2 3 2 2 1
-1 -1 -1 1 2 3 2 2 1
-1 0 -1 0 1 2 2 2 1
0 -1 -1 2 2 3 2 2 1
0 0 -1 1 1 2 2 2 1
2 -1 -1 4 3 3 2 2 1
0 -1 -1 2 3 3 2 2 1
1 -1 -1 3 3 3 2 2 1
1 -1 -1 3 2 1 2 2 1
1 0 -1 2 2 1 2 2 1
-1 -1 -1 1 2 1 2 2 1
-1 0 -1 0 1 1 2 2 1
0 -1 -1 2 2 1 2 2 1
0 0 -1 1 1 1 2 2 1
-1 -1 -1 1 0 1 2 2 1
-1 0 -1 0 0 1 2 2 1
-3 -1 -1 -1 0 1 2 2 1
-2 -1 -1 0 0 1 2 2 1
0 -1 -1 2 1 1 2 2 1
-2 -1 -1 0 1 1 2 2 1
-1 -1 -1 1 1 1 2 2 1
-1 0 -1 0 0 0 1 1 1
2 -1 -1 4 3 2 2 2 1
2 0 -1 3 3 2 2 2 1
0 -1 -1 2 3 2 2 2 1
1 -1 -1 3 3 2 2 2 1
0 -1 -1 2 1 2 2 2 1
-2 -1 -1 0 1 2 2 2 1
-2 0 -1 -1 0 1 1 1 1
-1 -1 -1 1 1 2 2 2 1
-1 0 -1 0 0 1 1 1 1
1 -1 -1 3 2 2 2 2 1
-1 -1 -1 1 2 2 2 2 1
-1 0 -1 0 1 1 1 1 1
0 -1 -1 2 2 2 2 2 1
0 0 -1 1 1 1 1 1 1
0 -1 -1 2 2 2 1 0 1
0 -1 -1 2 2 1 1 0 1
0 -1 -1 2 1 1 1 0 1
0 0 -1 1 1 1 1 0 1
-2 -1 -1 0 1 1 1 0 1
-1 -1 -1 1 1 1 1 0 1
-1 0 -1 0 0 0 0 0 1
-3 -1 -1 -1 -1 -1 -1 0 1
0 -1 -1 2 2 1 0 0 1
0 -1 -1 2 1 1 0 0 1
0 0 -1 1 1 1 0 0 1
-2 -1 -1 0 1 1 0 0 1
-1 -1 -1 1 1 1 0 0 1
-3 -1 -1 -1 -1 -1 0 0 1
0 -1 -1 2 1 0 0 0 1
0 0 -1 1 1 0 0 0 1
-2 -1 -1 0 1 0 0 0 1
-2 0 -1 -1 0 0 0 0 1
-1 -1 -1 1 1 0 0 0 1
-2 -1 -1 0 -1 0 0 0 1
-2 0 -1 -1 -1 0 0 0 1
-4 -1 -1 -2 -1 0 0 0 1
-3 -1 -1 -1 -1 0 0 0 1
-1 -1 -1 1 0 0 0 0 1
-3 -1 -1 -1 0 0 0 0 1
-2 -1 -1 0 0 0 0 0 1
3 -1 -1 5 4 3 2 1 1
3 0 -1 4 4 3 2 1 1
1 -1 -1 3 4 3 2 1 1
1 0 -1 2 3 3 2 1 1
2 -1 -1 4 4 3 2 1 1
2 0 -1 3 3 3 2 1 1
1 -1 -1 3 2 3 2 1 1
1 0 -1 2 2 3 2 1 1
-1 -1 -1 1 2 3 2 1 1
-1 0 -1 0 1 2 2 1 1
0 -1 -1 2 2 3 2 1 1
0 0 -1 1 1 2 2 1 1
2 -1 -1 4 3 3 2 1 1
0 -1 -1 2 3 3 2 1 1
0 0 -1 1 2 2 2 1 1
1 -1 -1 3 3 3 2 1 1
1 0 -1 2 2 2 2 1 1
1 -1 -1 3 2 1 2 1 1
1 0 -1 2 2 1 2 1 1
-1 -1 -1 1 2 1 2 1 1
-1 0 -1 0 1 1 2 1 1
0 -1 -1 2 2 1 2 1 1
0 0 -1 1 1 1 2 1 1
-1 -1 -1 1 0 1 2 1 1
-1 0 -1 0 0 1 2 1 1
-3 -1 -1 -1 0 1 2 1 1
-3 0 -1 -2 -1 0 1 1 1
-2 -1 -1 0 0 1 2 1 1
-2 0 -1 -1 -1 0 1 1 1
0 -1 -1 2 1 1 2 1 1
-2 -1 -1 0 1 1 2 1 1
-2 0 -1 -1 0 0 1 1 1
-1 -1 -1 1 1 1 2 1 1
2 -1 -1 4 3 2 2 1 1
2 0 -1 3 3 2 2 1 1
0 -1 -1 2 3 2 2 1 1
1 -1 -1 3 3 2 2 1 1
0 -1 -1 2 1 2 2 1 1
-2 -1 -1 0 1 2 2 1 1
-1 -1 -1 1 1 2 2 1 1
1 -1 -1 3 2 2 2 1 1
-1 -1 -1 1 2 2 2 1 1
0 -1 -1 2 2 2 2 1 1
1 -1 -1 3 2 1 0 1 1
1 0 -1 2 2 1 0 1 1
-1 -1 -1 1 2 1 0 1 1
-1 0 -1 0 1 1 0 1 1
0 -1 -1 2 2 1 0 1 1
0 0 -1 1 1 1 0 1 1
-1 -1 -1 1 0 1 0 1 1
-1 0 -1 0 0 1 0 1 1
-3 -1 -1 -1 0 1 0 1 1
-3 0 -1 -2 -1 0 0 1 1
-2 -1 -1 0 0 1 0 1 1
-2 0 -1 -1 -1 0 0 1 1
0 -1 -1 2 1 1 0 1 1
-2 -1 -1 0 1 1 0 1 1
-2 0 -1 -1 0 0 0 1 1
-1 -1 -1 1 1 1 0 1 1
-1 -1 -1 1 0 -1 0 1 1
-1 0 -1 0 0 -1 0 1 1
-3 -1 -1 -1 0 -1 0 1 1
-3 0 -1 -2 -1 -1 0 1 1
-2 -1 -1 0 0 -1 0 1 1
-2 0 -1 -1 -1 -1 0 1 1
-3 -1 -1 -1 -2 -1 0 1 1
-3 0 -1 -2 -2 -1 0 1 1
-5 -1 -1 -3 -2 -1 0 1 1
-4 -1 -1 -2 -2 -1 0 1 1
-2 -1 -1 0 -1 -1 0 1 1
-4 -1 -1 -2 -1 -1 0 1 1
-3 -1 -1 -1 -1 -1 0 1 1
0 -1 -1 2 1 0 0 1 1
0 0 -1 1 1 0 0 1 1
-2 -1 -1 0 1 0 0 1 1
-1 -1 -1 1 1 0 0 1 1
-2 -1 -1 0 -1 0 0 1 1
-4 -1 -1 -2 -1 0 0 1 1
-3 -1 -1 -1 -1 0 0 1 1
-1 -1 -1 1 0 0 0 1 1
-3 -1 -1 -1 0 0 0 1 1
-2 -1 -1 0 0 0 0 1 1
2 -1 -1 4 3 2 1 1 1
2 0 -1 3 3 2 1 1 1
0 -1 -1 2 3 2 1 1 1
0 0 -1 1 2 2 1 1 1
1 -1 -1 3 3 2 1 1 1
1 0 -1 2 2 2 1 1 1
0 -1 -1 2 1 2 1 1 1
0 0 -1 1 1 2 1 1 1
-2 -1 -1 0 1 2 1 1 1
-1 -1 -1 1 1 2 1 1 1
1 -1 -1 3 2 2 1 1 1
-1 -1 -1 1 2 2 1 1 1
0 -1 -1 2 2 2 1 1 1
0 -1 -1 2 1 0 1 1 1
0 0 -1 1 1 0 1 1 1
-2 -1 -1 0 1 0 1 1 1
-1 -1 -1 1 1 0 1 1 1
-2 -1 -1 0 -1 0 1 1 1
-4 -1 -1 -2 -1 0 1 1 1
-3 -1 -1 -1 -1 0 1 1 1
-1 -1 -1 1 0 0 1 1 1
-3 -1 -1 -1 0 0 1 1 1
-2 -1 -1 0 0 0 1 1 1
1 -1 -1 3 2 1 1 1 1
1 0 -1 2 2 1 1 1 1
-1 -1 -1 1 2 1 1 1 1
0 -1 -1 2 2 1 1 1 1
-1 -1 -1 1 0 1 1 1 1
-3 -1 -1 -1 0 1 1 1 1
-2 -1 -1 0 0 1 1 1 1
0 -1 -1 2 1 1 1 1 1
-2 -1 -1 0 1 1 1 1 1
-1 -1 -1 1 1 1 1 1 1
0 -1 -1 2 2 2 1 0 -1
0 -1 -1 2 2 1 1 0 -1
0 -1 -1 2 1 1 1 0 -1
0 0 -1 1 1 1 1 0 -1
-2 -1 -1 0 1 1 1 0 -1
-1 -1 -1 1 1 1 1 0 -1
0 -1 -1 2 2 1 0 0 -1
0 -1 -1 2 1 1 0 0 -1
0 0 -1 1 1 1 0 0 -1
-2 -1 -1 0 1 1 0 0 -1
-1 -1 -1 1 1 1 0 0 -1
0 -1 -1 2 1 0 0 0 -1
0 0 -1 1 1 0 0 0 -1
-2 -1 -1 0 1 0 0 0 -1
-1 -1 -1 1 1 0 0 0 -1
-1 -1 -1 1 0 0 0 0 -1
0 -1 -1 2 2 1 0 -1 -1
0 -1 -1 2 1 1 0 -1 -1
0 0 -1 1 1 1 0 -1 -1
-2 -1 -1 0 1 1 0 -1 -1
-1 -1 -1 1 1 1 0 -1 -1
0 -1 -1 2 1 0 0 -1 -1
0 0 -1 1 1 0 0 -1 -1
-2 -1 -1 0 1 0 0 -1 -1
-1 -1 -1 1 1 0 0 -1 -1
-1 -1 -1 1 0 0 0 -1 -1
0 -1 -1 2 1 0 -1 -1 -1
0 0 -1 1 1 0 -1 -1 -1
-2 -1 -1 0 1 0 -1 -1 -1
-1 -1 -1 1 1 0 -1 -1 -1
-1 -1 -1 1 0 0 -1 -1 -1
-1 -1 -1 1 0 -1 -1 -1 -1
3 -1 -1 5 4 3 2 1 0
3 0 -1 4 4 3 2 1 0
1 -1 -1 3 4 3 2 1 0
1 0 -1 2 3 3 2 1 0
2 -1 -1 4 4 3 2 1 0
2 0 -1 3 3 3 2 1 0
1 -1 -1 3 2 3 2 1 0
1 0 -1 2 2 3 2 1 0
-1 -1 -1 1 2 3 2 1 0
-1 0 -1 0 1 2 2 1 0
0 -1 -1 2 2 3 2 1 0
0 0 -1 1 1 2 2 1 0
2 -1 -1 4 3 3 2 1 0
0 -1 -1 2 3 3 2 1 0
0 0 -1 1 2 2 2 1 0
1 -1 -1 3 3 3 2 1 0
1 0 -1 2 2 2 2 1 0
1 -1 -1 3 2 1 2 1 0
1 0 -1 2 2 1 2 1 0
-1 -1 -1 1 2 1 2 1 0
-1 0 -1 0 1 1 2 1 0
0 -1 -1 2 2 1 2 1 0
0 0 -1 1 1 1 2 1 0
-1 -1 -1 1 0 1 2 1 0
-1 0 -1 0 0 1 2 1 0
-3 -1 -1 -1 0 1 2 1 0
-3 0 -1 -2 -1 0 1 1 0
-2 -1 -1 0 0 1 2 1 0
-2 0 -1 -1 -1 0 1 1 0
0 -1 -1 2 1 1 2 1 0
-2 -1 -1 0 1 1 2 1 0
-2 0 -1 -1 0 0 1 1 0
-1 -1 -1 1 1 1 2 1 0
-1 0 -1 0 0 0 1 1 0
2 -1 -1 4 3 2 2 1 0
2 0 -1 3 3 2 2 1 0
0 -1 -1 2 3 2 2 1 0
1 -1 -1 3 3 2 2 1 0
0 -1 -1 2 1 2 2 1 0
-2 -1 -1 0 1 2 2 1 0
-2 0 -1 -1 0 1 1 1 0
-1 -1 -1 1 1 2 2 1 0
-1 0 -1 0 0 1 1 1 0
1 -1 -1 3 2 2 2 1 0
-1 -1 -1 1 2 2 2 1 0
-1 0 -1 0 1 1 1 1 0
0 -1 -1 2 2 2 2 1 0
0 0 -1 1 1 1 1 1 0
1 -1 -1 3 2 1 0 1 0
1 0 -1 2 2 1 0 1 0
-1 -1 -1 1 2 1 0 1 0
-1 0 -1 0 1 1 0 1 0
0 -1 -1 2 2 1 0 1 0
0 0 -1 1 1 1 0 1 0
-1 -1 -1 1 0 1 0 1 0
-1 0 -1 0 0 1 0 1 0
-3 -1 -1 -1 0 1 0 1 0
-3 0 -1 -2 -1 0 0 1 0
-2 -1 -1 0 0 1 0 1 0
-2 0 -1 -1 -1 0 0 1 0
0 -1 -1 2 1 1 0 1 0
-2 -1 -1 0 1 1 0 1 0
-2 0 -1 -1 0 0 0 1 0
-1 -1 -1 1 1 1 0 1 0
-1 0 -1 0 0 0 0 1 0
-1 -1 -1 1 0 -1 0 1 0
-1 0 -1 0 0 -1 0 1 0
-3 -1 -1 -1 0 -1 0 1 0
-3 0 -1 -2 -1 -1 0 1 0
-2 -1 -1 0 0 -1 0 1 0
-2 0 -1 -1 -1 -1 0 1 0
-3 -1 -1 -1 -2 -1 0 1 0
-3 0 -1 -2 -2 -1 0 1 0
-5 -1 -1 -3 -2 -1 0 1 0
-4 -1 -1 -2 -2 -1 0 1 0
-2 -1 -1 0 -1 -1 0 1 0
-4 -1 -1 -2 -1 -1 0 1 0
-3 -1 -1 -1 -1 -1 0 1 0
0 -1 -1 2 1 0 0 1 0
0 0 -1 1 1 0 0 1 0
-2 -1 -1 0 1 0 0 1 0
-1 -1 -1 1 1 0 0 1 0
-2 -1 -1 0 -1 0 0 1 0
-4 -1 -1 -2 -1 0 0 1 0
-3 -1 -1 -1 -1 0 0 1 0
-1 -1 -1 1 0 0 0 1 0
-3 -1 -1 -1 0 0 0 1 0
-2 -1 -1 0 0 0 0 1 0
2 -1 -1 4 3 2 1 1 0
2 0 -1 3 3 2 1 1 0
0 -1 -1 2 3 2 1 1 0
0 0 -1 1 2 2 1 1 0
1 -1 -1 3 3 2 1 1 0
1 0 -1 2 2 2 1 1 0
0 -1 -1 2 1 2 1 1 0
0 0 -1 1 1 2 1 1 0
-2 -1 -1 0 1 2 1 1 0
-1 -1 -1 1 1 2 1 1 0
1 -1 -1 3 2 2 1 1 0
-1 -1 -1 1 2 2 1 1 0
0 -1 -1 2 2 2 1 1 0
0 -1 -1 2 1 0 1 1 0
0 0 -1 1 1 0 1 1 0
-2 -1 -1 0 1 0 1 1 0
-1 -1 -1 1 1 0 1 1 0
-2 -1 -1 0 -1 0 1 1 0
-4 -1 -1 -2 -1 0 1 1 0
-3 -1 -1 -1 -1 0 1 1 0
-1 -1 -1 1 0 0 1 1 0
-3 -1 -1 -1 0 0 1 1 0
-2 -1 -1 0 0 0 1 1 0
1 -1 -1 3 2 1 1 1 0
1 0 -1 2 2 1 1 1 0
-1 -1 -1 1 2 1 1 1 0
0 -1 -1 2 2 1 1 1 0
-1 -1 -1 1 0 1 1 1 0
-3 -1 -1 -1 0 1 1 1 0
-2 -1 -1 0 0 1 1 1 0
0 -1 -1 2 1 1 1 1 0
-2 -1 -1 0 1 1 1 1 0
-1 -1 -1 1 1 1 1 1 0
1 -1 -1 3 2 1 0 -1 0
1 0 -1 2 2 1 0 -1 0
-1 -1 -1 1 2 1 0 -1 0
-1 0 -1 0 1 1 0 -1 0
0 -1 -1 2 2 1 0 -1 0
0 0 -1 1 1 1 0 -1 0
-1 -1 -1 1 0 1 0 -1 0
-1 0 -1 0 0 1 0 -1 0
-3 -1 -1 -1 0 1 0 -1 0
-2 -1 -1 0 0 1 0 -1 0
0 -1 -1 2 1 1 0 -1 0
-2 -1 -1 0 1 1 0 -1 0
-1 -1 -1 1 1 1 0 -1 0
-1 -1 -1 1 0 -1 0 -1 0
0 -1 -1 2 1 0 0 -1 0
0 0 -1 1 1 0 0 -1 0
-2 -1 -1 0 1 0 0 -1 0
-1 -1 -1 1 1 0 0 -1 0
-1 -1 -1 1 0 0 0 -1 0
-1 -1 -1 1 0 -1 -2 -1 0
0 -1 -1 2 1 0 -1 -1 0
0 0 -1 1 1 0 -1 -1 0
-2 -1 -1 0 1 0 -1 -1 0
-1 -1 -1 1 1 0 -1 -1 0
-1 -1 -1 1 0 0 -1 -1 0
-1 -1 -1 1 0 -1 -1 -1 0
2 -1 -1 4 3 2 1 0 0
2 0 -1 3 3 2 1 0 0
0 -1 -1 2 3 2 1 0 0
0 0 -1 1 2 2 1 0 0
1 -1 -1 3 3 2 1 0 0
1 0 -1 2 2 2 1 0 0
0 -1 -1 2 1 2 1 0 0
0 0 -1 1 1 2 1 0 0
-2 -1 -1 0 1 2 1 0 0
-2 0 -1 -1 0 1 1 0 0
-1 -1 -1 1 1 2 1 0 0
-1 0 -1 0 0 1 1 0 0
1 -1 -1 3 2 2 1 0 0
-1 -1 -1 1 2 2 1 0 0
-1 0 -1 0 1 1 1 0 0
0 -1 -1 2 2 2 1 0 0
0 0 -1 1 1 1 1 0 0
0 -1 -1 2 1 0 1 0 0
0 0 -1 1 1 0 1 0 0
-2 -1 -1 0 1 0 1 0 0
-2 0 -1 -1 0 0 1 0 0
-1 -1 -1 1 1 0 1 0 0
-1 0 -1 0 0 0 1 0 0
-2 -1 -1 0 -1 0 1 0 0
-2 0 -1 -1 -1 0 1 0 0
-4 -1 -1 -2 -1 0 1 0 0
-3 -1 -1 -1 -1 0 1 0 0
-1 -1 -1 1 0 0 1 0 0
-3 -1 -1 -1 0 0 1 0 0
-2 -1 -1 0 0 0 1 0 0
1 -1 -1 3 2 1 1 0 0
1 0 -1 2 2 1 1 0 0
-1 -1 -1 1 2 1 1 0 0
0 -1 -1 2 2 1 1 0 0
-1 -1 -1 1 0 1 1 0 0
-3 -1 -1 -1 0 1 1 0 0
-2 -1 -1 0 0 1 1 0 0
0 -1 -1 2 1 1 1 0 0
-2 -1 -1 0 1 1 1 0 0
-1 -1 -1 1 1 1 1 0 0
0 -1 -1 2 1 0 -1 0 0
0 0 -1 1 1 0 -1 0 0
-2 -1 -1 0 1 0 -1 0 0
-1 -1 -1 1 1 0 -1 0 0
-1 -1 -1 1 0 0 -1 0 0
-1 -1 -1 1 0 -1 -1 0 0
1 -1 -1 3 2 1 0 0 0
1 0 -1 2 2 1 0 0 0
-1 -1 -1 1 2 1 0 0 0
-1 0 -1 0 1 1 0 0 0
0 -1 -1 2 2 1 0 0 0
0 0 -1 1 1 1 0 0 0
-1 -1 -1 1 0 1 0 0 0
-1 0 -1 0 0 1 0 0 0
-3 -1 -1 -1 0 1 0 0 0
-2 -1 -1 0 0 1 0 0 0
0 -1 -1 2 1 1 0 0 0
-2 -1 -1 0 1 1 0 0 0
-1 -1 -1 1 1 1 0 0 0
-1 -1 -1 1 0 -1 0 0 0
0 -1 -1 2 1 0 0 0 0
0 0 -1 1 1 0 0 0 0
-2 -1 -1 0 1 0 0 0 0
-1 -1 -1 1 1 0 0 0 0
-1 -1 -1 1 0 0 0 0 0
5 0 0 6 5 4 3 2 1
5 1 0 5 5 4 3 2 1
3 0 0 4 5 4 3 2 1
3 1 0 3 4 4 3 2 1
4 0 0 5 5 4 3 2 1
4 1 0 4 4 4 3 2 1
3 0 0 4 3 4 3 2 1
3 1 0 3 3 4 3 2 1
1 0 0 2 3 4 3 2 1
1 1 0 1 2 3 3 2 1
2 0 0 3 3 4 3 2 1
2 1 0 2 2 3 3 2 1
4 0 0 5 4 4 3 2 1
2 0 0 3 4 4 3 2 1
2 1 0 2 3 3 3 2 1
3 0 0 4 4 4 3 2 1
3 1 0 3 3 3 3 2 1
3 0 0 4 3 2 3 2 1
3 1 0 3 3 2 3 2 1
1 0 0 2 3 2 3 2 1
1 1 0 1 2 2 3 2 1
2 0 0 3 3 2 3 2 1
2 1 0 2 2 2 3 2 1
1 0 0 2 1 2 3 2 1
1 1 0 1 1 2 3 2 1
-1 0 0 0 1 2 3 2 1
-1 1 0 -1 0 1 2 2 1
0 0 0 1 1 2 3 2 1
0 1 0 0 0 1 2 2 1
2 0 0 3 2 2 3 2 1
0 0 0 1 2 2 3 2 1
0 1 0 0 1 1 2 2 1
1 0 0 2 2 2 3 2 1
1 1 0 1 1 1 2 2 1
4 0 0 5 4 3 3 2 1
4 1 0 4 4 3 3 2 1
2 0 0 3 4 3 3 2 1
3 0 0 4 4 3 3 2 1
2 0 0 3 2 3 3 2 1
0 0 0 1 2 3 3 2 1
0 1 0 0 1 2 2 2 1
1 0 0 2 2 3 3 2 1
1 1 0 1 1 2 2 2 1
3 0 0 4 3 3 3 2 1
1 0 0 2 3 3 3 2 1
1 1 0 1 2 2 2 2 1
2 0 0 3 3 3 3 2 1
2 1 0 2 2 2 2 2 1
3 0 0 4 3 2 1 2 1
3 1 0 3 3 2 1 2 1
1 0 0 2 3 2 1 2 1
1 1 0 1 2 2 1 2 1
2 0 0 3 3 2 1 2 1
2 1 0 2 2 2 1 2 1
1 0 0 2 1 2 1 2 1
1 1 0 1 1 2 1 2 1
-1 0 0 0 1 2 1 2 1
-1 1 0 -1 0 1 1 2 1
0 0 0 1 1 2 1 2 1
0 1 0 0 0 1 1 2 1
2 0 0 3 2 2 1 2 1
0 0 0 1 2 2 1 2 1
0 1 0 0 1 1 1 2 1
1 0 0 2 2 2 1 2 1
1 1 0 1 1 1 1 2 1
1 0 0 2 1 0 1 2 1
1 1 0 1 1 0 1 2 1
-1 0 0 0 1 0 1 2 1
-1 1 0 -1 0 0 1 2 1
0 0 0 1 1 0 1 2 1
0 1 0 0 0 0 1 2 1
-1 0 0 0 -1 0 1 2 1
-1 1 0 -1 -1 0 1 2 1
-3 0 0 -2 -1 0 1 2 1
-3 1 0 -3 -2 -1 0 1 1
-2 0 0 -1 -1 0 1 2 1
-2 1 0 -2 -2 -1 0 1 1
0 0 0 1 0 0 1 2 1
-2 0 0 -1 0 0 1 2 1
-2 1 0 -2 -1 -1 0 1 1
-1 0 0 0 0 0 1 2 1
-1 1 0 -1 -1 -1 0 1 1
2 0 0 3 2 1 1 2 1
2 1 0 2 2 1 1 2 1
0 0 0 1 2 1 1 2 1
1 0 0 2 2 1 1 2 1
0 0 0 1 0 1 1 2 1
-2 0 0 -1 0 1 1 2 1
-2 1 0 -2 -1 0 0 1 1
-1 0 0 0 0 1 1 2 1
-1 1 0 -1 -1 0 0 1 1
1 0 0 2 1 1 1 2 1
-1 0 0 0 1 1 1 2 1
-1 1 0 -1 0 0 0 1 1
0 0 0 1 1 1 1 2 1
0 1 0 0 0 0 0 1 1
4 0 0 5 4 3 2 2 1
4 1 0 4 4 3 2 2 1
2 0 0 3 4 3 2 2 1
2 1 0 2 3 3 2 2 1
3 0 0 4 4 3 2 2 1
3 1 0 3 3 3 2 2 1
2 0 0 3 2 3 2 2 1
2 1 0 2 2 3 2 2 1
0 0 0 1 2 3 2 2 1
1 0 0 2 2 3 2 2 1
3 0 0 4 3 3 2 2 1
1 0 0 2 3 3 2 2 1
2 0 0 3 3 3 2 2 1
2 0 0 3 2 1 2 2 1
2 1 0 2 2 1 2 2 1
0 0 0 1 2 1 2 2 1
1 0 0 2 2 1 2 2 1
0 0 0 1 0 1 2 2 1
-2 0 0 -1 0 1 2 2 1
-2 1 0 -2 -1 0 1 1 1
-1 0 0 0 0 1 2 2 1
-1 1 0 -1 -1 0 1 1 1
1 0 0 2 1 1 2 2 1
-1 0 0 0 1 1 2 2 1
-1 1 0 -1 0 0 1 1 1
0 0 0 1 1 1 2 2 1
0 1 0 0 0 0 1 1 1
3 0 0 4 3 2 2 2 1
3 1 0 3 3 2 2 2 1
1 0 0 2 3 2 2 2 1
2 0 0 3 3 2 2 2 1
1 0 0 2 1 2 2 2 1
-1 0 0 0 1 2 2 2 1
-1 1 0 -1 0 1 1 1 1
0 0 0 1 1 2 2 2 1
0 1 0 0 0 1 1 1 1
2 0 0 3 2 2 2 2 1
0 0 0 1 2 2 2 2 1
0 1 0 0 1 1 1 1 1
1 0 0 2 2 2 2 2 1
1 1 0 1 1 1 1 1 1
3 0 0 4 3 2 1 0 1
3 1 0 3 3 2 1 0 1
1 0 0 2 3 2 1 0 1
1 1 0 1 2 2 1 0 1
2 0 0 3 3 2 1 0 1
2 1 0 2 2 2 1 0 1
1 0 0 2 1 2 1 0 1
1 1 0 1 1 2 1 0 1
-1 0 0 0 1 2 1 0 1
-1 1 0 -1 0 1 1 0 1
0 0 0 1 1 2 1 0 1
0 1 0 0 0 1 1 0 1
2 0 0 3 2 2 1 0 1
0 0 0 1 2 2 1 0 1
0 1 0 0 1 1 1 0 1
1 0 0 2 2 2 1 0 1
1 1 0 1 1 1 1 0 1
1 0 0 2 1 0 1 0 1
1 1 0 1 1 0 1 0 1
-1 0 0 0 1 0 1 0 1
-1 1 0 -1 0 0 1 0 1
0 0 0 1 1 0 1 0 1
0 1 0 0 0 0 1 0 1
-1 0 0 0 -1 0 1 0 1
-1 1 0 -1 -1 0 1 0 1
-3 0 0 -2 -1 0 1 0 1
-3 1 0 -3 -2 -1 0 0 1
-2 0 0 -1 -1 0 1 0 1
-2 1 0 -2 -2 -1 0 0 1
0 0 0 1 0 0 1 0 1
-2 0 0 -1 0 0 1 0 1
-2 1 0 -2 -1 -1 0 0 1
-1 0 0 0 0 0 1 0 1
-1 1 0 -1 -1 -1 0 0 1
2 0 0 3 2 1 1 0 1
2 1 0 2 2 1 1 0 1
0 0 0 1 2 1 1 0 1
1 0 0 2 2 1 1 0 1
0 0 0 1 0 1 1 0 1
-2 0 0 -1 0 1 1 0 1
-2 1 0 -2 -1 0 0 0 1
-1 0 0 0 0 1 1 0 1
-1 1 0 -1 -1 0 0 0 1
1 0 0 2 1 1 1 0 1
-1 0 0 0 1 1 1 0 1
-1 1 0 -1 0 0 0 0 1
0 0 0 1 1 1 1 0 1
0 1 0 0 0 0 0 0 1
1 0 0 2 1 0 -1 0 1
1 1 0 1 1 0 -1 0 1
-1 0 0 0 1 0 -1 0 1
-1 1 0 -1 0 0 -1 0 1
0 0 0 1 1 0 -1 0 1
0 1 0 0 0 0 -1 0 1
-1 0 0 0 -1 0 -1 0 1
-1 1 0 -1 -1 0 -1 0 1
-3 0 0 -2 -1 0 -1 0 1
-3 1 0 -3 -2 -1 -1 0 1
-2 0 0 -1 -1 0 -1 0 1
-2 1 0 -2 -2 -1 -1 0 1
0 0 0 1 0 0 -1 0 1
-2 0 0 -1 0 0 -1 0 1
-2 1 0 -2 -1 -1 -1 0 1
-1 0 0 0 0 0 -1 0 1
-1 1 0 -1 -1 -1 -1 0 1
-1 0 0 0 -1 -2 -1 0 1
-1 1 0 -1 -1 -2 -1 0 1
-3 0 0 -2 -1 -2 -1 0 1
-3 1 0 -3 -2 -2 -1 0 1
-2 0 0 -1 -1 -2 -1 0 1
-2 1 0 -2 -2 -2 -1 0 1
-3 0 0 -2 -3 -2 -1 0 1
-3 1 0 -3 -3 -2 -1 0 1
-5 0 0 -4 -3 -2 -1 0 1
-5 1 0 -5 -4 -3 -2 -1 0
-4 0 0 -3 -3 -2 -1 0 1
-4 1 0 -4 -4 -3 -2 -1 0
-2 0 0 -1 -2 -2 -1 0 1
-4 0 0 -3 -2 -2 -1 0 1
-4 1 0 -4 -3 -3 -2 -1 0
-3 0 0 -2 -2 -2 -1 0 1
-3 1 0 -3 -3 -3 -2 -1 0
0 0 0 1 0 -1 -1 0 1
0 1 0 0 0 -1 -1 0 1
-2 0 0 -1 0 -1 -1 0 1
-1 0 0 0 0 -1 -1 0 1
-2 0 0 -1 -2 -1 -1 0 1
-4 0 0 -3 -2 -1 -1 0 1
-4 1 0 -4 -3 -2 -2 -1 0
-3 0 0 -2 -2 -1 -1 0 1
-3 1 0 -3 -3 -2 -2 -1 0
-1 0 0 0 -1 -1 -1 0 1
-3 0 0 -2 -1 -1 -1 0 1
-3 1 0 -3 -2 -2 -2 -1 0
-2 0 0 -1 -1 -1 -1 0 1
-2 1 0 -2 -2 -2 -2 -1 0
2 0 0 3 2 1 0 0 1
2 1 0 2 2 1 0 0 1
0 0 0 1 2 1 0 0 1
0 1 0 0 1 1 0 0 1
1 0 0 2 2 1 0 0 1
1 1 0 1 1 1 0 0 1
0 0 0 1 0 1 0 0 1
0 1 0 0 0 1 0 0 1
-2 0 0 -1 0 1 0 0 1
-1 0 0 0 0 1 0 0 1
1 0 0 2 1 1 0 0 1
-1 0 0 0 1 1 0 0 1
0 0 0 1 1 1 0 0 1
0 0 0 1 0 -1 0 0 1
0 1 0 0 0 -1 0 0 1
-2 0 0 -1 0 -1 0 0 1
-1 0 0 0 0 -1 0 0 1
-2 0 0 -1 -2 -1 0 0 1
-4 0 0 -3 -2 -1 0 0 1
-4 1 0 -4 -3 -2 -1 -1 0
-3 0 0 -2 -2 -1 0 0 1
-3 1 0 -3 -3 -2 -1 -1 0
-1 0 0 0 -1 -1 0 0 1
-3 0 0 -2 -1 -1 0 0 1
-3 1 0 -3 -2 -2 -1 -1 0
-2 0 0 -1 -1 -1 0 0 1
-2 1 0 -2 -2 -2 -1 -1 0
1 0 0 2 1 0 0 0 1
1 1 0 1 1 0 0 0 1
-1 0 0 0 1 0 0 0 1
0 0 0 1 1 0 0 0 1
-1 0 0 0 -1 0 0 0 1
-3 0 0 -2 -1 0 0 0 1
-3 1 0 -3 -2 -1 -1 -1 0
-2 0 0 -1 -1 0 0 0 1
-2 1 0 -2 -2 -1 -1 -1 0
0 0 0 1 0 0 0 0 1
-2 0 0 -1 0 0 0 0 1
-2 1 0 -2 -1 -1 -1 -1 0
-1 0 0 0 0 0 0 0 1
-1 1 0 -1 -1 -1 -1 -1 0
4 0 0 5 4 3 2 1 1
4 1 0 4 4 3 2 1 1
2 0 0 3 4 3 2 1 1
2 1 0 2 3 3 2 1 1
3 0 0 4 4 3 2 1 1
3 1 0 3 3 3 2 1 1
2 0 0 3 2 3 2 1 1
2 1 0 2 2 3 2 1 1
0 0 0 1 2 3 2 1 1
0 1 0 0 1 2 2 1 1
1 0 0 2 2 3 2 1 1
1 1 0 1 1 2 2 1 1
3 0 0 4 3 3 2 1 1
1 0 0 2 3 3 2 1 1
1 1 0 1 2 2 2 1 1
2 0 0 3 3 3 2 1 1
2 1 0 2 2 2 2 1 1
2 0 0 3 2 1 2 1 1
2 1 0 2 2 1 2 1 1
0 0 0 1 2 1 2 1 1
0 1 0 0 1 1 2 1 1
1 0 0 2 2 1 2 1 1
1 1 0 1 1 1 2 1 1
0 0 0 1 0 1 2 1 1
0 1 0 0 0 1 2 1 1
-2 0 0 -1 0 1 2 1 1
-1 0 0 0 0 1 2 1 1
1 0 0 2 1 1 2 1 1
-1 0 0 0 1 1 2 1 1
0 0 0 1 1 1 2 1 1
3 0 0 4 3 2 2 1 1
3 1 0 3 3 2 2 1 1
1 0 0 2 3 2 2 1 1
2 0 0 3 3 2 2 1 1
1 0 0 2 1 2 2 1 1
-1 0 0 0 1 2 2 1 1
0 0 0 1 1 2 2 1 1
2 0 0 3 2 2 2 1 1
0 0 0 1 2 2 2 1 1
1 0 0 2 2 2 2 1 1
2 0 0 3 2 1 0 1 1
2 1 0 2 2 1 0 1 1
0 0 0 1 2 1 0 1 1
0 1 0 0 1 1 0 1 1
1 0 0 2 2 1 0 1 1
1 1 0 1 1 1 0 1 1
0 0 0 1 0 1 0 1 1
0 1 0 0 0 1 0 1 1
-2 0 0 -1 0 1 0 1 1
-1 0 0 0 0 1 0 1 1
1 0 0 2 1 1 0 1 1
-1 0 0 0 1 1 0 1 1
0 0 0 1 1 1 0 1 1
0 0 0 1 0 -1 0 1 1
0 1 0 0 0 -1 0 1 1
-2 0 0 -1 0 -1 0 1 1
-1 0 0 0 0 -1 0 1 1
-2 0 0 -1 -2 -1 0 1 1
-4 0 0 -3 -2 -1 0 1 1
-4 1 0 -4 -3 -2 -1 0 0
-3 0 0 -2 -2 -1 0 1 1
-3 1 0 -3 -3 -2 -1 0 0
-1 0 0 0 -1 -1 0 1 1
-3 0 0 -2 -1 -1 0 1 1
-3 1 0 -3 -2 -2 -1 0 0
-2 0 0 -1 -1 -1 0 1 1
-2 1 0 -2 -2 -2 -1 0 0
1 0 0 2 1 0 0 1 1
1 1 0 1 1 0 0 1 1
-1 0 0 0 1 0 0 1 1
0 0 0 1 1 0 0 1 1
-1 0 0 0 -1 0 0 1 1
-3 0 0 -2 -1 0 0 1 1
-3 1 0 -3 -2 -1 -1 0 0
-2 0 0 -1 -1 0 0 1 1
-2 1 0 -2 -2 -1 -1 0 0
0 0 0 1 0 0 0 1 1
-2 0 0 -1 0 0 0 1 1
-2 1 0 -2 -1 -1 -1 0 0
-1 0 0 0 0 0 0 1 1
-1 1 0 -1 -1 -1 -1 0 0
3 0 0 4 3 2 1 1 1
3 1 0 3 3 2 1 1 1
1 0 0 2 3 2 1 1 1
1 1 0 1 2 2 1 1 1
2 0 0 3 3 2 1 1 1
2 1 0 2 2 2 1 1 1
1 0 0 2 1 2 1 1 1
1 1 0 1 1 2 1 1 1
-1 0 0 0 1 2 1 1 1
0 0 0 1 1 2 1 1 1
2 0 0 3 2 2 1 1 1
0 0 0 1 2 2 1 1 1
1 0 0 2 2 2 1 1 1
1 0 0 2 1 0 1 1 1
1 1 0 1 1 0 1 1 1
-1 0 0 0 1 0 1 1 1
0 0 0 1 1 0 1 1 1
-1 0 0 0 -1 0 1 1 1
-3 0 0 -2 -1 0 1 1 1
-3 1 0 -3 -2 -1 0 0 0
-2 0 0 -1 -1 0 1 1 1
-2 1 0 -2 -2 -1 0 0 0
0 0 0 1 0 0 1 1 1
-2 0 0 -1 0 0 1 1 1
-2 1 0 -2 -1 -1 0 0 0
-1 0 0 0 0 0 1 1 1
-1 1 0 -1 -1 -1 0 0 0
2 0 0 3 2 1 1 1 1
2 1 0 2 2 1 1 1 1
0 0 0 1 2 1 1 1 1
1 0 0 2 2 1 1 1 1
0 0 0 1 0 1 1 1 1
-2 0 0 -1 0 1 1 1 1
-2 1 0 -2 -1 0 0 0 0
-1 0 0 0 0 1 1 1 1
-1 1 0 -1 -1 0 0 0 0
1 0 0 2 1 1 1 1 1
-1 0 0 0 1 1 1 1 1
-1 1 0 -1 0 0 0 0 0
0 0 0 1 1 1 1 1 1
0 1 0 0 0 0 0 0 0
3 0 0 4 3 2 1 0 -1
3 1 0 3 3 2 1 0 -1
1 0 0 2 3 2 1 0 -1
1 1 0 1 2 2 1 0 -1
2 0 0 3 3 2 1 0 -1
2 1 0 2 2 2 1 0 -1
1 0 0 2 1 2 1 0 -1
1 1 0 1 1 2 1 0 -1
-1 0 0 0 1 2 1 0 -1
-1 1 0 -1 0 1 1 0 -1
0 0 0 1 1 2 1 0 -1
0 1 0 0 0 1 1 0 -1
2 0 0 3 2 2 1 0 -1
0 0 0 1 2 2 1 0 -1
0 1 0 0 1 1 1 0 -1
1 0 0 2 2 2 1 0 -1
1 1 0 1 1 1 1 0 -1
1 0 0 2 1 0 1 0 -1
1 1 0 1 1 0 1 0 -1
-1 0 0 0 1 0 1 0 -1
-1 1 0 -1 0 0 1 0 -1
0 0 0 1 1 0 1 0 -1
0 1 0 0 0 0 1 0 -1
-1 0 0 0 -1 0 1 0 -1
-1 1 0 -1 -1 0 1 0 -1
-3 0 0 -2 -1 0 1 0 -1
-3 1 0 -3 -2 -1 0 0 -1
-2 0 0 -1 -1 0 1 0 -1
-2 1 0 -2 -2 -1 0 0 -1
0 0 0 1 0 0 1 0 -1
-2 0 0 -1 0 0 1 0 -1
-2 1 0 -2 -1 -1 0 0 -1
-1 0 0 0 0 0 1 0 -1
-1 1 0 -1 -1 -1 0 0 -1
2 0 0 3 2 1 1 0 -1
2 1 0 2 2 1 1 0 -1
0 0 0 1 2 1 1 0 -1
1 0 0 2 2 1 1 0 -1
0 0 0 1 0 1 1 0 -1
-2 0 0 -1 0 1 1 0 -1
-2 1 0 -2 -1 0 0 0 -1
-1 0 0 0 0 1 1 0 -1
-1 1 0 -1 -1 0 0 0 -1
1 0 0 2 1 1 1 0 -1
-1 0 0 0 1 1 1 0 -1
-1 1 0 -1 0 0 0 0 -1
0 0 0 1 1 1 1 0 -1
0 1 0 0 0 0 0 0 -1
1 0 0 2 1 0 -1 0 -1
1 1 0 1 1 0 -1 0 -1
-1 0 0 0 1 0 -1 0 -1
-1 1 0 -1 0 0 -1 0 -1
0 0 0 1 1 0 -1 0 -1
0 1 0 0 0 0 -1 0 -1
-1 1 0 -1 -1 0 -1 0 -1
-3 1 0 -3 -2 -1 -1 0 -1
-2 1 0 -2 -2 -1 -1 0 -1
0 0 0 1 0 0 -1 0 -1
-2 1 0 -2 -1 -1 -1 0 -1
-1 1 0 -1 -1 -1 -1 0 -1
-1 1 0 -1 -1 -2 -1 0 -1
-3 1 0 -3 -2 -2 -1 0 -1
-2 1 0 -2 -2 -2 -1 0 -1
-3 1 0 -3 -3 -2 -1 0 -1
-5 1 0 -5 -4 -3 -2 -1 -1
-4 1 0 -4 -4 -3 -2 -1 -1
-4 1 0 -4 -3 -3 -2 -1 -1
-3 1 0 -3 -3 -3 -2 -1 -1
0 0 0 1 0 -1 -1 0 -1
0 1 0 0 0 -1 -1 0 -1
-4 1 0 -4 -3 -2 -2 -1 -1
-3 1 0 -3 -3 -2 -2 -1 -1
-3 1 0 -3 -2 -2 -2 -1 -1
-2 1 0 -2 -2 -2 -2 -1 -1
2 0 0 3 2 1 0 0 -1
2 1 0 2 2 1 0 0 -1
0 0 0 1 2 1 0 0 -1
0 1 0 0 1 1 0 0 -1
1 0 0 2 2 1 0 0 -1
1 1 0 1 1 1 0 0 -1
0 0 0 1 0 1 0 0 -1
0 1 0 0 0 1 0 0 -1
-2 0 0 -1 0 1 0 0 -1
-1 0 0 0 0 1 0 0 -1
1 0 0 2 1 1 0 0 -1
-1 0 0 0 1 1 0 0 -1
0 0 0 1 1 1 0 0 -1
0 0 0 1 0 -1 0 0 -1
0 1 0 0 0 -1 0 0 -1
-4 1 0 -4 -3 -2 -1 -1 -1
-3 1 0 -3 -3 -2 -1 -1 -1
-3 1 0 -3 -2 -2 -1 -1 -1
-2 1 0 -2 -2 -2 -1 -1 -1
1 0 0 2 1 0 0 0 -1
1 1 0 1 1 0 0 0 -1
-1 0 0 0 1 0 0 0 -1
0 0 0 1 1 0 0 0 -1
-3 1 0 -3 -2 -1 -1 -1 -1
-2 1 0 -2 -2 -1 -1 -1 -1
0 0 0 1 0 0 0 0 -1
-2 1 0 -2 -1 -1 -1 -1 -1
-1 1 0 -1 -1 -1 -1 -1 -1
1 0 0 2 1 0 -1 -2 -1
1 1 0 1 1 0 -1 -2 -1
-1 0 0 0 1 0 -1 -2 -1
-1 1 0 -1 0 0 -1 -2 -1
0 0 0 1 1 0 -1 -2 -1
0 1 0 0 0 0 -1 -2 -1
-1 1 0 -1 -1 0 -1 -2 -1
-3 1 0 -3 -2 -1 -1 -2 -1
-2 1 0 -2 -2 -1 -1 -2 -1
0 0 0 1 0 0 -1 -2 -1
-2 1 0 -2 -1 -1 -1 -2 -1
-1 1 0 -1 -1 -1 -1 -2 -1
-1 1 0 -1 -1 -2 -1 -2 -1
-3 1 0 -3 -2 -2 -1 -2 -1
-2 1 0 -2 -2 -2 -1 -2 -1
-3 1 0 -3 -3 -2 -1 -2 -1
-5 1 0 -5 -4 -3 -2 -2 -1
-4 1 0 -4 -4 -3 -2 -2 -1
-4 1 0 -4 -3 -3 -2 -2 -1
-3 1 0 -3 -3 -3 -2 -2 -1
0 0 0 1 0 -1 -1 -2 -1
0 1 0 0 0 -1 -1 -2 -1
-4 1 0 -4 -3 -2 -2 -2 -1
-3 1 0 -3 -3 -2 -2 -2 -1
-3 1 0 -3 -2 -2 -2 -2 -1
-2 1 0 -2 -2 -2 -2 -2 -1
-1 1 0 -1 -1 -2 -3 -2 -1
-3 1 0 -3 -2 -2 -3 -2 -1
-2 1 0 -2 -2 -2 -3 -2 -1
-3 1 0 -3 -3 -2 -3 -2 -1
-5 1 0 -5 -4 -3 -3 -2 -1
-4 1 0 -4 -4 -3 -3 -2 -1
-4 1 0 -4 -3 -3 -3 -2 -1
-3 1 0 -3 -3 -3 -3 -2 -1
-3 1 0 -3 -3 -4 -3 -2 -1
-5 1 0 -5 -4 -4 -3 -2 -1
-4 1 0 -4 -4 -4 -3 -2 -1
-5 1 0 -5 -5 -4 -3 -2 -1
-2 1 0 -2 -2 -3 -3 -2 -1
0 0 0 1 0 -1 -2 -2 -1
0 1 0 0 0 -1 -2 -2 -1
-2 1 0 -2 -1 -1 -2 -2 -1
-1 1 0 -1 -1 -1 -2 -2 -1
-2 1 0 -2 -2 -1 -2 -2 -1
-2 1 0 -2 -2 -3 -2 -2 -1
-1 1 0 -1 -1 -2 -2 -2 -1
2 0 0 3 2 1 0 -1 -1
2 1 0 2 2 1 0 -1 -1
0 0 0 1 2 1 0 -1 -1
0 1 0 0 1 1 0 -1 -1
1 0 0 2 2 1 0 -1 -1
1 1 0 1 1 1 0 -1 -1
0 0 0 1 0 1 0 -1 -1
0 1 0 0 0 1 0 -1 -1
-2 0 0 -1 0 1 0 -1 -1
-2 1 0 -2 -1 0 0 -1 -1
-1 0 0 0 0 1 0 -1 -1
-1 1 0 -1 -1 0 0 -1 -1
1 0 0 2 1 1 0 -1 -1
-1 0 0 0 1 1 0 -1 -1
-1 1 0 -1 0 0 0 -1 -1
0 0 0 1 1 1 0 -1 -1
0 1 0 0 0 0 0 -1 -1
0 0 0 1 0 -1 0 -1 -1
0 1 0 0 0 -1 0 -1 -1
-2 1 0 -2 -1 -1 0 -1 -1
-1 1 0 -1 -1 -1 0 -1 -1
-2 1 0 -2 -2 -1 0 -1 -1
1 0 0 2 1 0 0 -1 -1
1 1 0 1 1 0 0 -1 -1
-1 0 0 0 1 0 0 -1 -1
0 0 0 1 1 0 0 -1 -1
0 0 0 1 0 0 0 -1 -1
0 0 0 1 0 -1 -2 -1 -1
0 1 0 0 0 -1 -2 -1 -1
-2 1 0 -2 -1 -1 -2 -1 -1
-1 1 0 -1 -1 -1 -2 -1 -1
-2 1 0 -2 -2 -1 -2 -1 -1
-2 1 0 -2 -2 -3 -2 -1 -1
-1 1 0 -1 -1 -2 -2 -1 -1
1 0 0 2 1 0 -1 -1 -1
1 1 0 1 1 0 -1 -1 -1
-1 0 0 0 1 0 -1 -1 -1
-1 1 0 -1 0 0 -1 -1 -1
0 0 0 1 1 0 -1 -1 -1
0 1 0 0 0 0 -1 -1 -1
-1 1 0 -1 -1 0 -1 -1 -1
0 0 0 1 0 0 -1 -1 -1
-1 1 0 -1 -1 -2 -1 -1 -1
0 0 0 1 0 -1 -1 -1 -1
0 1 0 0 0 -1 -1 -1 -1
4 0 0 5 4 3 2 1 0
4 1 0 4 4 3 2 1 0
2 0 0 3 4 3 2 1 0
2 1 0 2 3 3 2 1 0
3 0 0 4 4 3 2 1 0
3 1 0 3 3 3 2 1 0
2 0 0 3 2 3 2 1 0
2 1 0 2 2 3 2 1 0
0 0 0 1 2 3 2 1 0
0 1 0 0 1 2 2 1 0
1 0 0 2 2 3 2 1 0
1 1 0 1 1 2 2 1 0
3 0 0 4 3 3 2 1 0
1 0 0 2 3 3 2 1 0
1 1 0 1 2 2 2 1 0
2 0 0 3 3 3 2 1 0
2 1 0 2 2 2 2 1 0
2 0 0 3 2 1 2 1 0
2 1 0 2 2 1 2 1 0
0 0 0 1 2 1 2 1 0
0 1 0 0 1 1 2 1 0
1 0 0 2 2 1 2 1 0
1 1 0 1 1 1 2 1 0
0 0 0 1 0 1 2 1 0
0 1 0 0 0 1 2 1 0
-2 0 0 -1 0 1 2 1 0
-2 1 0 -2 -1 0 1 1 0
-1 0 0 0 0 1 2 1 0
-1 1 0 -1 -1 0 1 1 0
1 0 0 2 1 1 2 1 0
-1 0 0 0 1 1 2 1 0
-1 1 0 -1 0 0 1 1 0
0 0 0 1 1 1 2 1 0
0 1 0 0 0 0 1 1 0
3 0 0 4 3 2 2 1 0
3 1 0 3 3 2 2 1 0
1 0 0 2 3 2 2 1 0
2 0 0 3 3 2 2 1 0
1 0 0 2 1 2 2 1 0
-1 0 0 0 1 2 2 1 0
-1 1 0 -1 0 1 1 1 0
0 0 0 1 1 2 2 1 0
0 1 0 0 0 1 1 1 0
2 0 0 3 2 2 2 1 0
0 0 0 1 2 2 2 1 0
0 1 0 0 1 1 1 1 0
1 0 0 2 2 2 2 1 0
1 1 0 1 1 1 1 1 0
2 0 0 3 2 1 0 1 0
2 1 0 2 2 1 0 1 0
0 0 0 1 2 1 0 1 0
0 1 0 0 1 1 0 1 0
1 0 0 2 2 1 0 1 0
1 1 0 1 1 1 0 1 0
0 0 0 1 0 1 0 1 0
0 1 0 0 0 1 0 1 0
-2 0 0 -1 0 1 0 1 0
-2 1 0 -2 -1 0 0 1 0
-1 0 0 0 0 1 0 1 0
-1 1 0 -1 -1 0 0 1 0
1 0 0 2 1 1 0 1 0
-1 0 0 0 1 1 0 1 0
-1 1 0 -1 0 0 0 1 0
0 0 0 1 1 1 0 1 0
0 1 0 0 0 0 0 1 0
0 0 0 1 0 -1 0 1 0
0 1 0 0 0 -1 0 1 0
-2 0 0 -1 0 -1 0 1 0
-2 1 0 -2 -1 -1 0 1 0
-1 0 0 0 0 -1 0 1 0
-1 1 0 -1 -1 -1 0 1 0
-2 0 0 -1 -2 -1 0 1 0
-2 1 0 -2 -2 -1 0 1 0
-4 0 0 -3 -2 -1 0 1 0
-3 0 0 -2 -2 -1 0 1 0
-1 0 0 0 -1 -1 0 1 0
-3 0 0 -2 -1 -1 0 1 0
-2 0 0 -1 -1 -1 0 1 0
1 0 0 2 1 0 0 1 0
1 1 0 1 1 0 0 1 0
-1 0 0 0 1 0 0 1 0
0 0 0 1 1 0 0 1 0
-1 0 0 0 -1 0 0 1 0
-3 0 0 -2 -1 0 0 1 0
-2 0 0 -1 -1 0 0 1 0
0 0 0 1 0 0 0 1 0
-2 0 0 -1 0 0 0 1 0
-1 0 0 0 0 0 0 1 0
3 0 0 4 3 2 1 1 0
3 1 0 3 3 2 1 1 0
1 0 0 2 3 2 1 1 0
1 1 0 1 2 2 1 1 0
2 0 0 3 3 2 1 1 0
2 1 0 2 2 2 1 1 0
1 0 0 2 1 2 1 1 0
1 1 0 1 1 2 1 1 0
-1 0 0 0 1 2 1 1 0
0 0 0 1 1 2 1 1 0
2 0 0 3 2 2 1 1 0
0 0 0 1 2 2 1 1 0
1 0 0 2 2 2 1 1 0
1 0 0 2 1 0 1 1 0
1 1 0 1 1 0 1 1 0
-1 0 0 0 1 0 1 1 0
0 0 0 1 1 0 1 1 0
-1 0 0 0 -1 0 1 1 0
-3 0 0 -2 -1 0 1 1 0
-2 0 0 -1 -1 0 1 1 0
0 0 0 1 0 0 1 1 0
-2 0 0 -1 0 0 1 1 0
-1 0 0 0 0 0 1 1 0
2 0 0 3 2 1 1 1 0
2 1 0 2 2 1 1 1 0
0 0 0 1 2 1 1 1 0
1 0 0 2 2 1 1 1 0
0 0 0 1 0 1 1 1 0
-2 0 0 -1 0 1 1 1 0
-1 0 0 0 0 1 1 1 0
1 0 0 2 1 1 1 1 0
-1 0 0 0 1 1 1 1 0
0 0 0 1 1 1 1 1 0
2 0 0 3 2 1 0 -1 0
2 1 0 2 2 1 0 -1 0
0 0 0 1 2 1 0 -1 0
0 1 0 0 1 1 0 -1 0
1 0 0 2 2 1 0 -1 0
1 1 0 1 1 1 0 -1 0
0 0 0 1 0 1 0 -1 0
0 1 0 0 0 1 0 -1 0
-2 0 0 -1 0 1 0 -1 0
-2 1 0 -2 -1 0 0 -1 0
-1 0 0 0 0 1 0 -1 0
-1 1 0 -1 -1 0 0 -1 0
1 0 0 2 1 1 0 -1 0
-1 0 0 0 1 1 0 -1 0
-1 1 0 -1 0 0 0 -1 0
0 0 0 1 1 1 0 -1 0
0 1 0 0 0 0 0 -1 0
0 0 0 1 0 -1 0 -1 0
0 1 0 0 0 -1 0 -1 0
-2 1 0 -2 -1 -1 0 -1 0
-1 1 0 -1 -1 -1 0 -1 0
-2 1 0 -2 -2 -1 0 -1 0
1 0 0 2 1 0 0 -1 0
1 1 0 1 1 0 0 -1 0
-1 0 0 0 1 0 0 -1 0
0 0 0 1 1 0 0 -1 0
0 0 0 1 0 0 0 -1 0
0 0 0 1 0 -1 -2 -1 0
0 1 0 0 0 -1 -2 -1 0
-2 1 0 -2 -1 -1 -2 -1 0
-1 1 0 -1 -1 -1 -2 -1 0
-2 1 0 -2 -2 -1 -2 -1 0
-2 1 0 -2 -2 -3 -2 -1 0
-1 1 0 -1 -1 -2 -2 -1 0
1 0 0 2 1 0 -1 -1 0
1 1 0 1 1 0 -1 -1 0
-1 0 0 0 1 0 -1 -1 0
-1 1 0 -1 0 0 -1 -1 0
0 0 0 1 1 0 -1 -1 0
0 1 0 0 0 0 -1 -1 0
-1 1 0 -1 -1 0 -1 -1 0
0 0 0 1 0 0 -1 -1 0
-1 1 0 -1 -1 -2 -1 -1 0
0 0 0 1 0 -1 -1 -1 0
0 1 0 0 0 -1 -1 -1 0
3 0 0 4 3 2 1 0 0
3 1 0 3 3 2 1 0 0
1 0 0 2 3 2 1 0 0
1 1 0 1 2 2 1 0 0
2 0 0 3 3 2 1 0 0
2 1 0 2 2 2 1 0 0
1 0 0 2 1 2 1 0 0
1 1 0 1 1 2 1 0 0
-1 0 0 0 1 2 1 0 0
-1 1 0 -1 0 1 1 0 0
0 0 0 1 1 2 1 0 0
0 1 0 0 0 1 1 0 0
2 0 0 3 2 2 1 0 0
0 0 0 1 2 2 1 0 0
0 1 0 0 1 1 1 0 0
1 0 0 2 2 2 1 0 0
1 1 0 1 1 1 1 0 0
1 0 0 2 1 0 1 0 0
1 1 0 1 1 0 1 0 0
-1 0 0 0 1 0 1 0 0
-1 1 0 -1 0 0 1 0 0
0 0 0 1 1 0 1 0 0
0 1 0 0 0 0 1 0 0
-1 0 0 0 -1 0 1 0 0
-1 1 0 -1 -1 0 1 0 0
-3 0 0 -2 -1 0 1 0 0
-2 0 0 -1 -1 0 1 0 0
0 0 0 1 0 0 1 0 0
-2 0 0 -1 0 0 1 0 0
-1 0 0 0 0 0 1 0 0
2 0 0 3 2 1 1 0 0
2 1 0 2 2 1 1 0 0
0 0 0 1 2 1 1 0 0
1 0 0 2 2 1 1 0 0
0 0 0 1 0 1 1 0 0
-2 0 0 -1 0 1 1 0 0
-1 0 0 0 0 1 1 0 0
1 0 0 2 1 1 1 0 0
-1 0 0 0 1 1 1 0 0
0 0 0 1 1 1 1 0 0
1 0 0 2 1 0 -1 0 0
1 1 0 1 1 0 -1 0 0
-1 0 0 0 1 0 -1 0 0
-1 1 0 -1 0 0 -1 0 0
0 0 0 1 1 0 -1 0 0
0 1 0 0 0 0 -1 0 0
-1 1 0 -1 -1 0 -1 0 0
0 0 0 1 0 0 -1 0 0
-1 1 0 -1 -1 -2 -1 0 0
0 0 0 1 0 -1 -1 0 0
0 1 0 0 0 -1 -1 0 0
2 0 0 3 2 1 0 0 0
2 1 0 2 2 1 0 0 0
0 0 0 1 2 1 0 0 0
0 1 0 0 1 1 0 0 0
1 0 0 2 2 1 0 0 0
1 1 0 1 1 1 0 0 0
0 0 0 1 0 1 0 0 0
0 1 0 0 0 1 0 0 0
-2 0 0 -1 0 1 0 0 0
-1 0 0 0 0 1 0 0 0
1 0 0 2 1 1 0 0 0
-1 0 0 0 1 1 0 0 0
0 0 0 1 1 1 0 0 0
0 0 0 1 0 -1 0 0 0
0 1 0 0 0 -1 0 0 0
1 0 0 2 1 0 0 0 0
1 1 0 1 1 0 0 0 0
-1 0 0 0 1 0 0 0 0
0 0 0 1 1 0 0 0 0
0 0 0 1 0 0 0 0 0
3 -1 0 5 5 4 3 2 1
3 0 1 4 4 4 3 2 1
3 -1 0 5 4 4 3 2 1
1 -1 0 3 4 4 3 2 1
1 0 1 2 3 3 3 2 1
2 -1 0 4 4 4 3 2 1
2 0 1 3 3 3 3 2 1
0 -1 0 2 2 2 3 2 1
0 0 1 1 1 1 2 2 1
3 -1 0 5 4 3 3 2 1
3 0 1 4 4 3 3 2 1
1 -1 0 3 4 3 3 2 1
2 -1 0 4 4 3 3 2 1
1 -1 0 3 2 3 3 2 1
1 0 1 2 2 3 3 2 1
-1 -1 0 1 2 3 3 2 1
-1 0 1 0 1 2 2 2 1
0 -1 0 2 2 3 3 2 1
0 0 1 1 1 2 2 2 1
2 -1 0 4 3 3 3 2 1
0 -1 0 2 3 3 3 2 1
0 0 1 1 2 2 2 2 1
1 -1 0 3 3 3 3 2 1
1 0 1 2 2 2 2 2 1
0 -1 0 2 2 2 1 2 1
0 0 1 1 1 1 1 2 1
0 -1 0 2 2 1 1 2 1
0 -1 0 2 1 1 1 2 1
-2 -1 0 0 1 1 1 2 1
-2 0 1 -1 0 0 0 1 1
-1 -1 0 1 1 1 1 2 1
-1 0 1 0 0 0 0 1 1
3 -1 0 5 4 3 2 2 1
3 0 1 4 4 3 2 2 1
1 -1 0 3 4 3 2 2 1
1 0 1 2 3 3 2 2 1
2 -1 0 4 4 3 2 2 1
2 0 1 3 3 3 2 2 1
1 -1 0 3 2 3 2 2 1
1 0 1 2 2 3 2 2 1
-1 -1 0 1 2 3 2 2 1
0 -1 0 2 2 3 2 2 1
2 -1 0 4 3 3 2 2 1
0 -1 0 2 3 3 2 2 1
1 -1 0 3 3 3 2 2 1
1 -1 0 3 2 1 2 2 1
1 0 1 2 2 1 2 2 1
-1 -1 0 1 2 1 2 2 1
-1 0 1 0 1 1 2 2 1
0 -1 0 2 2 1 2 2 1
-1 -1 0 1 0 1 2 2 1
-1 0 1 0 0 1 2 2 1
-3 -1 0 -1 0 1 2 2 1
-3 0 1 -2 -1 0 1 1 1
-2 -1 0 0 0 1 2 2 1
-2 0 1 -1 -1 0 1 1 1
0 -1 0 2 1 1 2 2 1
-2 -1 0 0 1 1 2 2 1
-2 0 1 -1 0 0 1 1 1
-1 -1 0 1 1 1 2 2 1
-1 0 1 0 0 0 1 1 1
2 -1 0 4 3 2 2 2 1
2 0 1 3 3 2 2 2 1
0 -1 0 2 3 2 2 2 1
1 -1 0 3 3 2 2 2 1
0 -1 0 2 1 2 2 2 1
-2 -1 0 0 1 2 2 2 1
-2 0 1 -1 0 1 1 1 1
-1 -1 0 1 1 2 2 2 1
-1 0 1 0 0 1 1 1 1
1 -1 0 3 2 2 2 2 1
-1 -1 0 1 2 2 2 2 1
-1 0 1 0 1 1 1 1 1
0 -1 0 2 2 2 2 2 1
0 0 1 1 1 1 1 1 1
0 -1 0 2 2 2 1 0 1
0 0 1 1 1 1 1 0 1
0 -1 0 2 2 1 1 0 1
0 -1 0 2 1 1 1 0 1
-2 -1 0 0 1 1 1 0 1
-2 0 1 -1 0 0 0 0 1
-1 -1 0 1 1 1 1 0 1
-1 0 1 0 0 0 0 0 1
-3 -1 0 -1 -1 -1 -1 0 1
-3 0 1 -2 -2 -2 -2 -1 0
0 -1 0 2 2 1 0 0 1
0 0 1 1 1 1 0 0 1
0 -1 0 2 1 1 0 0 1
-2 -1 0 0 1 1 0 0 1
-1 -1 0 1 1 1 0 0 1
-3 -1 0 -1 -1 -1 0 0 1
-3 0 1 -2 -2 -2 -1 -1 0
0 -1 0 2 1 0 0 0 1
0 0 1 1 1 0 0 0 1
-2 -1 0 0 1 0 0 0 1
-1 -1 0 1 1 0 0 0 1
-2 -1 0 0 -1 0 0 0 1
-2 0 1 -1 -1 0 0 0 1
-4 -1 0 -2 -1 0 0 0 1
-4 0 1 -3 -2 -1 -1 -1 0
-3 -1 0 -1 -1 0 0 0 1
-3 0 1 -2 -2 -1 -1 -1 0
-1 -1 0 1 0 0 0 0 1
-3 -1 0 -1 0 0 0 0 1
-3 0 1 -2 -1 -1 -1 -1 0
-2 -1 0 0 0 0 0 0 1
-2 0 1 -1 -1 -1 -1 -1 0
3 -1 0 5 4 3 2 1 1
3 0 1 4 4 3 2 1 1
1 -1 0 3 4 3 2 1 1
1 0 1 2 3 3 2 1 1
2 -1 0 4 4 3 2 1 1
2 0 1 3 3 3 2 1 1
1 -1 0 3 2 3 2 1 1
1 0 1 2 2 3 2 1 1
-1 -1 0 1 2 3 2 1 1
-1 0 1 0 1 2 2 1 1
0 -1 0 2 2 3 2 1 1
0 0 1 1 1 2 2 1 1
2 -1 0 4 3 3 2 1 1
0 -1 0 2 3 3 2 1 1
0 0 1 1 2 2 2 1 1
1 -1 0 3 3 3 2 1 1
1 0 1 2 2 2 2 1 1
1 -1 0 3 2 1 2 1 1
1 0 1 2 2 1 2 1 1
-1 -1 0 1 2 1 2 1 1
-1 0 1 0 1 1 2 1 1
0 -1 0 2 2 1 2 1 1
0 0 1 1 1 1 2 1 1
-1 -1 0 1 0 1 2 1 1
-1 0 1 0 0 1 2 1 1
-3 -1 0 -1 0 1 2 1 1
-2 -1 0 0 0 1 2 1 1
0 -1 0 2 1 1 2 1 1
-2 -1 0 0 1 1 2 1 1
-1 -1 0 1 1 1 2 1 1
2 -1 0 4 3 2 2 1 1
2 0 1 3 3 2 2 1 1
0 -1 0 2 3 2 2 1 1
1 -1 0 3 3 2 2 1 1
0 -1 0 2 1 2 2 1 1
-2 -1 0 0 1 2 2 1 1
-1 -1 0 1 1 2 2 1 1
1 -1 0 3 2 2 2 1 1
-1 -1 0 1 2 2 2 1 1
0 -1 0 2 2 2 2 1 1
1 -1 0 3 2 1 0 1 1
1 0 1 2 2 1 0 1 1
-1 -1 0 1 2 1 0 1 1
-1 0 1 0 1 1 0 1 1
0 -1 0 2 2 1 0 1 1
0 0 1 1 1 1 0 1 1
-1 -1 0 1 0 1 0 1 1
-1 0 1 0 0 1 0 1 1
-3 -1 0 -1 0 1 0 1 1
-3 0 1 -2 -1 0 0 1 1
-2 -1 0 0 0 1 0 1 1
-2 0 1 -1 -1 0 0 1 1
0 -1 0 2 1 1 0 1 1
-2 -1 0 0 1 1 0 1 1
-1 -1 0 1 1 1 0 1 1
-1 -1 0 1 0 -1 0 1 1
-1 0 1 0 0 -1 0 1 1
-3 -1 0 -1 0 -1 0 1 1
-3 0 1 -2 -1 -1 0 1 1
-2 -1 0 0 0 -1 0 1 1
-2 0 1 -1 -1 -1 0 1 1
-3 -1 0 -1 -2 -1 0 1 1
-3 0 1 -2 -2 -1 0 1 1
-5 -1 0 -3 -2 -1 0 1 1
-5 0 1 -4 -3 -2 -1 0 0
-4 -1 0 -2 -2 -1 0 1 1
-4 0 1 -3 -3 -2 -1 0 0
-2 -1 0 0 -1 -1 0 1 1
-4 -1 0 -2 -1 -1 0 1 1
-4 0 1 -3 -2 -2 -1 0 0
-3 -1 0 -1 -1 -1 0 1 1
-3 0 1 -2 -2 -2 -1 0 0
0 -1 0 2 1 0 0 1 1
0 0 1 1 1 0 0 1 1
-2 -1 0 0 1 0 0 1 1
-1 -1 0 1 1 0 0 1 1
-2 -1 0 0 -1 0 0 1 1
-4 -1 0 -2 -1 0 0 1 1
-4 0 1 -3 -2 -1 -1 0 0
-3 -1 0 -1 -1 0 0 1 1
-3 0 1 -2 -2 -1 -1 0 0
-1 -1 0 1 0 0 0 1 1
-3 -1 0 -1 0 0 0 1 1
-3 0 1 -2 -1 -1 -1 0 0
-2 -1 0 0 0 0 0 1 1
-2 0 1 -1 -1 -1 -1 0 0
2 -1 0 4 3 2 1 1 1
2 0 1 3 3 2 1 1 1
0 -1 0 2 3 2 1 1 1
0 0 1 1 2 2 1 1 1
1 -1 0 3 3 2 1 1 1
1 0 1 2 2 2 1 1 1
0 -1 0 2 1 2 1 1 1
0 0 1 1 1 2 1 1 1
-2 -1 0 0 1 2 1 1 1
-1 -1 0 1 1 2 1 1 1
1 -1 0 3 2 2 1 1 1
-1 -1 0 1 2 2 1 1 1
0 -1 0 2 2 2 1 1 1
0 -1 0 2 1 0 1 1 1
0 0 1 1 1 0 1 1 1
-2 -1 0 0 1 0 1 1 1
-1 -1 0 1 1 0 1 1 1
-2 -1 0 0 -1 0 1 1 1
-4 -1 0 -2 -1 0 1 1 1
-4 0 1 -3 -2 -1 0 0 0
-3 -1 0 -1 -1 0 1 1 1
-3 0 1 -2 -2 -1 0 0 0
-1 -1 0 1 0 0 1 1 1
-3 -1 0 -1 0 0 1 1 1
-3 0 1 -2 -1 -1 0 0 0
-2 -1 0 0 0 0 1 1 1
-2 0 1 -1 -1 -1 0 0 0
1 -1 0 3 2 1 1 1 1
1 0 1 2 2 1 1 1 1
-1 -1 0 1 2 1 1 1 1
0 -1 0 2 2 1 1 1 1
-1 -1 0 1 0 1 1 1 1
-3 -1 0 -1 0 1 1 1 1
-3 0 1 -2 -1 0 0 0 0
-2 -1 0 0 0 1 1 1 1
-2 0 1 -1 -1 0 0 0 0
0 -1 0 2 1 1 1 1 1
-2 -1 0 0 1 1 1 1 1
-2 0 1 -1 0 0 0 0 0
-1 -1 0 1 1 1 1 1 1
-1 0 1 0 0 0 0 0 0
0 -1 0 2 2 2 1 0 -1
0 0 1 1 1 1 1 0 -1
0 -1 0 2 2 1 1 0 -1
0 -1 0 2 1 1 1 0 -1
-2 -1 0 0 1 1 1 0 -1
-2 0 1 -1 0 0 0 0 -1
-1 -1 0 1 1 1 1 0 -1
-1 0 1 0 0 0 0 0 -1
-3 0 1 -2 -2 -2 -2 -1 -1
0 -1 0 2 2 1 0 0 -1
0 0 1 1 1 1 0 0 -1
0 -1 0 2 1 1 0 0 -1
-2 -1 0 0 1 1 0 0 -1
-1 -1 0 1 1 1 0 0 -1
-3 0 1 -2 -2 -2 -1 -1 -1
0 -1 0 2 1 0 0 0 -1
0 0 1 1 1 0 0 0 -1
-2 -1 0 0 1 0 0 0 -1
-1 -1 0 1 1 0 0 0 -1
-2 0 1 -1 -1 0 0 0 -1
-4 0 1 -3 -2 -1 -1 -1 -1
-3 0 1 -2 -2 -1 -1 -1 -1
-1 -1 0 1 0 0 0 0 -1
-3 0 1 -2 -1 -1 -1 -1 -1
-2 0 1 -1 -1 -1 -1 -1 -1
-3 0 1 -2 -2 -2 -2 -2 -1
0 -1 0 2 2 1 0 -1 -1
0 0 1 1 1 1 0 -1 -1
0 -1 0 2 1 1 0 -1 -1
-2 -1 0 0 1 1 0 -1 -1
-2 0 1 -1 0 0 0 -1 -1
-1 -1 0 1 1 1 0 -1 -1
-1 0 1 0 0 0 0 -1 -1
0 -1 0 2 1 0 0 -1 -1
0 0 1 1 1 0 0 -1 -1
-2 -1 0 0 1 0 0 -1 -1
-1 -1 0 1 1 0 0 -1 -1
-2 0 1 -1 -1 0 0 -1 -1
-1 -1 0 1 0 0 0 -1 -1
0 -1 0 2 1 0 -1 -1 -1
0 0 1 1 1 0 -1 -1 -1
-2 -1 0 0 1 0 -1 -1 -1
-2 0 1 -1 0 0 -1 -1 -1
-1 -1 0 1 1 0 -1 -1 -1
-1 0 1 0 0 0 -1 -1 -1
-2 0 1 -1 -1 0 -1 -1 -1
-1 -1 0 1 0 0 -1 -1 -1
-2 0 1 -1 -1 -2 -1 -1 -1
-4 0 1 -3 -2 -2 -1 -1 -1
-4 0 1 -3 -3 -2 -1 -1 -1
-1 -1 0 1 0 -1 -1 -1 -1
-1 0 1 0 0 -1 -1 -1 -1
3 -1 0 5 4 3 2 1 0
3 0 1 4 4 3 2 1 0
1 -1 0 3 4 3 2 1 0
1 0 1 2 3 3 2 1 0
2 -1 0 4 4 3 2 1 0
2 0 1 3 3 3 2 1 0
1 -1 0 3 2 3 2 1 0
1 0 1 2 2 3 2 1 0
-1 -1 0 1 2 3 2 1 0
-1 0 1 0 1 2 2 1 0
0 -1 0 2 2 3 2 1 0
0 0 1 1 1 2 2 1 0
2 -1 0 4 3 3 2 1 0
0 -1 0 2 3 3 2 1 0
0 0 1 1 2 2 2 1 0
1 -1 0 3 3 3 2 1 0
1 0 1 2 2 2 2 1 0
1 -1 0 3 2 1 2 1 0
1 0 1 2 2 1 2 1 0
-1 -1 0 1 2 1 2 1 0
-1 0 1 0 1 1 2 1 0
0 -1 0 2 2 1 2 1 0
0 0 1 1 1 1 2 1 0
-1 -1 0 1 0 1 2 1 0
-1 0 1 0 0 1 2 1 0
-3 -1 0 -1 0 1 2 1 0
-3 0 1 -2 -1 0 1 1 0
-2 -1 0 0 0 1 2 1 0
-2 0 1 -1 -1 0 1 1 0
0 -1 0 2 1 1 2 1 0
-2 -1 0 0 1 1 2 1 0
-2 0 1 -1 0 0 1 1 0
-1 -1 0 1 1 1 2 1 0
-1 0 1 0 0 0 1 1 0
2 -1 0 4 3 2 2 1 0
2 0 1 3 3 2 2 1 0
0 -1 0 2 3 2 2 1 0
1 -1 0 3 3 2 2 1 0
0 -1 0 2 1 2 2 1 0
-2 -1 0 0 1 2 2 1 0
-2 0 1 -1 0 1 1 1 0
-1 -1 0 1 1 2 2 1 0
-1 0 1 0 0 1 1 1 0
1 -1 0 3 2 2 2 1 0
-1 -1 0 1 2 2 2 1 0
-1 0 1 0 1 1 1 1 0
0 -1 0 2 2 2 2 1 0
0 0 1 1 1 1 1 1 0
1 -1 0 3 2 1 0 1 0
1 0 1 2 2 1 0 1 0
-1 -1 0 1 2 1 0 1 0
-1 0 1 0 1 1 0 1 0
0 -1 0 2 2 1 0 1 0
0 0 1 1 1 1 0 1 0
-1 -1 0 1 0 1 0 1 0
-1 0 1 0 0 1 0 1 0
-3 -1 0 -1 0 1 0 1 0
-3 0 1 -2 -1 0 0 1 0
-2 -1 0 0 0 1 0 1 0
-2 0 1 -1 -1 0 0 1 0
0 -1 0 2 1 1 0 1 0
-2 -1 0 0 1 1 0 1 0
-2 0 1 -1 0 0 0 1 0
-1 -1 0 1 1 1 0 1 0
-1 0 1 0 0 0 0 1 0
-1 -1 0 1 0 -1 0 1 0
-1 0 1 0 0 -1 0 1 0
-3 -1 0 -1 0 -1 0 1 0
-3 0 1 -2 -1 -1 0 1 0
-2 -1 0 0 0 -1 0 1 0
-2 0 1 -1 -1 -1 0 1 0
-3 -1 0 -1 -2 -1 0 1 0
-3 0 1 -2 -2 -1 0 1 0
-5 -1 0 -3 -2 -1 0 1 0
-4 -1 0 -2 -2 -1 0 1 0
-2 -1 0 0 -1 -1 0 1 0
-4 -1 0 -2 -1 -1 0 1 0
-3 -1 0 -1 -1 -1 0 1 0
0 -1 0 2 1 0 0 1 0
0 0 1 1 1 0 0 1 0
-2 -1 0 0 1 0 0 1 0
-1 -1 0 1 1 0 0 1 0
-2 -1 0 0 -1 0 0 1 0
-4 -1 0 -2 -1 0 0 1 0
-3 -1 0 -1 -1 0 0 1 0
-1 -1 0 1 0 0 0 1 0
-3 -1 0 -1 0 0 0 1 0
-2 -1 0 0 0 0 0 1 0
2 -1 0 4 3 2 1 1 0
2 0 1 3 3 2 1 1 0
0 -1 0 2 3 2 1 1 0
0 0 1 1 2 2 1 1 0
1 -1 0 3 3 2 1 1 0
1 0 1 2 2 2 1 1 0
0 -1 0 2 1 2 1 1 0
0 0 1 1 1 2 1 1 0
-2 -1 0 0 1 2 1 1 0
-1 -1 0 1 1 2 1 1 0
1 -1 0 3 2 2 1 1 0
-1 -1 0 1 2 2 1 1 0
0 -1 0 2 2 2 1 1 0
0 -1 0 2 1 0 1 1 0
0 0 1 1 1 0 1 1 0
-2 -1 0 0 1 0 1 1 0
-1 -1 0 1 1 0 1 1 0
-2 -1 0 0 -1 0 1 1 0
-4 -1 0 -2 -1 0 1 1 0
-3 -1 0 -1 -1 0 1 1 0
-1 -1 0 1 0 0 1 1 0
-3 -1 0 -1 0 0 1 1 0
-2 -1 0 0 0 0 1 1 0
1 -1 0 3 2 1 1 1 0
1 0 1 2 2 1 1 1 0
-1 -1 0 1 2 1 1 1 0
0 -1 0 2 2 1 1 1 0
-1 -1 0 1 0 1 1 1 0
-3 -1 0 -1 0 1 1 1 0
-2 -1 0 0 0 1 1 1 0
0 -1 0 2 1 1 1 1 0
-2 -1 0 0 1 1 1 1 0
-1 -1 0 1 1 1 1 1 0
1 -1 0 3 2 1 0 -1 0
1 0 1 2 2 1 0 -1 0
-1 -1 0 1 2 1 0 -1 0
-1 0 1 0 1 1 0 -1 0
0 -1 0 2 2 1 0 -1 0
0 0 1 1 1 1 0 -1 0
-1 -1 0 1 0 1 0 -1 0
-1 0 1 0 0 1 0 -1 0
-3 -1 0 -1 0 1 0 -1 0
-3 0 1 -2 -1 0 0 -1 0
-2 -1 0 0 0 1 0 -1 0
-2 0 1 -1 -1 0 0 -1 0
0 -1 0 2 1 1 0 -1 0
-2 -1 0 0 1 1 0 -1 0
-2 0 1 -1 0 0 0 -1 0
-1 -1 0 1 1 1 0 -1 0
-1 0 1 0 0 0 0 -1 0
-1 -1 0 1 0 -1 0 -1 0
-1 0 1 0 0 -1 0 -1 0
-3 0 1 -2 -1 -1 0 -1 0
-2 0 1 -1 -1 -1 0 -1 0
-3 0 1 -2 -2 -1 0 -1 0
-5 0 1 -4 -3 -2 -1 -1 0
-4 0 1 -3 -3 -2 -1 -1 0
-4 0 1 -3 -2 -2 -1 -1 0
0 -1 0 2 1 0 0 -1 0
0 0 1 1 1 0 0 -1 0
-2 -1 0 0 1 0 0 -1 0
-1 -1 0 1 1 0 0 -1 0
-1 -1 0 1 0 0 0 -1 0
-1 -1 0 1 0 -1 -2 -1 0
-1 0 1 0 0 -1 -2 -1 0
-3 0 1 -2 -1 -1 -2 -1 0
-2 0 1 -1 -1 -1 -2 -1 0
-3 0 1 -2 -2 -1 -2 -1 0
-5 0 1 -4 -3 -2 -2 -1 0
-4 0 1 -3 -3 -2 -2 -1 0
-4 0 1 -3 -2 -2 -2 -1 0
-3 0 1 -2 -2 -3 -2 -1 0
-5 0 1 -4 -3 -3 -2 -1 0
-4 0 1 -3 -3 -3 -2 -1 0
-5 0 1 -4 -4 -3 -2 -1 0
-2 0 1 -1 -1 -2 -2 -1 0
0 -1 0 2 1 0 -1 -1 0
0 0 1 1 1 0 -1 -1 0
-2 -1 0 0 1 0 -1 -1 0
-2 0 1 -1 0 0 -1 -1 0
-1 -1 0 1 1 0 -1 -1 0
-1 0 1 0 0 0 -1 -1 0
-2 0 1 -1 -1 0 -1 -1 0
-1 -1 0 1 0 0 -1 -1 0
-2 0 1 -1 -1 -2 -1 -1 0
-1 -1 0 1 0 -1 -1 -1 0
-1 0 1 0 0 -1 -1 -1 0
2 -1 0 4 3 2 1 0 0
2 0 1 3 3 2 1 0 0
0 -1 0 2 3 2 1 0 0
0 0 1 1 2 2 1 0 0
1 -1 0 3 3 2 1 0 0
1 0 1 2 2 2 1 0 0
0 -1 0 2 1 2 1 0 0
0 0 1 1 1 2 1 0 0
-2 -1 0 0 1 2 1 0 0
-2 0 1 -1 0 1 1 0 0
-1 -1 0 1 1 2 1 0 0
-1 0 1 0 0 1 1 0 0
1 -1 0 3 2 2 1 0 0
-1 -1 0 1 2 2 1 0 0
-1 0 1 0 1 1 1 0 0
0 -1 0 2 2 2 1 0 0
0 0 1 1 1 1 1 0 0
0 -1 0 2 1 0 1 0 0
0 0 1 1 1 0 1 0 0
-2 -1 0 0 1 0 1 0 0
-2 0 1 -1 0 0 1 0 0
-1 -1 0 1 1 0 1 0 0
-1 0 1 0 0 0 1 0 0
-2 -1 0 0 -1 0 1 0 0
-2 0 1 -1 -1 0 1 0 0
-4 -1 0 -2 -1 0 1 0 0
-3 -1 0 -1 -1 0 1 0 0
-1 -1 0 1 0 0 1 0 0
-3 -1 0 -1 0 0 1 0 0
-2 -1 0 0 0 0 1 0 0
1 -1 0 3 2 1 1 0 0
1 0 1 2 2 1 1 0 0
-1 -1 0 1 2 1 1 0 0
0 -1 0 2 2 1 1 0 0
-1 -1 0 1 0 1 1 0 0
-3 -1 0 -1 0 1 1 0 0
-2 -1 0 0 0 1 1 0 0
0 -1 0 2 1 1 1 0 0
-2 -1 0 0 1 1 1 0 0
-1 -1 0 1 1 1 1 0 0
0 -1 0 2 1 0 -1 0 0
0 0 1 1 1 0 -1 0 0
-2 -1 0 0 1 0 -1 0 0
-2 0 1 -1 0 0 -1 0 0
-1 -1 0 1 1 0 -1 0 0
-1 0 1 0 0 0 -1 0 0
-2 0 1 -1 -1 0 -1 0 0
-1 -1 0 1 0 0 -1 0 0
-2 0 1 -1 -1 -2 -1 0 0
-1 -1 0 1 0 -1 -1 0 0
-1 0 1 0 0 -1 -1 0 0
1 -1 0 3 2 1 0 0 0
1 0 1 2 2 1 0 0 0
-1 -1 0 1 2 1 0 0 0
-1 0 1 0 1 1 0 0 0
0 -1 0 2 2 1 0 0 0
0 0 1 1 1 1 0 0 0
-1 -1 0 1 0 1 0 0 0
-1 0 1 0 0 1 0 0 0
-3 -1 0 -1 0 1 0 0 0
-2 -1 0 0 0 1 0 0 0
0 -1 0 2 1 1 0 0 0
-2 -1 0 0 1 1 0 0 0
-1 -1 0 1 1 1 0 0 0
-1 -1 0 1 0 -1 0 0 0
-1 0 1 0 0 -1 0 0 0
0 -1 0 2 1 0 0 0 0
0 0 1 1 1 0 0 0 0
-2 -1 0 0 1 0 0 0 0
-1 -1 0 1 1 0 0 0 0
-1 -1 0 1 0 0 0 0 0
1 -2 -1 4 4 4 3 2 1
-1 -2 -1 2 3 3 3 2 1
0 -2 -1 3 3 3 3 2 1
-2 -2 -1 1 1 1 2 2 1
1 -2 -1 4 4 3 3 2 1
-1 -2 -1 2 2 3 3 2 1
-3 -2 -1 0 1 2 2 2 1
-2 -2 -1 1 1 2 2 2 1
-2 -2 -1 1 2 2 2 2 1
-1 -2 -1 2 2 2 2 2 1
-2 -2 -1 1 1 1 1 2 1
-4 -2 -1 -1 0 0 0 1 1
-3 -2 -1 0 0 0 0 1 1
1 -2 -1 4 4 3 2 2 1
-1 -2 -1 2 3 3 2 2 1
0 -2 -1 3 3 3 2 2 1
-1 -2 -1 2 2 3 2 2 1
-1 -2 -1 2 2 1 2 2 1
-3 -2 -1 0 1 1 2 2 1
-3 -2 -1 0 0 1 2 2 1
-5 -2 -1 -2 -1 0 1 1 1
-4 -2 -1 -1 -1 0 1 1 1
-4 -2 -1 -1 0 0 1 1 1
-3 -2 -1 0 0 0 1 1 1
0 -2 -1 3 3 2 2 2 1
-4 -2 -1 -1 0 1 1 1 1
-3 -2 -1 0 0 1 1 1 1
-3 -2 -1 0 1 1 1 1 1
-2 -2 -1 1 1 1 1 1 1
-2 -2 -1 1 1 1 1 0 1
-4 -2 -1 -1 0 0 0 0 1
-3 -2 -1 0 0 0 0 0 1
-2 -2 -1 1 1 1 0 0 1
-2 -2 -1 1 1 0 0 0 1
-4 -2 -1 -1 -1 0 0 0 1
1 -2 -1 4 4 3 2 1 1
-1 -2 -1 2 3 3 2 1 1
0 -2 -1 3 3 3 2 1 1
-1 -2 -1 2 2 3 2 1 1
-3 -2 -1 0 1 2 2 1 1
-2 -2 -1 1 1 2 2 1 1
-2 -2 -1 1 2 2 2 1 1
-1 -2 -1 2 2 2 2 1 1
-1 -2 -1 2 2 1 2 1 1
-3 -2 -1 0 1 1 2 1 1
-2 -2 -1 1 1 1 2 1 1
-3 -2 -1 0 0 1 2 1 1
0 -2 -1 3 3 2 2 1 1
-1 -2 -1 2 2 1 0 1 1
-3 -2 -1 0 1 1 0 1 1
-2 -2 -1 1 1 1 0 1 1
-3 -2 -1 0 0 1 0 1 1
-5 -2 -1 -2 -1 0 0 1 1
-4 -2 -1 -1 -1 0 0 1 1
-3 -2 -1 0 0 -1 0 1 1
-5 -2 -1 -2 -1 -1 0 1 1
-4 -2 -1 -1 -1 -1 0 1 1
-5 -2 -1 -2 -2 -1 0 1 1
-2 -2 -1 1 1 0 0 1 1
0 -2 -1 3 3 2 1 1 1
-2 -2 -1 1 2 2 1 1 1
-1 -2 -1 2 2 2 1 1 1
-2 -2 -1 1 1 2 1 1 1
-2 -2 -1 1 1 0 1 1 1
-1 -2 -1 2 2 1 1 1 1
-2 -2 -1 1 1 1 1 0 -1
-2 -2 -1 1 1 1 0 0 -1
-2 -2 -1 1 1 0 0 0 -1
-2 -2 -1 1 1 1 0 -1 -1
-2 -2 -1 1 1 0 0 -1 -1
-2 -2 -1 1 1 0 -1 -1 -1
1 -2 -1 4 4 3 2 1 0
-1 -2 -1 2 3 3 2 1 0
0 -2 -1 3 3 3 2 1 0
-1 -2 -1 2 2 3 2 1 0
-3 -2 -1 0 1 2 2 1 0
-2 -2 -1 1 1 2 2 1 0
-2 -2 -1 1 2 2 2 1 0
-1 -2 -1 2 2 2 2 1 0
-1 -2 -1 2 2 1 2 1 0
-3 -2 -1 0 1 1 2 1 0
-2 -2 -1 1 1 1 2 1 0
-3 -2 -1 0 0 1 2 1 0
-5 -2 -1 -2 -1 0 1 1 0
-4 -2 -1 -1 -1 0 1 1 0
-4 -2 -1 -1 0 0 1 1 0
-3 -2 -1 0 0 0 1 1 0
0 -2 -1 3 3 2 2 1 0
-4 -2 -1 -1 0 1 1 1 0
-3 -2 -1 0 0 1 1 1 0
-3 -2 -1 0 1 1 1 1 0
-2 -2 -1 1 1 1 1 1 0
-1 -2 -1 2 2 1 0 1 0
-3 -2 -1 0 1 1 0 1 0
-2 -2 -1 1 1 1 0 1 0
-3 -2 -1 0 0 1 0 1 0
-5 -2 -1 -2 -1 0 0 1 0
-4 -2 -1 -1 -1 0 0 1 0
-4 -2 -1 -1 0 0 0 1 0
-3 -2 -1 0 0 0 0 1 0
-3 -2 -1 0 0 -1 0 1 0
-5 -2 -1 -2 -1 -1 0 1 0
-4 -2 -1 -1 -1 -1 0 1 0
-5 -2 -1 -2 -2 -1 0 1 0
-2 -2 -1 1 1 0 0 1 0
0 -2 -1 3 3 2 1 1 0
-2 -2 -1 1 2 2 1 1 0
-1 -2 -1 2 2 2 1 1 0
-2 -2 -1 1 1 2 1 1 0
-2 -2 -1 1 1 0 1 1 0
-1 -2 -1 2 2 1 1 1 0
-1 -2 -1 2 2 1 0 -1 0
-3 -2 -1 0 1 1 0 -1 0
-2 -2 -1 1 1 1 0 -1 0
-3 -2 -1 0 0 1 0 -1 0
-2 -2 -1 1 1 0 0 -1 0
-2 -2 -1 1 1 0 -1 -1 0
0 -2 -1 3 3 2 1 0 0
-2 -2 -1 1 2 2 1 0 0
-1 -2 -1 2 2 2 1 0 0
-2 -2 -1 1 1 2 1 0 0
-4 -2 -1 -1 0 1 1 0 0
-3 -2 -1 0 0 1 1 0 0
-3 -2 -1 0 1 1 1 0 0
-2 -2 -1 1 1 1 1 0 0
-2 -2 -1 1 1 0 1 0 0
-4 -2 -1 -1 0 0 1 0 0
-3 -2 -1 0 0 0 1 0 0
-4 -2 -1 -1 -1 0 1 0 0
-1 -2 -1 2 2 1 1 0 0
-2 -2 -1 1 1 0 -1 0 0
-1 -2 -1 2 2 1 0 0 0
-3 -2 -1 0 1 1 0 0 0
-2 -2 -1 1 1 1 0 0 0
-3 -2 -1 0 0 1 0 0 0
-2 -2 -1 1 1 0 0 0 0
1 -1 0 3 3 4 3 2 1
1 -1 0 3 3 2 3 2 1
-1 -1 0 1 2 2 3 2 1
-1 -1 0 1 1 2 3 2 1
1 -1 0 3 3 2 1 2 1
-1 -1 0 1 2 2 1 2 1
-1 -1 0 1 1 2 1 2 1
-3 -1 0 -1 0 1 1 2 1
-2 -1 0 0 0 1 1 2 1
-1 -1 0 1 1 0 1 2 1
-3 -1 0 -1 0 0 1 2 1
-2 -1 0 0 0 0 1 2 1
-3 -1 0 -1 -1 0 1 2 1
1 -1 0 3 3 2 1 0 1
-1 -1 0 1 2 2 1 0 1
-1 -1 0 1 1 2 1 0 1
-3 -1 0 -1 0 1 1 0 1
-2 -1 0 0 0 1 1 0 1
-1 -1 0 1 1 0 1 0 1
-3 -1 0 -1 0 0 1 0 1
-2 -1 0 0 0 0 1 0 1
-3 -1 0 -1 -1 0 1 0 1
-5 -1 0 -3 -2 -1 0 0 1
-4 -1 0 -2 -2 -1 0 0 1
-4 -1 0 -2 -1 -1 0 0 1
-1 -1 0 1 1 0 -1 0 1
-3 -1 0 -1 0 0 -1 0 1
-2 -1 0 0 0 0 -1 0 1
-3 -1 0 -1 -1 0 -1 0 1
-5 -1 0 -3 -2 -1 -1 0 1
-4 -1 0 -2 -2 -1 -1 0 1
-4 -1 0 -2 -1 -1 -1 0 1
-3 -1 0 -1 -1 -2 -1 0 1
-5 -1 0 -3 -2 -2 -1 0 1
-4 -1 0 -2 -2 -2 -1 0 1
-5 -1 0 -3 -3 -2 -1 0 1
-2 -1 0 0 0 -1 -1 0 1
-2 -1 0 0 0 1 0 0 1
-2 -1 0 0 0 -1 0 0 1
1 -1 0 3 3 2 1 0 -1
-1 -1 0 1 2 2 1 0 -1
-1 -1 0 1 1 2 1 0 -1
-3 -1 0 -1 0 1 1 0 -1
-2 -1 0 0 0 1 1 0 -1
-1 -1 0 1 1 0 1 0 -1
-3 -1 0 -1 0 0 1 0 -1
-2 -1 0 0 0 0 1 0 -1
-3 -1 0 -1 -1 0 1 0 -1
-1 -1 0 1 1 0 -1 0 -1
-2 -1 0 0 0 1 0 0 -1
-1 -1 0 1 1 0 -1 -2 -1
-2 -1 0 0 0 1 0 -1 -1
3 1 1 3 3 4 3 2 1
3 1 1 3 3 2 3 2 1
1 1 1 1 2 2 3 2 1
1 1 1 1 1 2 3 2 1
3 1 1 3 3 2 1 2 1
1 1 1 1 2 2 1 2 1
1 1 1 1 1 2 1 2 1
-1 1 1 -1 0 1 1 2 1
0 1 1 0 0 1 1 2 1
1 1 1 1 1 0 1 2 1
-1 1 1 -1 0 0 1 2 1
0 1 1 0 0 0 1 2 1
-1 1 1 -1 -1 0 1 2 1
3 1 1 3 3 2 1 0 1
1 1 1 1 2 2 1 0 1
1 1 1 1 1 2 1 0 1
-1 1 1 -1 0 1 1 0 1
0 1 1 0 0 1 1 0 1
1 1 1 1 1 0 1 0 1
-1 1 1 -1 0 0 1 0 1
0 1 1 0 0 0 1 0 1
-1 1 1 -1 -1 0 1 0 1
-3 1 1 -3 -2 -1 0 0 1
-2 1 1 -2 -2 -1 0 0 1
-2 1 1 -2 -1 -1 0 0 1
1 1 1 1 1 0 -1 0 1
-1 1 1 -1 0 0 -1 0 1
0 1 1 0 0 0 -1 0 1
-1 1 1 -1 -1 0 -1 0 1
-3 1 1 -3 -2 -1 -1 0 1
-2 1 1 -2 -2 -1 -1 0 1
-2 1 1 -2 -1 -1 -1 0 1
-1 1 1 -1 -1 -2 -1 0 1
-3 1 1 -3 -2 -2 -1 0 1
-2 1 1 -2 -2 -2 -1 0 1
-3 1 1 -3 -3 -2 -1 0 1
0 1 1 0 0 -1 -1 0 1
0 1 1 0 0 1 0 0 1
0 1 1 0 0 -1 0 0 1
3 1 1 3 3 2 1 0 -1
1 1 1 1 2 2 1 0 -1
1 1 1 1 1 2 1 0 -1
-1 1 1 -1 0 1 1 0 -1
0 1 1 0 0 1 1 0 -1
1 1 1 1 1 0 1 0 -1
-1 1 1 -1 0 0 1 0 -1
0 1 1 0 0 0 1 0 -1
-1 1 1 -1 -1 0 1 0 -1
-3 1 1 -3 -2 -1 0 0 -1
-2 1 1 -2 -2 -1 0 0 -1
-2 1 1 -2 -1 -1 0 0 -1
1 1 1 1 1 0 -1 0 -1
-1 1 1 -1 0 0 -1 0 -1
0 1 1 0 0 0 -1 0 -1
-1 1 1 -1 -1 0 -1 0 -1
-3 1 1 -3 -2 -1 -1 0 -1
-2 1 1 -2 -2 -1 -1 0 -1
-2 1 1 -2 -1 -1 -1 0 -1
-1 1 1 -1 -1 -2 -1 0 -1
-3 1 1 -3 -2 -2 -1 0 -1
-2 1 1 -2 -2 -2 -1 0 -1
-3 1 1 -3 -3 -2 -1 0 -1
-5 1 1 -5 -4 -3 -2 -1 -1
-4 1 1 -4 -4 -3 -2 -1 -1
-4 1 1 -4 -3 -3 -2 -1 -1
-3 1 1 -3 -3 -3 -2 -1 -1
0 1 1 0 0 -1 -1 0 -1
-4 1 1 -4 -3 -2 -2 -1 -1
-3 1 1 -3 -3 -2 -2 -1 -1
0 1 1 0 0 1 0 0 -1
0 1 1 0 0 -1 0 0 -1
1 1 1 1 1 0 -1 -2 -1
-1 1 1 -1 0 0 -1 -2 -1
0 1 1 0 0 0 -1 -2 -1
-1 1 1 -1 -1 0 -1 -2 -1
-3 1 1 -3 -2 -1 -1 -2 -1
-2 1 1 -2 -2 -1 -1 -2 -1
-2 1 1 -2 -1 -1 -1 -2 -1
-1 1 1 -1 -1 -2 -1 -2 -1
-3 1 1 -3 -2 -2 -1 -2 -1
-2 1 1 -2 -2 -2 -1 -2 -1
-3 1 1 -3 -3 -2 -1 -2 -1
-5 1 1 -5 -4 -3 -2 -2 -1
-4 1 1 -4 -4 -3 -2 -2 -1
-4 1 1 -4 -3 -3 -2 -2 -1
-3 1 1 -3 -3 -3 -2 -2 -1
0 1 1 0 0 -1 -1 -2 -1
-4 1 1 -4 -3 -2 -2 -2 -1
-3 1 1 -3 -3 -2 -2 -2 -1
-1 1 1 -1 -1 -2 -3 -2 -1
-3 1 1 -3 -2 -2 -3 -2 -1
-2 1 1 -2 -2 -2 -3 -2 -1
-3 1 1 -3 -3 -2 -3 -2 -1
-5 1 1 -5 -4 -3 -3 -2 -1
-4 1 1 -4 -4 -3 -3 -2 -1
-4 1 1 -4 -3 -3 -3 -2 -1
-3 1 1 -3 -3 -3 -3 -2 -1
-3 1 1 -3 -3 -4 -3 -2 -1
-5 1 1 -5 -4 -4 -3 -2 -1
-4 1 1 -4 -4 -4 -3 -2 -1
-5 1 1 -5 -5 -4 -3 -2 -1
-2 1 1 -2 -2 -3 -3 -2 -1
0 1 1 0 0 -1 -2 -2 -1
-2 1 1 -2 -1 -1 -2 -2 -1
-2 1 1 -2 -2 -1 -2 -2 -1
-2 1 1 -2 -2 -3 -2 -2 -1
0 1 1 0 0 1 0 -1 -1
0 1 1 0 0 -1 0 -1 -1
-2 1 1 -2 -1 -1 0 -1 -1
-2 1 1 -2 -2 -1 0 -1 -1
0 1 1 0 0 -1 -2 -1 -1
-2 1 1 -2 -1 -1 -2 -1 -1
-2 1 1 -2 -2 -1 -2 -1 -1
-2 1 1 -2 -2 -3 -2 -1 -1
5 1 1 0
7 1 1 0
11 1 1 1
14 1 1 2
15 1 1 3
16 1 1 4
17 1 2 5 6
19 1 1 1
21 1 1 3
22 1 2 5 6
23 1 1 4
25 1 1 2
29 1 1 7
32 1 1 8
33 1 1 9
34 1 1 10
35 1 2 11 12
38 1 1 13
41 1 1 14
42 1 1 15
43 1 1 16
44 1 1 17
45 1 1 18
46 1 1 19
47 1 2 20 21
48 1 1 22
49 1 1 23
50 1 1 24
51 1 2 25 26
52 1 2 27 28
53 1 2 29 30
55 1 1 7
57 1 1 9
58 1 2 11 12
59 1 1 10
61 1 1 8
63 1 1 18
64 1 2 20 21
65 1 1 19
66 1 2 25 26
67 1 2 29 30
68 1 2 27 28
69 1 1 22
70 1 1 24
71 1 1 23
73 1 1 13
75 1 1 15
76 1 1 17
77 1 1 16
79 1 1 14
83 1 1 31
86 1 1 32
87 1 1 33
88 1 1 34
89 1 2 35 36
92 1 1 37
95 1 1 38
96 1 1 39
97 1 1 40
98 1 1 41
99 1 1 42
100 1 1 43
101 1 2 44 45
102 1 1 46
103 1 1 47
104 1 1 48
105 1 2 49 50
106 1 2 51 52
107 1 2 53 54
110 1 1 55
113 1 1 56
114 1 1 57
115 1 1 58
116 1 1 59
119 1 1 60
122 1 1 61
123 1 1 62
124 1 1 63
125 1 1 64
126 1 1 65
127 1 1 66
128 1 1 67
129 1 1 68
130 1 1 69
131 1 1 70
132 1 1 71
133 1 1 72
134 1 2 73 74
135 1 1 75
136 1 1 76
137 1 2 77 78
138 1 1 79
139 1 1 80
140 1 1 81
141 1 2 82 83
142 1 2 84 85
143 1 2 86 87
144 1 1 88
145 1 1 89
146 1 1 90
147 1 1 91
148 1 1 92
149 1 1 93
150 1 1 94
151 1 1 95
152 1 2 96 97
153 1 2 98 99
154 1 2 100 101
155 1 2 102 103
156 1 2 104 105
157 1 2 106 107
158 1 2 108 109
159 1 2 110 111
160 1 2 112 113
161 1 2 114 115
163 1 1 31
165 1 1 33
166 1 2 35 36
167 1 1 34
169 1 1 32
171 1 1 42
172 1 2 44 45
173 1 1 43
174 1 2 49 50
175 1 2 53 54
176 1 2 51 52
177 1 1 46
178 1 1 48
179 1 1 47
181 1 1 37
183 1 1 39
184 1 1 41
185 1 1 40
187 1 1 38
189 1 1 75
190 1 2 77 78
191 1 1 76
192 1 2 82 83
193 1 2 86 87
194 1 2 84 85
195 1 1 79
196 1 1 81
197 1 1 80
198 1 2 98 99
199 1 2 102 103
200 1 2 100 101
201 1 2 110 111
202 1 2 114 115
203 1 2 112 113
204 1 2 104 105
205 1 2 108 109
206 1 2 106 107
207 1 1 88
208 1 1 90
209 1 1 89
210 1 1 94
211 1 2 96 97
212 1 1 95
213 1 1 91
214 1 1 93
215 1 1 92
217 1 1 55
219 1 1 57
220 1 1 59
221 1 1 58
223 1 1 56
225 1 1 65
226 1 1 67
227 1 1 66
228 1 1 71
229 1 2 73 74
230 1 1 72
231 1 1 68
232 1 1 70
233 1 1 69
235 1 1 60
237 1 1 62
238 1 1 64
239 1 1 63
241 1 1 61
245 1 1 116
248 1 1 117
249 1 1 118
250 1 1 119
251 1 2 120 121
254 1 1 122
257 1 1 123
258 1 1 124
259 1 1 125
260 1 1 126
261 1 1 127
262 1 1 128
263 1 2 129 130
264 1 1 131
265 1 1 132
266 1 1 133
267 1 2 134 135
268 1 2 136 137
269 1 2 138 139
272 1 1 140
275 1 1 141
276 1 1 142
277 1 1 143
278 1 1 144
281 1 1 145
284 1 1 146
285 1 1 147
286 1 1 148
287 1 1 149
288 1 1 150
289 1 1 151
290 1 1 152
291 1 1 153
292 1 1 154
293 1 1 155
294 1 1 156
295 1 1 157
296 1 2 158 159
297 1 1 160
298 1 1 161
299 1 2 162 163
300 1 1 164
301 1 1 165
302 1 1 166
303 1 2 167 168
304 1 2 169 170
305 1 2 171 172
306 1 1 173
307 1 1 174
308 1 1 175
309 1 1 176
310 1 1 177
311 1 1 178
312 1 1 179
313 1 1 180
314 1 2 181 182
315 1 2 183 184
316 1 2 185 186
317 1 2 187 188
318 1 2 189 190
319 1 2 191 192
320 1 2 193 194
321 1 2 195 196
322 1 2 197 198
323 1 2 199 200
326 1 1 201
329 1 1 202
330 1 1 203
331 1 1 204
332 1 1 205
335 1 1 206
338 1 1 207
339 1 1 208
340 1 1 209
341 1 1 210
342 1 1 211
343 1 1 212
344 1 1 213
345 1 1 214
346 1 1 215
347 1 1 216
348 1 1 217
349 1 1 218
350 1 2 219 220
353 1 1 221
356 1 1 222
357 1 1 223
358 1 1 224
359 1 1 225
362 1 1 226
365 1 1 227
366 1 1 228
367 1 1 229
368 1 1 230
369 1 1 231
370 1 1 232
371 1 1 233
372 1 1 234
373 1 1 235
374 1 1 236
375 1 1 237
376 1 1 238
377 1 1 239
378 1 1 240
379 1 1 241
380 1 1 242
381 1 1 243
382 1 1 244
383 1 1 245
384 1 1 246
385 1 1 247
386 1 2 248 249
387 1 1 250
388 1 1 251
389 1 1 252
390 1 1 253
391 1 1 254
392 1 1 255
393 1 1 256
394 1 1 257
395 1 1 258
396 1 1 259
397 1 1 260
398 1 2 261 262
399 1 1 263
400 1 1 264
401 1 1 265
402 1 2 266 267
403 1 2 268 269
404 1 2 270 271
405 1 1 272
406 1 1 273
407 1 2 274 275
408 1 1 276
409 1 1 277
410 1 1 278
411 1 2 279 280
412 1 2 281 282
413 1 2 283 284
414 1 1 285
415 1 1 286
416 1 1 287
417 1 1 288
418 1 1 289
419 1 1 290
420 1 1 291
421 1 1 292
422 1 2 293 294
423 1 2 295 296
424 1 2 297 298
425 1 2 299 300
426 1 2 301 302
427 1 2 303 304
428 1 2 305 306
429 1 2 307 308
430 1 2 309 310
431 1 2 311 312
432 1 1 313
433 1 1 314
434 1 1 315
435 1 1 316
436 1 1 317
437 1 1 318
438 1 1 319
439 1 1 320
440 1 2 321 322
441 1 1 323
442 1 1 324
443 1 1 325
444 1 1 326
445 1 1 327
446 1 1 328
447 1 1 329
448 1 1 330
449 1 1 331
450 1 1 332
451 1 1 333
452 1 2 334 335
453 1 1 336
454 1 1 337
455 1 1 338
456 1 2 339 340
457 1 2 341 342
458 1 2 343 344
459 1 2 345 346
460 1 2 347 348
461 1 2 349 350
462 1 2 351 352
463 1 2 353 354
464 1 2 355 356
465 1 2 357 358
466 1 2 359 360
467 1 2 361 362
468 1 2 363 364
469 1 2 365 366
470 1 2 367 368
471 1 2 369 370
472 1 2 371 372
473 1 2 373 374
474 1 2 375 376
475 1 2 377 378
476 1 2 379 380
477 1 2 381 382
478 1 2 383 384
479 1 2 385 386
480 1 2 387 388
481 1 2 389 390
482 1 2 391 392
483 1 2 393 394
484 1 2 395 396
485 1 2 397 398
487 1 1 116
489 1 1 118
490 1 2 120 121
491 1 1 119
493 1 1 117
495 1 1 127
496 1 2 129 130
497 1 1 128
498 1 2 134 135
499 1 2 138 139
500 1 2 136 137
501 1 1 131
502 1 1 133
503 1 1 132
505 1 1 122
507 1 1 124
508 1 1 126
509 1 1 125
511 1 1 123
513 1 1 160
514 1 2 162 163
515 1 1 161
516 1 2 167 168
517 1 2 171 172
518 1 2 169 170
519 1 1 164
520 1 1 166
521 1 1 165
522 1 2 183 184
523 1 2 187 188
524 1 2 185 186
525 1 2 195 196
526 1 2 199 200
527 1 2 197 198
528 1 2 189 190
529 1 2 193 194
530 1 2 191 192
531 1 1 173
532 1 1 175
533 1 1 174
534 1 1 179
535 1 2 181 182
536 1 1 180
537 1 1 176
538 1 1 178
539 1 1 177
541 1 1 140
543 1 1 142
544 1 1 144
545 1 1 143
547 1 1 141
549 1 1 150
550 1 1 152
551 1 1 151
552 1 1 156
553 1 2 158 159
554 1 1 157
555 1 1 153
556 1 1 155
557 1 1 154
559 1 1 145
561 1 1 147
562 1 1 149
563 1 1 148
565 1 1 146
567 1 1 272
568 1 2 274 275
569 1 1 273
570 1 2 279 280
571 1 2 283 284
572 1 2 281 282
573 1 1 276
574 1 1 278
575 1 1 277
576 1 2 295 296
577 1 2 299 300
578 1 2 297 298
579 1 2 307 308
580 1 2 311 312
581 1 2 309 310
582 1 2 301 302
583 1 2 305 306
584 1 2 303 304
585 1 1 285
586 1 1 287
587 1 1 286
588 1 1 291
589 1 2 293 294
590 1 1 292
591 1 1 288
592 1 1 290
593 1 1 289
594 1 2 345 346
595 1 2 349 350
596 1 2 347 348
597 1 2 357 358
598 1 2 361 362
599 1 2 359 360
600 1 2 351 352
601 1 2 355 356
602 1 2 353 354
603 1 2 381 382
604 1 2 385 386
605 1 2 383 384
606 1 2 393 394
607 1 2 397 398
608 1 2 395 396
609 1 2 387 388
610 1 2 391 392
611 1 2 389 390
612 1 2 363 364
613 1 2 367 368
614 1 2 365 366
615 1 2 375 376
616 1 2 379 380
617 1 2 377 378
618 1 2 369 370
619 1 2 373 374
620 1 2 371 372
621 1 1 313
622 1 1 315
623 1 1 314
624 1 1 319
625 1 2 321 322
626 1 1 320
627 1 1 316
628 1 1 318
629 1 1 317
630 1 1 332
631 1 2 334 335
632 1 1 333
633 1 2 339 340
634 1 2 343 344
635 1 2 341 342
636 1 1 336
637 1 1 338
638 1 1 337
639 1 1 323
640 1 1 325
641 1 1 324
642 1 1 329
643 1 1 331
644 1 1 330
645 1 1 326
646 1 1 328
647 1 1 327
649 1 1 201
651 1 1 203
652 1 1 205
653 1 1 204
655 1 1 202
657 1 1 211
658 1 1 213
659 1 1 212
660 1 1 217
661 1 2 219 220
662 1 1 218
663 1 1 214
664 1 1 216
665 1 1 215
667 1 1 206
669 1 1 208
670 1 1 210
671 1 1 209
673 1 1 207
675 1 1 240
676 1 1 242
677 1 1 241
678 1 1 246
679 1 2 248 249
680 1 1 247
681 1 1 243
682 1 1 245
683 1 1 244
684 1 1 259
685 1 2 261 262
686 1 1 260
687 1 2 266 267
688 1 2 270 271
689 1 2 268 269
690 1 1 263
691 1 1 265
692 1 1 264
693 1 1 250
694 1 1 252
695 1 1 251
696 1 1 256
697 1 1 258
698 1 1 257
699 1 1 253
700 1 1 255
701 1 1 254
703 1 1 221
705 1 1 223
706 1 1 225
707 1 1 224
709 1 1 222
711 1 1 231
712 1 1 233
713 1 1 232
714 1 1 237
715 1 1 239
716 1 1 238
717 1 1 234
718 1 1 236
719 1 1 235
721 1 1 226
723 1 1 228
724 1 1 230
725 1 1 229
727 1 1 227
731 1 2 399 400
734 1 1 401
735 1 2 402 403
736 1 2 404 405
737 1 2 406 407
740 1 1 408
743 1 1 409
744 1 1 410
745 1 1 411
746 1 2 412 413
747 1 2 414 415
748 1 2 416 417
749 1 2 418 419
750 1 2 420 421
751 1 2 422 423
752 1 2 424 425
753 1 2 426 427
754 1 2 428 429
755 1 2 430 431
758 1 1 432
761 1 1 433
762 1 1 434
763 1 1 435
764 1 2 436 437
767 1 1 438
770 1 1 439
771 1 1 440
772 1 1 441
773 1 1 442
774 1 1 443
775 1 1 444
776 1 2 445 446
777 1 1 447
778 1 1 448
779 1 1 449
780 1 2 450 451
781 1 2 452 453
782 1 2 454 455
783 1 2 456 457
784 1 2 458 459
785 1 2 460 461
786 1 2 462 463
787 1 2 464 465
788 1 2 466 467
789 1 2 468 469
790 1 2 470 471
791 1 2 472 473
792 1 2 474 475
793 1 2 476 477
794 1 2 478 479
795 1 2 480 481
796 1 2 482 483
797 1 2 484 485
798 1 2 486 487
799 1 2 488 489
800 1 2 490 491
801 1 2 492 493
802 1 2 494 495
803 1 2 496 497
804 1 2 498 499
805 1 2 500 501
806 1 2 502 503
807 1 2 504 505
808 1 2 506 507
809 1 2 508 509
812 1 1 510
815 1 1 511
816 1 1 512
817 1 1 513
818 1 2 514 515
821 1 1 516
824 1 1 517
825 1 1 518
826 1 1 519
827 1 1 520
828 1 1 521
829 1 1 522
830 1 2 523 524
831 1 1 525
832 1 1 526
833 1 1 527
834 1 2 528 529
835 1 2 530 531
836 1 2 532 533
839 1 1 534
842 1 1 535
843 1 1 536
844 1 1 537
845 1 1 538
848 1 1 539
851 1 1 540
852 1 1 541
853 1 1 542
854 1 1 543
855 1 1 544
856 1 1 545
857 1 1 546
858 1 1 547
859 1 1 548
860 1 1 549
861 1 1 550
862 1 1 551
863 1 2 552 553
864 1 1 554
865 1 1 555
866 1 2 556 557
867 1 1 558
868 1 1 559
869 1 1 560
870 1 2 561 562
871 1 2 563 564
872 1 2 565 566
873 1 1 567
874 1 1 568
875 1 1 569
876 1 1 570
877 1 1 571
878 1 1 572
879 1 1 573
880 1 1 574
881 1 2 575 576
882 1 2 577 578
883 1 2 579 580
884 1 2 581 582
885 1 2 583 584
886 1 2 585 586
887 1 2 587 588
888 1 2 589 590
889 1 2 591 592
890 1 2 593 594
891 1 2 595 596
892 1 2 597 598
893 1 2 599 600
894 1 2 601 602
895 1 2 603 604
896 1 2 605 606
897 1 2 607 608
898 1 2 609 610
899 1 2 611 612
900 1 2 613 614
901 1 2 615 616
902 1 2 617 618
903 1 2 619 620
904 1 2 621 622
905 1 2 623 624
906 1 2 625 626
907 1 2 627 628
908 1 2 629 630
909 1 2 631 632
910 1 2 633 634
911 1 2 635 636
912 1 2 637 638
913 1 2 639 640
914 1 2 641 642
915 1 2 643 644
916 1 2 645 646
917 1 2 647 648
918 1 2 649 650
919 1 2 651 652
920 1 2 653 654
921 1 2 655 656
922 1 2 657 658
923 1 2 659 660
924 1 2 661 662
925 1 2 663 664
926 1 2 665 666
927 1 2 667 668
928 1 2 669 670
929 1 2 671 672
930 1 2 673 674
931 1 2 675 676
932 1 2 677 678
933 1 2 679 680
934 1 2 681 682
935 1 2 683 684
936 1 2 685 686
937 1 2 687 688
938 1 2 689 690
939 1 2 691 692
940 1 2 693 694
941 1 2 695 696
942 1 2 697 698
943 1 2 699 700
944 1 2 701 702
945 1 2 703 704
946 1 2 705 706
947 1 2 707 708
948 1 2 709 710
949 1 2 711 712
950 1 2 713 714
951 1 2 715 716
952 1 2 717 718
953 1 2 719 720
954 1 2 721 722
955 1 2 723 724
956 1 2 725 726
957 1 2 727 728
958 1 2 729 730
959 1 2 731 732
960 1 2 733 734
961 1 2 735 736
962 1 2 737 738
963 1 2 739 740
964 1 2 741 742
965 1 2 743 744
966 1 2 745 746
967 1 2 747 748
968 1 2 749 750
969 1 2 751 752
970 1 2 753 754
971 1 2 755 756
974 1 1 757
977 1 1 758
978 1 1 759
979 1 1 760
980 1 2 761 762
983 1 1 763
986 1 1 764
987 1 1 765
988 1 1 766
989 1 1 767
990 1 1 768
991 1 1 769
992 1 2 770 771
993 1 1 772
994 1 1 773
995 1 1 774
996 1 2 775 776
997 1 2 777 778
998 1 2 779 780
1001 1 1 781
1004 1 1 782
1005 1 1 783
1006 1 1 784
1007 1 1 785
1010 1 1 786
1013 1 1 787
1014 1 1 788
1015 1 1 789
1016 1 1 790
1017 1 1 791
1018 1 1 792
1019 1 1 793
1020 1 1 794
1021 1 1 795
1022 1 1 796
1023 1 1 797
1024 1 1 798
1025 1 1 799
1026 1 1 800
1027 1 1 801
1028 1 2 802 803
1029 1 1 804
1030 1 1 805
1031 1 1 806
1032 1 2 807 808
1033 1 2 809 810
1034 1 2 811 812
1035 1 1 813
1036 1 1 814
1037 1 1 815
1038 1 1 816
1039 1 1 817
1040 1 1 818
1041 1 1 819
1042 1 1 820
1043 1 1 821
1044 1 2 822 823
1045 1 2 824 825
1046 1 2 826 827
1047 1 1 828
1048 1 1 829
1049 1 1 830
1050 1 2 831 832
1051 1 1 833
1052 1 1 834
1055 1 1 835
1058 1 1 836
1059 1 1 837
1060 1 1 838
1061 1 1 839
1064 1 1 840
1067 1 1 841
1068 1 1 842
1069 1 1 843
1070 1 1 844
1071 1 1 845
1072 1 1 846
1073 1 1 847
1074 1 1 848
1075 1 1 849
1076 1 1 850
1077 1 1 851
1078 1 1 852
1079 1 1 853
1082 1 1 854
1085 1 1 855
1086 1 1 856
1087 1 1 857
1088 1 1 858
1091 1 1 859
1094 1 1 860
1095 1 1 861
1096 1 1 862
1097 1 1 863
1098 1 1 864
1099 1 1 865
1100 1 1 866
1101 1 1 867
1102 1 1 868
1103 1 1 869
1104 1 1 870
1105 1 1 871
1106 1 1 872
1107 1 1 873
1108 1 1 874
1109 1 1 875
1110 1 1 876
1111 1 1 877
1112 1 1 878
1113 1 1 879
1114 1 1 880
1115 1 1 881
1116 1 1 882
1117 1 1 883
1118 1 1 884
1119 1 1 885
1120 1 1 886
1121 1 1 887
1122 1 1 888
1123 1 1 889
1124 1 1 890
1125 1 1 891
1126 1 1 892
1127 1 1 893
1128 1 1 894
1129 1 1 895
1130 1 1 896
1131 1 1 897
1132 1 1 898
1133 1 1 899
1134 1 1 900
1135 1 1 901
1136 1 2 902 903
1137 1 1 904
1138 1 1 905
1139 1 1 906
1140 1 2 907 908
1141 1 2 909 910
1142 1 2 911 912
1143 1 1 913
1144 1 1 914
1145 1 1 915
1146 1 1 916
1147 1 1 917
1148 1 1 918
1149 1 1 919
1150 1 1 920
1151 1 1 921
1152 1 2 922 923
1153 1 2 924 925
1154 1 2 926 927
1155 1 1 928
1156 1 1 929
1157 1 1 930
1158 1 2 931 932
1159 1 1 933
1160 1 1 934
1161 1 1 935
1162 1 1 936
1163 1 1 937
1164 1 1 938
1165 1 1 939
1166 1 1 940
1167 1 1 941
1168 1 1 942
1169 1 1 943
1170 1 1 944
1171 1 1 945
1172 1 1 946
1173 1 1 947
1174 1 1 948
1175 1 1 949
1176 1 1 950
1177 1 1 951
1178 1 1 952
1179 1 1 953
1180 1 1 954
1181 1 1 955
1182 1 1 956
1183 1 1 957
1184 1 1 958
1185 1 1 959
1186 1 1 960
1187 1 1 961
1188 1 2 962 963
1189 1 2 964 965
1190 1 2 966 967
1191 1 1 968
1192 1 1 969
1193 1 1 970
1194 1 2 971 972
1195 1 1 973
1196 1 1 974
1197 1 1 975
1198 1 1 976
1199 1 1 977
1200 1 1 978
1201 1 1 979
1202 1 1 980
1203 1 1 981
1204 1 1 982
1205 1 1 983
1206 1 2 984 985
1207 1 1 986
1208 1 1 987
1209 1 1 988
1210 1 1 989
1211 1 1 990
1212 1 1 991
1213 1 1 992
1214 1 1 993
1215 1 2 994 995
1216 1 2 996 997
1217 1 2 998 999
1218 1 2 1000 1001
1219 1 2 1002 1003
1220 1 2 1004 1005
1221 1 2 1006 1007
1222 1 2 1008 1009
1223 1 2 1010 1011
1224 1 2 1012 1013
1225 1 2 1014 1015
1226 1 2 1016 1017
1227 1 2 1018 1019
1228 1 2 1020 1021
1229 1 2 1022 1023
1230 1 2 1024 1025
1231 1 2 1026 1027
1232 1 2 1028 1029
1233 1 2 1030 1031
1234 1 2 1032 1033
1235 1 2 1034 1035
1236 1 2 1036 1037
1237 1 2 1038 1039
1238 1 2 1040 1041
1239 1 2 1042 1043
1240 1 2 1044 1045
1241 1 2 1046 1047
1242 1 2 1048 1049
1243 1 2 1050 1051
1244 1 2 1052 1053
1245 1 2 1054 1055
1246 1 2 1056 1057
1247 1 2 1058 1059
1248 1 2 1060 1061
1249 1 2 1062 1063
1250 1 2 1064 1065
1251 1 2 1066 1067
1252 1 2 1068 1069
1253 1 2 1070 1071
1254 1 2 1072 1073
1255 1 2 1074 1075
1256 1 2 1076 1077
1257 1 2 1078 1079
1258 1 2 1080 1081
1259 1 2 1082 1083
1260 1 2 1084 1085
1261 1 2 1086 1087
1262 1 2 1088 1089
1263 1 2 1090 1091
1264 1 2 1092 1093
1265 1 2 1094 1095
1266 1 2 1096 1097
1267 1 2 1098 1099
1268 1 2 1100 1101
1269 1 2 1102 1103
1270 1 2 1104 1105
1271 1 2 1106 1107
1272 1 2 1108 1109
1273 1 2 1110 1111
1274 1 2 1112 1113
1275 1 2 1114 1115
1276 1 2 1116 1117
1277 1 2 1118 1119
1278 1 2 1120 1121
1279 1 2 1122 1123
1280 1 2 1124 1125
1281 1 2 1126 1127
1282 1 2 1128 1129
1283 1 2 1130 1131
1284 1 2 1132 1133
1285 1 2 1134 1135
1286 1 2 1136 1137
1287 1 2 1138 1139
1288 1 2 1140 1141
1289 1 2 1142 1143
1290 1 2 1144 1145
1291 1 2 1146 1147
1292 1 2 1148 1149
1293 1 2 1150 1151
1294 1 2 1152 1153
1295 1 2 1154 1155
1296 1 2 1156 1157
1297 1 2 1158 1159
1298 1 2 1160 1161
1299 1 2 1162 1163
1300 1 2 1164 1165
1301 1 2 1166 1167
1302 1 2 1168 1169
1303 1 2 1170 1171
1304 1 2 1172 1173
1305 1 2 1174 1175
1306 1 1 1176
1307 1 1 1177
1308 1 1 1178
1309 1 1 1179
1310 1 1 1180
1311 1 1 1181
1312 1 1 1182
1313 1 1 1183
1314 1 2 1184 1185
1315 1 2 1186 1187
1316 1 2 1188 1189
1317 1 1 1190
1318 1 1 1191
1319 1 1 1192
1320 1 2 1193 1194
1321 1 1 1195
1322 1 1 1196
1323 1 2 1197 1198
1324 1 1 1199
1325 1 1 1200
1326 1 1 1201
1327 1 1 1202
1328 1 1 1203
1329 1 1 1204
1330 1 1 1205
1331 1 1 1206
1332 1 1 1207
1333 1 1 1208
1334 1 1 1209
1335 1 1 1210
1336 1 1 1211
1337 1 1 1212
1338 1 1 1213
1339 1 1 1214
1340 1 1 1215
1341 1 1 1216
1342 1 1 1217
1343 1 1 1218
1344 1 1 1219
1345 1 1 1220
1346 1 1 1221
1347 1 1 1222
1348 1 1 1223
1349 1 1 1224
1350 1 2 1225 1226
1351 1 2 1227 1228
1352 1 2 1229 1230
1353 1 1 1231
1354 1 1 1232
1355 1 1 1233
1356 1 2 1234 1235
1357 1 1 1236
1358 1 1 1237
1359 1 1 1238
1360 1 1 1239
1361 1 1 1240
1362 1 1 1241
1363 1 1 1242
1364 1 1 1243
1365 1 1 1244
1366 1 1 1245
1367 1 1 1246
1368 1 2 1247 1248
1369 1 1 1249
1370 1 1 1250
1371 1 1 1251
1372 1 1 1252
1373 1 1 1253
1374 1 1 1254
1375 1 1 1255
1376 1 1 1256
1377 1 2 1257 1258
1378 1 2 1259 1260
1379 1 2 1261 1262
1380 1 2 1263 1264
1381 1 2 1265 1266
1382 1 2 1267 1268
1383 1 2 1269 1270
1384 1 2 1271 1272
1385 1 2 1273 1274
1386 1 2 1275 1276
1387 1 2 1277 1278
1388 1 2 1279 1280
1389 1 2 1281 1282
1390 1 2 1283 1284
1391 1 2 1285 1286
1392 1 2 1287 1288
1393 1 2 1289 1290
1394 1 2 1291 1292
1395 1 2 1293 1294
1396 1 2 1295 1296
1397 1 2 1297 1298
1398 1 2 1299 1300
1399 1 2 1301 1302
1400 1 2 1303 1304
1401 1 2 1305 1306
1402 1 2 1307 1308
1403 1 2 1309 1310
1404 1 2 1311 1312
1405 1 2 1313 1314
1406 1 2 1315 1316
1407 1 1 1317
1408 1 1 1318
1409 1 1 1319
1410 1 2 1320 1321
1411 1 1 1322
1412 1 1 1323
1413 1 1 1324
1414 1 1 1325
1415 1 1 1326
1416 1 1 1327
1417 1 1 1328
1418 1 1 1329
1419 1 1 1330
1420 1 1 1331
1421 1 1 1332
1422 1 2 1333 1334
1423 1 1 1335
1424 1 1 1336
1425 1 1 1337
1426 1 1 1338
1427 1 1 1339
1428 1 1 1340
1429 1 1 1341
1430 1 1 1342
1431 1 2 1343 1344
1432 1 2 1345 1346
1433 1 2 1347 1348
1434 1 2 1349 1350
1435 1 2 1351 1352
1436 1 2 1353 1354
1437 1 2 1355 1356
1438 1 2 1357 1358
1439 1 2 1359 1360
1440 1 2 1361 1362
1441 1 1 1363
1442 1 1 1364
1443 1 1 1365
1444 1 1 1366
1445 1 1 1367
1446 1 1 1368
1447 1 1 1369
1448 1 1 1370
1449 1 2 1371 1372
1450 1 2 1373 1374
1451 1 2 1375 1376
1452 1 1 1377
1453 1 1 1378
1454 1 1 1379
1455 1 2 1380 1381
1456 1 1 1382
1457 1 1 1383
1459 5 2 399 400
1461 5 2 402 403
1462 5 2 406 407
1463 5 2 404 405
1465 5 1 401
1467 5 2 414 415
1468 5 2 418 419
1469 5 2 416 417
1470 5 2 426 427
1471 5 2 430 431
1472 5 2 428 429
1473 5 2 420 421
1474 5 2 424 425
1475 5 2 422 423
1477 5 1 408
1479 5 1 410
1480 5 2 412 413
1481 5 1 411
1483 5 1 409
1485 5 2 456 457
1486 5 2 460 461
1487 5 2 458 459
1488 5 2 468 469
1489 5 2 472 473
1490 5 2 470 471
1491 5 2 462 463
1492 5 2 466 467
1493 5 2 464 465
1494 5 2 492 493
1495 5 2 496 497
1496 5 2 494 495
1497 5 2 504 505
1498 5 2 508 509
1499 5 2 506 507
1500 5 2 498 499
1501 5 2 502 503
1502 5 2 500 501
1503 5 2 474 475
1504 5 2 478 479
1505 5 2 476 477
1506 5 2 486 487
1507 5 2 490 491
1508 5 2 488 489
1509 5 2 480 481
1510 5 2 484 485
1511 5 2 482 483
1513 5 1 432
1515 5 1 434
1516 5 2 436 437
1517 5 1 435
1519 5 1 433
1521 5 1 443
1522 5 2 445 446
1523 5 1 444
1524 5 2 450 451
1525 5 2 454 455
1526 5 2 452 453
1527 5 1 447
1528 5 1 449
1529 5 1 448
1531 5 1 438
1533 5 1 440
1534 5 1 442
1535 5 1 441
1537 5 1 439
1539 5 2 595 596
1540 5 2 599 600
1541 5 2 597 598
1542 5 2 607 608
1543 5 2 611 612
1544 5 2 609 610
1545 5 2 601 602
1546 5 2 605 606
1547 5 2 603 604
1548 5 2 631 632
1549 5 2 635 636
1550 5 2 633 634
1551 5 2 643 644
1552 5 2 647 648
1553 5 2 645 646
1554 5 2 637 638
1555 5 2 641 642
1556 5 2 639 640
1557 5 2 613 614
1558 5 2 617 618
1559 5 2 615 616
1560 5 2 625 626
1561 5 2 629 630
1562 5 2 627 628
1563 5 2 619 620
1564 5 2 623 624
1565 5 2 621 622
1566 5 2 703 704
1567 5 2 707 708
1568 5 2 705 706
1569 5 2 715 716
1570 5 2 719 720
1571 5 2 717 718
1572 5 2 709 710
1573 5 2 713 714
1574 5 2 711 712
1575 5 2 739 740
1576 5 2 743 744
1577 5 2 741 742
1578 5 2 751 752
1579 5 2 755 756
1580 5 2 753 754
1581 5 2 745 746
1582 5 2 749 750
1583 5 2 747 748
1584 5 2 721 722
1585 5 2 725 726
1586 5 2 723 724
1587 5 2 733 734
1588 5 2 737 738
1589 5 2 735 736
1590 5 2 727 728
1591 5 2 731 732
1592 5 2 729 730
1593 5 2 649 650
1594 5 2 653 654
1595 5 2 651 652
1596 5 2 661 662
1597 5 2 665 666
1598 5 2 663 664
1599 5 2 655 656
1600 5 2 659 660
1601 5 2 657 658
1602 5 2 685 686
1603 5 2 689 690
1604 5 2 687 688
1605 5 2 697 698
1606 5 2 701 702
1607 5 2 699 700
1608 5 2 691 692
1609 5 2 695 696
1610 5 2 693 694
1611 5 2 667 668
1612 5 2 671 672
1613 5 2 669 670
1614 5 2 679 680
1615 5 2 683 684
1616 5 2 681 682
1617 5 2 673 674
1618 5 2 677 678
1619 5 2 675 676
1621 5 1 510
1623 5 1 512
1624 5 2 514 515
1625 5 1 513
1627 5 1 511
1629 5 1 521
1630 5 2 523 524
1631 5 1 522
1632 5 2 528 529
1633 5 2 532 533
1634 5 2 530 531
1635 5 1 525
1636 5 1 527
1637 5 1 526
1639 5 1 516
1641 5 1 518
1642 5 1 520
1643 5 1 519
1645 5 1 517
1647 5 1 554
1648 5 2 556 557
1649 5 1 555
1650 5 2 561 562
1651 5 2 565 566
1652 5 2 563 564
1653 5 1 558
1654 5 1 560
1655 5 1 559
1656 5 2 577 578
1657 5 2 581 582
1658 5 2 579 580
1659 5 2 589 590
1660 5 2 593 594
1661 5 2 591 592
1662 5 2 583 584
1663 5 2 587 588
1664 5 2 585 586
1665 5 1 567
1666 5 1 569
1667 5 1 568
1668 5 1 573
1669 5 2 575 576
1670 5 1 574
1671 5 1 570
1672 5 1 572
1673 5 1 571
1675 5 1 534
1677 5 1 536
1678 5 1 538
1679 5 1 537
1681 5 1 535
1683 5 1 544
1684 5 1 546
1685 5 1 545
1686 5 1 550
1687 5 2 552 553
1688 5 1 551
1689 5 1 547
1690 5 1 549
1691 5 1 548
1693 5 1 539
1695 5 1 541
1696 5 1 543
1697 5 1 542
1699 5 1 540
1701 5 2 994 995
1702 5 2 998 999
1703 5 2 996 997
1704 5 2 1006 1007
1705 5 2 1010 1011
1706 5 2 1008 1009
1707 5 2 1000 1001
1708 5 2 1004 1005
1709 5 2 1002 1003
1710 5 2 1030 1031
1711 5 2 1034 1035
1712 5 2 1032 1033
1713 5 2 1042 1043
1714 5 2 1046 1047
1715 5 2 1044 1045
1716 5 2 1036 1037
1717 5 2 1040 1041
1718 5 2 1038 1039
1719 5 2 1012 1013
1720 5 2 1016 1017
1721 5 2 1014 1015
1722 5 2 1024 1025
1723 5 2 1028 1029
1724 5 2 1026 1027
1725 5 2 1018 1019
1726 5 2 1022 1023
1727 5 2 1020 1021
1728 5 2 1102 1103
1729 5 2 1106 1107
1730 5 2 1104 1105
1731 5 2 1114 1115
1732 5 2 1118 1119
1733 5 2 1116 1117
1734 5 2 1108 1109
1735 5 2 1112 1113
1736 5 2 1110 1111
1737 5 2 1138 1139
1738 5 2 1142 1143
1739 5 2 1140 1141
1740 5 2 1150 1151
1741 5 2 1154 1155
1742 5 2 1152 1153
1743 5 2 1144 1145
1744 5 2 1148 1149
1745 5 2 1146 1147
1746 5 2 1120 1121
1747 5 2 1124 1125
1748 5 2 1122 1123
1749 5 2 1132 1133
1750 5 2 1136 1137
1751 5 2 1134 1135
1752 5 2 1126 1127
1753 5 2 1130 1131
1754 5 2 1128 1129
1755 5 2 1048 1049
1756 5 2 1052 1053
1757 5 2 1050 1051
1758 5 2 1060 1061
1759 5 2 1064 1065
1760 5 2 1062 1063
1761 5 2 1054 1055
1762 5 2 1058 1059
1763 5 2 1056 1057
1764 5 2 1084 1085
1765 5 2 1088 1089
1766 5 2 1086 1087
1767 5 2 1096 1097
1768 5 2 1100 1101
1769 5 2 1098 1099
1770 5 2 1090 1091
1771 5 2 1094 1095
1772 5 2 1092 1093
1773 5 2 1066 1067
1774 5 2 1070 1071
1775 5 2 1068 1069
1776 5 2 1078 1079
1777 5 2 1082 1083
1778 5 2 1080 1081
1779 5 2 1072 1073
1780 5 2 1076 1077
1781 5 2 1074 1075
1782 5 2 1257 1258
1783 5 2 1261 1262
1784 5 2 1259 1260
1785 5 2 1269 1270
1786 5 2 1273 1274
1787 5 2 1271 1272
1788 5 2 1263 1264
1789 5 2 1267 1268
1790 5 2 1265 1266
1791 5 2 1293 1294
1792 5 2 1297 1298
1793 5 2 1295 1296
1794 5 2 1305 1306
1795 5 2 1309 1310
1796 5 2 1307 1308
1797 5 2 1299 1300
1798 5 2 1303 1304
1799 5 2 1301 1302
1800 5 2 1275 1276
1801 5 2 1279 1280
1802 5 2 1277 1278
1803 5 2 1287 1288
1804 5 2 1291 1292
1805 5 2 1289 1290
1806 5 2 1281 1282
1807 5 2 1285 1286
1808 5 2 1283 1284
1809 5 2 1343 1344
1810 5 2 1347 1348
1811 5 2 1345 1346
1812 5 2 1355 1356
1813 5 2 1359 1360
1814 5 2 1357 1358
1815 5 2 1349 1350
1816 5 2 1353 1354
1817 5 2 1351 1352
1818 5 2 1371 1372
1819 5 2 1375 1376
1820 5 2 1373 1374
1821 5 2 1380 1381
1822 5 1 1383
1823 5 1 1382
1824 5 1 1377
1825 5 1 1379
1826 5 1 1378
1827 5 2 1361 1362
1828 5 1 1364
1829 5 1 1363
1830 5 1 1368
1831 5 1 1370
1832 5 1 1369
1833 5 1 1365
1834 5 1 1367
1835 5 1 1366
1836 5 2 1311 1312
1837 5 2 1315 1316
1838 5 2 1313 1314
1839 5 2 1320 1321
1840 5 1 1323
1841 5 1 1322
1842 5 1 1317
1843 5 1 1319
1844 5 1 1318
1845 5 2 1333 1334
1846 5 1 1336
1847 5 1 1335
1848 5 1 1340
1849 5 1 1342
1850 5 1 1341
1851 5 1 1337
1852 5 1 1339
1853 5 1 1338
1854 5 1 1324
1855 5 1 1326
1856 5 1 1325
1857 5 1 1330
1858 5 1 1332
1859 5 1 1331
1860 5 1 1327
1861 5 1 1329
1862 5 1 1328
1863 5 2 1156 1157
1864 5 2 1160 1161
1865 5 2 1158 1159
1866 5 2 1168 1169
1867 5 2 1172 1173
1868 5 2 1170 1171
1869 5 2 1162 1163
1870 5 2 1166 1167
1871 5 2 1164 1165
1872 5 2 1184 1185
1873 5 2 1188 1189
1874 5 2 1186 1187
1875 5 2 1193 1194
1876 5 1 1196
1877 5 1 1195
1878 5 1 1190
1879 5 1 1192
1880 5 1 1191
1881 5 2 1174 1175
1882 5 1 1177
1883 5 1 1176
1884 5 1 1181
1885 5 1 1183
1886 5 1 1182
1887 5 1 1178
1888 5 1 1180
1889 5 1 1179
1890 5 2 1225 1226
1891 5 2 1229 1230
1892 5 2 1227 1228
1893 5 2 1234 1235
1894 5 1 1237
1895 5 1 1236
1896 5 1 1231
1897 5 1 1233
1898 5 1 1232
1899 5 2 1247 1248
1900 5 1 1250
1901 5 1 1249
1902 5 1 1254
1903 5 1 1256
1904 5 1 1255
1905 5 1 1251
1906 5 1 1253
1907 5 1 1252
1908 5 1 1238
1909 5 1 1240
1910 5 1 1239
1911 5 1 1244
1912 5 1 1246
1913 5 1 1245
1914 5 1 1241
1915 5 1 1243
1916 5 1 1242
1917 5 2 1197 1198
1918 5 1 1200
1919 5 1 1199
1920 5 1 1204
1921 5 1 1206
1922 5 1 1205
1923 5 1 1201
1924 5 1 1203
1925 5 1 1202
1926 5 1 1216
1927 5 1 1218
1928 5 1 1217
1929 5 1 1222
1930 5 1 1224
1931 5 1 1223
1932 5 1 1219
1933 5 1 1221
1934 5 1 1220
1935 5 1 1207
1936 5 1 1209
1937 5 1 1208
1938 5 1 1213
1939 5 1 1215
1940 5 1 1214
1941 5 1 1210
1942 5 1 1212
1943 5 1 1211
1945 5 1 757
1947 5 1 759
1948 5 2 761 762
1949 5 1 760
1951 5 1 758
1953 5 1 768
1954 5 2 770 771
1955 5 1 769
1956 5 2 775 776
1957 5 2 779 780
1958 5 2 777 778
1959 5 1 772
1960 5 1 774
1961 5 1 773
1963 5 1 763
1965 5 1 765
1966 5 1 767
1967 5 1 766
1969 5 1 764
1971 5 1 800
1972 5 2 802 803
1973 5 1 801
1974 5 2 807 808
1975 5 2 811 812
1976 5 2 809 810
1977 5 1 804
1978 5 1 806
1979 5 1 805
1980 5 2 822 823
1981 5 2 826 827
1982 5 2 824 825
1983 5 2 831 832
1984 5 1 834
1985 5 1 833
1986 5 1 828
1987 5 1 830
1988 5 1 829
1989 5 1 813
1990 5 1 815
1991 5 1 814
1992 5 1 819
1993 5 1 821
1994 5 1 820
1995 5 1 816
1996 5 1 818
1997 5 1 817
1999 5 1 781
2001 5 1 783
2002 5 1 785
2003 5 1 784
2005 5 1 782
2007 5 1 791
2008 5 1 793
2009 5 1 792
2010 5 1 797
2011 5 1 799
2012 5 1 798
2013 5 1 794
2014 5 1 796
2015 5 1 795
2017 5 1 786
2019 5 1 788
2020 5 1 790
2021 5 1 789
2023 5 1 787
2025 5 1 900
2026 5 2 902 903
2027 5 1 901
2028 5 2 907 908
2029 5 2 911 912
2030 5 2 909 910
2031 5 1 904
2032 5 1 906
2033 5 1 905
2034 5 2 922 923
2035 5 2 926 927
2036 5 2 924 925
2037 5 2 931 932
2038 5 1 934
2039 5 1 933
2040 5 1 928
2041 5 1 930
2042 5 1 929
2043 5 1 913
2044 5 1 915
2045 5 1 914
2046 5 1 919
2047 5 1 921
2048 5 1 920
2049 5 1 916
2050 5 1 918
2051 5 1 917
2052 5 2 962 963
2053 5 2 966 967
2054 5 2 964 965
2055 5 2 971 972
2056 5 1 974
2057 5 1 973
2058 5 1 968
2059 5 1 970
2060 5 1 969
2061 5 2 984 985
2062 5 1 987
2063 5 1 986
2064 5 1 991
2065 5 1 993
2066 5 1 992
2067 5 1 988
2068 5 1 990
2069 5 1 989
2070 5 1 975
2071 5 1 977
2072 5 1 976
2073 5 1 981
2074 5 1 983
2075 5 1 982
2076 5 1 978
2077 5 1 980
2078 5 1 979
2079 5 1 935
2080 5 1 937
2081 5 1 936
2082 5 1 941
2083 5 1 943
2084 5 1 942
2085 5 1 938
2086 5 1 940
2087 5 1 939
2088 5 1 953
2089 5 1 955
2090 5 1 954
2091 5 1 959
2092 5 1 961
2093 5 1 960
2094 5 1 956
2095 5 1 958
2096 5 1 957
2097 5 1 944
2098 5 1 946
2099 5 1 945
2100 5 1 950
2101 5 1 952
2102 5 1 951
2103 5 1 947
2104 5 1 949
2105 5 1 948
2107 5 1 835
2109 5 1 837
2110 5 1 839
2111 5 1 838
2113 5 1 836
2115 5 1 845
2116 5 1 847
2117 5 1 846
2118 5 1 851
2119 5 1 853
2120 5 1 852
2121 5 1 848
2122 5 1 850
2123 5 1 849
2125 5 1 840
2127 5 1 842
2128 5 1 844
2129 5 1 843
2131 5 1 841
2133 5 1 873
2134 5 1 875
2135 5 1 874
2136 5 1 879
2137 5 1 881
2138 5 1 880
2139 5 1 876
2140 5 1 878
2141 5 1 877
2142 5 1 891
2143 5 1 893
2144 5 1 892
2145 5 1 897
2146 5 1 899
2147 5 1 898
2148 5 1 894
2149 5 1 896
2150 5 1 895
2151 5 1 882
2152 5 1 884
2153 5 1 883
2154 5 1 888
2155 5 1 890
2156 5 1 889
2157 5 1 885
2158 5 1 887
2159 5 1 886
2161 5 1 854
2163 5 1 856
2164 5 1 858
2165 5 1 857
2167 5 1 855
2169 5 1 864
2170 5 1 866
2171 5 1 865
2172 5 1 870
2173 5 1 872
2174 5 1 871
2175 5 1 867
2176 5 1 869
2177 5 1 868
2179 5 1 859
2181 5 1 861
2182 5 1 863
2183 5 1 862
2185 5 1 860
2189 3 2 1384 1385
2192 3 1 1386
2193 3 2 1387 1388
2194 3 2 1389 1390
2195 3 2 1391 1392
2198 3 1 1393
2201 3 1 1394
2202 3 1 1395
2203 3 1 1396
2204 3 2 1397 1398
2205 3 2 1399 1400
2206 3 2 1401 1402
2207 3 2 1403 1404
2208 3 2 1405 1406
2209 3 2 1407 1408
2210 3 2 1409 1410
2211 3 2 1411 1412
2212 3 2 1413 1414
2213 3 2 1415 1416
2216 3 1 1417
2219 3 1 1418
2220 3 1 1419
2221 3 1 1420
2222 3 2 1421 1422
2225 3 1 1423
2228 3 1 1424
2229 3 1 1425
2230 3 1 1426
2231 3 1 1427
2232 3 1 1428
2233 3 1 1429
2234 3 2 1430 1431
2235 3 1 1432
2236 3 1 1433
2237 3 1 1434
2238 3 2 1435 1436
2239 3 2 1437 1438
2240 3 2 1439 1440
2241 3 2 1441 1442
2242 3 2 1443 1444
2243 3 2 1445 1446
2244 3 2 1447 1448
2245 3 2 1449 1450
2246 3 2 1451 1452
2247 3 2 1453 1454
2248 3 2 1455 1456
2249 3 2 1457 1458
2250 3 2 1459 1460
2251 3 2 1461 1462
2252 3 2 1463 1464
2253 3 2 1465 1466
2254 3 2 1467 1468
2255 3 2 1469 1470
2256 3 2 1471 1472
2257 3 2 1473 1474
2258 3 2 1475 1476
2259 3 2 1477 1478
2260 3 2 1479 1480
2261 3 2 1481 1482
2262 3 2 1483 1484
2263 3 2 1485 1486
2264 3 2 1487 1488
2265 3 2 1489 1490
2266 3 2 1491 1492
2267 3 2 1493 1494
2270 3 1 1495
2273 3 1 1496
2274 3 1 1497
2275 3 1 1498
2276 3 2 1499 1500
2279 3 1 1501
2282 3 1 1502
2283 3 1 1503
2284 3 1 1504
2285 3 1 1505
2286 3 1 1506
2287 3 1 1507
2288 3 2 1508 1509
2289 3 1 1510
2290 3 1 1511
2291 3 1 1512
2292 3 2 1513 1514
2293 3 2 1515 1516
2294 3 2 1517 1518
2297 3 1 1519
2300 3 1 1520
2301 3 1 1521
2302 3 1 1522
2303 3 1 1523
2306 3 1 1524
2309 3 1 1525
2310 3 1 1526
2311 3 1 1527
2312 3 1 1528
2313 3 1 1529
2314 3 1 1530
2315 3 1 1531
2316 3 1 1532
2317 3 1 1533
2318 3 1 1534
2319 3 1 1535
2320 3 1 1536
2321 3 2 1537 1538
2322 3 1 1539
2323 3 1 1540
2324 3 2 1541 1542
2325 3 1 1543
2326 3 1 1544
2327 3 1 1545
2328 3 2 1546 1547
2329 3 2 1548 1549
2330 3 2 1550 1551
2331 3 1 1552
2332 3 1 1553
2333 3 1 1554
2334 3 1 1555
2335 3 1 1556
2336 3 1 1557
2337 3 1 1558
2338 3 1 1559
2339 3 2 1560 1561
2340 3 2 1562 1563
2341 3 2 1564 1565
2342 3 2 1566 1567
2343 3 2 1568 1569
2344 3 2 1570 1571
2345 3 2 1572 1573
2346 3 2 1574 1575
2347 3 2 1576 1577
2348 3 2 1578 1579
2349 3 2 1580 1581
2350 3 2 1582 1583
2351 3 2 1584 1585
2352 3 2 1586 1587
2353 3 2 1588 1589
2354 3 2 1590 1591
2355 3 2 1592 1593
2356 3 2 1594 1595
2357 3 2 1596 1597
2358 3 2 1598 1599
2359 3 2 1600 1601
2360 3 2 1602 1603
2361 3 2 1604 1605
2362 3 2 1606 1607
2363 3 2 1608 1609
2364 3 2 1610 1611
2365 3 2 1612 1613
2366 3 2 1614 1615
2367 3 2 1616 1617
2368 3 2 1618 1619
2369 3 2 1620 1621
2370 3 2 1622 1623
2371 3 2 1624 1625
2372 3 2 1626 1627
2373 3 2 1628 1629
2374 3 2 1630 1631
2375 3 2 1632 1633
2376 3 2 1634 1635
2377 3 2 1636 1637
2378 3 2 1638 1639
2379 3 2 1640 1641
2380 3 2 1642 1643
2381 3 2 1644 1645
2382 3 2 1646 1647
2383 3 2 1648 1649
2384 3 2 1650 1651
2385 3 2 1652 1653
2386 3 2 1654 1655
2387 3 2 1656 1657
2388 3 2 1658 1659
2389 3 2 1660 1661
2390 3 2 1662 1663
2391 3 2 1664 1665
2392 3 2 1666 1667
2393 3 2 1668 1669
2394 3 2 1670 1671
2395 3 2 1672 1673
2396 3 2 1674 1675
2397 3 2 1676 1677
2398 3 2 1678 1679
2399 3 2 1680 1681
2400 3 2 1682 1683
2401 3 2 1684 1685
2402 3 2 1686 1687
2403 3 2 1688 1689
2404 3 2 1690 1691
2405 3 2 1692 1693
2406 3 2 1694 1695
2407 3 2 1696 1697
2408 3 2 1698 1699
2409 3 2 1700 1701
2410 3 2 1702 1703
2411 3 2 1704 1705
2412 3 2 1706 1707
2413 3 2 1708 1709
2414 3 2 1710 1711
2415 3 2 1712 1713
2416 3 2 1714 1715
2417 3 2 1716 1717
2418 3 2 1718 1719
2419 3 2 1720 1721
2420 3 2 1722 1723
2421 3 2 1724 1725
2422 3 2 1726 1727
2423 3 2 1728 1729
2424 3 2 1730 1731
2425 3 2 1732 1733
2426 3 2 1734 1735
2427 3 2 1736 1737
2428 3 2 1738 1739
2429 3 2 1740 1741
2432 3 1 1742
2435 3 1 1743
2436 3 1 1744
2437 3 1 1745
2438 3 2 1746 1747
2441 3 1 1748
2444 3 1 1749
2445 3 1 1750
2446 3 1 1751
2447 3 1 1752
2448 3 1 1753
2449 3 1 1754
2450 3 2 1755 1756
2451 3 1 1757
2452 3 1 1758
2453 3 1 1759
2454 3 2 1760 1761
2455 3 2 1762 1763
2456 3 2 1764 1765
2459 3 1 1766
2462 3 1 1767
2463 3 1 1768
2464 3 1 1769
2465 3 1 1770
2468 3 1 1771
2471 3 1 1772
2472 3 1 1773
2473 3 1 1774
2474 3 1 1775
2475 3 1 1776
2476 3 1 1777
2477 3 1 1778
2478 3 1 1779
2479 3 1 1780
2480 3 1 1781
2481 3 1 1782
2482 3 1 1783
2483 3 2 1784 1785
2484 3 1 1786
2485 3 1 1787
2486 3 2 1788 1789
2487 3 1 1790
2488 3 1 1791
2489 3 1 1792
2490 3 2 1793 1794
2491 3 2 1795 1796
2492 3 2 1797 1798
2493 3 1 1799
2494 3 1 1800
2495 3 1 1801
2496 3 1 1802
2497 3 1 1803
2498 3 1 1804
2499 3 1 1805
2500 3 1 1806
2501 3 2 1807 1808
2502 3 2 1809 1810
2503 3 2 1811 1812
2504 3 2 1813 1814
2505 3 2 1815 1816
2506 3 2 1817 1818
2507 3 2 1819 1820
2508 3 2 1821 1822
2509 3 2 1823 1824
2510 3 2 1825 1826
2513 3 1 1827
2516 3 1 1828
2517 3 1 1829
2518 3 1 1830
2519 3 1 1831
2522 3 1 1832
2525 3 1 1833
2526 3 1 1834
2527 3 1 1835
2528 3 1 1836
2529 3 1 1837
2530 3 1 1838
2531 3 1 1839
2532 3 1 1840
2533 3 1 1841
2534 3 1 1842
2535 3 1 1843
2536 3 1 1844
2537 3 2 1845 1846
2540 3 1 1847
2543 3 1 1848
2544 3 1 1849
2545 3 1 1850
2546 3 1 1851
2549 3 1 1852
2552 3 1 1853
2553 3 1 1854
2554 3 1 1855
2555 3 1 1856
2556 3 1 1857
2557 3 1 1858
2558 3 1 1859
2559 3 1 1860
2560 3 1 1861
2561 3 1 1862
2562 3 1 1863
2563 3 1 1864
2564 3 1 1865
2565 3 1 1866
2566 3 1 1867
2567 3 1 1868
2568 3 1 1869
2569 3 1 1870
2570 3 1 1871
2571 3 1 1872
2572 3 1 1873
2573 3 2 1874 1875
2574 3 1 1876
2575 3 1 1877
2576 3 1 1878
2577 3 1 1879
2578 3 1 1880
2579 3 1 1881
2580 3 1 1882
2581 3 1 1883
2582 3 1 1884
2583 3 1 1885
2584 3 1 1886
2585 3 2 1887 1888
2586 3 1 1889
2587 3 1 1890
2588 3 1 1891
2589 3 2 1892 1893
2590 3 2 1894 1895
2591 3 2 1896 1897
2592 3 1 1898
2593 3 1 1899
2594 3 2 1900 1901
2595 3 1 1902
2596 3 1 1903
2597 3 1 1904
2598 3 2 1905 1906
2599 3 2 1907 1908
2600 3 2 1909 1910
2601 3 1 1911
2602 3 1 1912
2603 3 1 1913
2604 3 1 1914
2605 3 1 1915
2606 3 1 1916
2607 3 1 1917
2608 3 1 1918
2609 3 2 1919 1920
2610 3 2 1921 1922
2611 3 2 1923 1924
2612 3 2 1925 1926
2613 3 2 1927 1928
2614 3 2 1929 1930
2615 3 2 1931 1932
2616 3 2 1933 1934
2617 3 2 1935 1936
2618 3 2 1937 1938
2619 3 1 1939
2620 3 1 1940
2621 3 1 1941
2622 3 1 1942
2623 3 1 1943
2624 3 1 1944
2625 3 1 1945
2626 3 1 1946
2627 3 2 1947 1948
2628 3 1 1949
2629 3 1 1950
2630 3 1 1951
2631 3 1 1952
2632 3 1 1953
2633 3 1 1954
2634 3 1 1955
2635 3 1 1956
2636 3 1 1957
2637 3 1 1958
2638 3 1 1959
2639 3 2 1960 1961
2640 3 1 1962
2641 3 1 1963
2642 3 1 1964
2643 3 2 1965 1966
2644 3 2 1967 1968
2645 3 2 1969 1970
2646 3 2 1971 1972
2647 3 2 1973 1974
2648 3 2 1975 1976
2649 3 2 1977 1978
2650 3 2 1979 1980
2651 3 2 1981 1982
2652 3 2 1983 1984
2653 3 2 1985 1986
2654 3 2 1987 1988
2655 3 2 1989 1990
2656 3 2 1991 1992
2657 3 2 1993 1994
2658 3 2 1995 1996
2659 3 2 1997 1998
2660 3 2 1999 2000
2661 3 2 2001 2002
2662 3 2 2003 2004
2663 3 2 2005 2006
2664 3 2 2007 2008
2665 3 2 2009 2010
2666 3 2 2011 2012
2667 3 2 2013 2014
2668 3 2 2015 2016
2669 3 2 2017 2018
2670 3 2 2019 2020
2671 3 2 2021 2022
2672 3 2 2023 2024
2673 3 2 2025 2026
2674 3 2 2027 2028
2675 3 2 2029 2030
2676 3 2 2031 2032
2677 3 2 2033 2034
2678 3 2 2035 2036
2679 3 2 2037 2038
2680 3 2 2039 2040
2681 3 2 2041 2042
2682 3 2 2043 2044
2683 3 2 2045 2046
2684 3 2 2047 2048
2685 3 2 2049 2050
2686 3 2 2051 2052
2687 3 2 2053 2054
2688 3 2 2055 2056
2689 3 2 2057 2058
2690 3 2 2059 2060
2691 3 2 2061 2062
2692 3 2 2063 2064
2693 3 2 2065 2066
2694 3 2 2067 2068
2695 3 2 2069 2070
2696 3 2 2071 2072
2697 3 2 2073 2074
2698 3 2 2075 2076
2699 3 2 2077 2078
2700 3 2 2079 2080
2701 3 2 2081 2082
2702 3 2 2083 2084
2703 3 2 2085 2086
2704 3 2 2087 2088
2705 3 2 2089 2090
2706 3 2 2091 2092
2707 3 2 2093 2094
2708 3 2 2095 2096
2709 3 2 2097 2098
2710 3 2 2099 2100
2711 3 2 2101 2102
2712 3 2 2103 2104
2713 3 2 2105 2106
2714 3 2 2107 2108
2715 3 2 2109 2110
2716 3 2 2111 2112
2717 3 2 2113 2114
2718 3 2 2115 2116
2719 3 2 2117 2118
2720 3 2 2119 2120
2721 3 2 2121 2122
2722 3 2 2123 2124
2723 3 2 2125 2126
2724 3 2 2127 2128
2725 3 2 2129 2130
2726 3 2 2131 2132
2727 3 2 2133 2134
2728 3 2 2135 2136
2729 3 2 2137 2138
2730 3 2 2139 2140
2731 3 2 2141 2142
2732 3 2 2143 2144
2733 3 2 2145 2146
2734 3 2 2147 2148
2735 3 2 2149 2150
2736 3 2 2151 2152
2737 3 2 2153 2154
2738 3 2 2155 2156
2739 3 2 2157 2158
2740 3 2 2159 2160
2741 3 2 2161 2162
2742 3 2 2163 2164
2743 3 2 2165 2166
2744 3 2 2167 2168
2745 3 2 2169 2170
2746 3 2 2171 2172
2747 3 2 2173 2174
2748 3 2 2175 2176
2749 3 2 2177 2178
2750 3 2 2179 2180
2751 3 2 2181 2182
2752 3 2 2183 2184
2753 3 2 2185 2186
2754 3 2 2187 2188
2755 3 2 2189 2190
2756 3 2 2191 2192
2757 3 2 2193 2194
2758 3 2 2195 2196
2759 3 2 2197 2198
2760 3 2 2199 2200
2761 3 2 2201 2202
2762 3 2 2203 2204
2763 3 2 2205 2206
2764 3 2 2207 2208
2765 3 2 2209 2210
2766 3 2 2211 2212
2767 3 2 2213 2214
2768 3 2 2215 2216
2769 3 2 2217 2218
2770 3 2 2219 2220
2771 3 2 2221 2222
2772 3 2 2223 2224
2773 3 2 2225 2226
2774 3 2 2227 2228
2775 3 2 2229 2230
2776 3 2 2231 2232
2777 3 2 2233 2234
2778 3 2 2235 2236
2779 3 2 2237 2238
2780 3 2 2239 2240
2781 3 2 2241 2242
2782 3 2 2243 2244
2783 3 2 2245 2246
2784 3 2 2247 2248
2785 3 2 2249 2250
2786 3 2 2251 2252
2787 3 2 2253 2254
2788 3 2 2255 2256
2789 3 2 2257 2258
2790 3 2 2259 2260
2791 3 2 2261 2262
2792 3 2 2263 2264
2793 3 2 2265 2266
2794 3 2 2267 2268
2795 3 2 2269 2270
2796 3 2 2271 2272
2797 3 2 2273 2274
2798 3 2 2275 2276
2799 3 2 2277 2278
2800 3 2 2279 2280
2801 3 2 2281 2282
2802 3 2 2283 2284
2803 3 2 2285 2286
2804 3 2 2287 2288
2805 3 2 2289 2290
2806 3 2 2291 2292
2807 3 2 2293 2294
2808 3 2 2295 2296
2809 3 2 2297 2298
2810 3 2 2299 2300
2811 3 2 2301 2302
2812 3 2 2303 2304
2813 3 2 2305 2306
2814 3 2 2307 2308
2815 3 2 2309 2310
2816 3 2 2311 2312
2817 3 2 2313 2314
2818 3 2 2315 2316
2819 3 2 2317 2318
2820 3 2 2319 2320
2821 3 2 2321 2322
2822 3 2 2323 2324
2823 3 2 2325 2326
2824 3 2 2327 2328
2825 3 2 2329 2330
2826 3 2 2331 2332
2827 3 2 2333 2334
2828 3 2 2335 2336
2829 3 2 2337 2338
2830 3 2 2339 2340
2831 3 2 2341 2342
2832 3 2 2343 2344
2833 3 2 2345 2346
2834 3 2 2347 2348
2835 3 2 2349 2350
2836 3 2 2351 2352
2837 3 2 2353 2354
2838 3 2 2355 2356
2839 3 2 2357 2358
2840 3 2 2359 2360
2841 3 2 2361 2362
2842 3 2 2363 2364
2843 3 2 2365 2366
2844 3 2 2367 2368
2845 3 2 2369 2370
2846 3 2 2371 2372
2847 3 2 2373 2374
2848 3 2 2375 2376
2849 3 2 2377 2378
2850 3 2 2379 2380
2851 3 2 2381 2382
2852 3 2 2383 2384
2853 3 2 2385 2386
2854 3 2 2387 2388
2855 3 2 2389 2390
2856 3 2 2391 2392
2857 3 2 2393 2394
2858 3 2 2395 2396
2859 3 2 2397 2398
2860 3 2 2399 2400
2861 3 2 2401 2402
2862 3 2 2403 2404
2863 3 2 2405 2406
2864 3 2 2407 2408
2865 3 2 2409 2410
2866 3 2 2411 2412
2867 3 2 2413 2414
2868 3 2 2415 2416
2869 3 2 2417 2418
2870 3 2 2419 2420
2871 3 2 2421 2422
2872 3 2 2423 2424
2873 3 2 2425 2426
2874 3 2 2427 2428
2875 3 2 2429 2430
2876 3 2 2431 2432
2877 3 2 2433 2434
2878 3 2 2435 2436
2879 3 2 2437 2438
2880 3 2 2439 2440
2881 3 2 2441 2442
2882 3 2 2443 2444
2883 3 2 2445 2446
2884 3 2 2447 2448
2885 3 2 2449 2450
2886 3 2 2451 2452
2887 3 2 2453 2454
2888 3 2 2455 2456
2889 3 2 2457 2458
2890 3 2 2459 2460
2891 3 2 2461 2462
2892 3 2 2463 2464
2893 3 2 2465 2466
2894 3 2 2467 2468
2895 3 2 2469 2470
2896 3 2 2471 2472
2897 3 2 2473 2474
2898 3 2 2475 2476
2899 3 2 2477 2478
2900 3 2 2479 2480
2901 3 2 2481 2482
2902 3 2 2483 2484
2903 3 2 2485 2486
2904 3 2 2487 2488
2905 3 2 2489 2490
2906 3 2 2491 2492
2907 3 2 2493 2494
2908 3 2 2495 2496
2909 3 2 2497 2498
2910 3 2 2499 2500
2911 3 2 2501 2502
2912 3 2 2503 2504
2913 3 2 2505 2506
2914 3 2 2507 2508
2915 3 2 2509 2510
2918 3 2 2511 2512
2921 3 1 2513
2922 3 2 2514 2515
2923 3 2 2516 2517
2924 3 2 2518 2519
2927 3 1 2520
2930 3 1 2521
2931 3 1 2522
2932 3 1 2523
2933 3 2 2524 2525
2934 3 2 2526 2527
2935 3 2 2528 2529
2936 3 2 2530 2531
2937 3 2 2532 2533
2938 3 2 2534 2535
2939 3 2 2536 2537
2940 3 2 2538 2539
2941 3 2 2540 2541
2942 3 2 2542 2543
2945 3 1 2544
2948 3 1 2545
2949 3 1 2546
2950 3 1 2547
2951 3 2 2548 2549
2954 3 1 2550
2957 3 1 2551
2958 3 1 2552
2959 3 1 2553
2960 3 1 2554
2961 3 1 2555
2962 3 1 2556
2963 3 2 2557 2558
2964 3 1 2559
2965 3 1 2560
2966 3 1 2561
2967 3 2 2562 2563
2968 3 2 2564 2565
2969 3 2 2566 2567
2970 3 2 2568 2569
2971 3 2 2570 2571
2972 3 2 2572 2573
2973 3 2 2574 2575
2974 3 2 2576 2577
2975 3 2 2578 2579
2976 3 2 2580 2581
2977 3 2 2582 2583
2978 3 2 2584 2585
2979 3 2 2586 2587
2980 3 2 2588 2589
2981 3 2 2590 2591
2982 3 2 2592 2593
2983 3 2 2594 2595
2984 3 2 2596 2597
2985 3 2 2598 2599
2986 3 2 2600 2601
2987 3 2 2602 2603
2988 3 2 2604 2605
2989 3 2 2606 2607
2990 3 2 2608 2609
2991 3 2 2610 2611
2992 3 2 2612 2613
2993 3 2 2614 2615
2994 3 2 2616 2617
2995 3 2 2618 2619
2996 3 2 2620 2621
2999 3 1 2622
3002 3 1 2623
3003 3 1 2624
3004 3 1 2625
3005 3 2 2626 2627
3008 3 1 2628
3011 3 1 2629
3012 3 1 2630
3013 3 1 2631
3014 3 1 2632
3015 3 1 2633
3016 3 1 2634
3017 3 2 2635 2636
3018 3 1 2637
3019 3 1 2638
3020 3 1 2639
3021 3 2 2640 2641
3022 3 2 2642 2643
3023 3 2 2644 2645
3026 3 1 2646
3029 3 1 2647
3030 3 1 2648
3031 3 1 2649
3032 3 1 2650
3035 3 1 2651
3038 3 1 2652
3039 3 1 2653
3040 3 1 2654
3041 3 1 2655
3042 3 1 2656
3043 3 1 2657
3044 3 1 2658
3045 3 1 2659
3046 3 1 2660
3047 3 1 2661
3048 3 1 2662
3049 3 1 2663
3050 3 2 2664 2665
3051 3 1 2666
3052 3 1 2667
3053 3 2 2668 2669
3054 3 1 2670
3055 3 1 2671
3056 3 1 2672
3057 3 2 2673 2674
3058 3 2 2675 2676
3059 3 2 2677 2678
3060 3 1 2679
3061 3 1 2680
3062 3 1 2681
3063 3 1 2682
3064 3 1 2683
3065 3 1 2684
3066 3 1 2685
3067 3 1 2686
3068 3 2 2687 2688
3069 3 2 2689 2690
3070 3 2 2691 2692
3071 3 2 2693 2694
3072 3 2 2695 2696
3073 3 2 2697 2698
3074 3 2 2699 2700
3075 3 2 2701 2702
3076 3 2 2703 2704
3077 3 2 2705 2706
3078 3 2 2707 2708
3079 3 2 2709 2710
3080 3 2 2711 2712
3081 3 2 2713 2714
3082 3 2 2715 2716
3083 3 2 2717 2718
3084 3 2 2719 2720
3085 3 2 2721 2722
3086 3 2 2723 2724
3087 3 2 2725 2726
3088 3 2 2727 2728
3089 3 2 2729 2730
3090 3 2 2731 2732
3091 3 2 2733 2734
3092 3 2 2735 2736
3093 3 2 2737 2738
3094 3 2 2739 2740
3095 3 2 2741 2742
3096 3 2 2743 2744
3097 3 2 2745 2746
3098 3 2 2747 2748
3099 3 2 2749 2750
3100 3 2 2751 2752
3101 3 2 2753 2754
3102 3 2 2755 2756
3103 3 2 2757 2758
3104 3 2 2759 2760
3105 3 2 2761 2762
3106 3 2 2763 2764
3107 3 2 2765 2766
3108 3 2 2767 2768
3109 3 2 2769 2770
3110 3 2 2771 2772
3111 3 2 2773 2774
3112 3 2 2775 2776
3113 3 2 2777 2778
3114 3 2 2779 2780
3115 3 2 2781 2782
3116 3 2 2783 2784
3117 3 2 2785 2786
3118 3 2 2787 2788
3119 3 2 2789 2790
3120 3 2 2791 2792
3121 3 2 2793 2794
3122 3 2 2795 2796
3123 3 2 2797 2798
3124 3 2 2799 2800
3125 3 2 2801 2802
3126 3 2 2803 2804
3127 3 2 2805 2806
3128 3 2 2807 2808
3129 3 2 2809 2810
3130 3 2 2811 2812
3131 3 2 2813 2814
3132 3 2 2815 2816
3133 3 2 2817 2818
3134 3 2 2819 2820
3135 3 2 2821 2822
3136 3 2 2823 2824
3137 3 2 2825 2826
3138 3 2 2827 2828
3139 3 2 2829 2830
3140 3 2 2831 2832
3141 3 2 2833 2834
3142 3 2 2835 2836
3143 3 2 2837 2838
3144 3 2 2839 2840
3145 3 2 2841 2842
3146 3 2 2843 2844
3147 3 2 2845 2846
3148 3 2 2847 2848
3149 3 2 2849 2850
3150 3 2 2851 2852
3151 3 2 2853 2854
3152 3 2 2855 2856
3153 3 2 2857 2858
3154 3 2 2859 2860
3155 3 2 2861 2862
3156 3 2 2863 2864
3157 3 2 2865 2866
3158 3 2 2867 2868
3161 3 1 2869
3164 3 1 2870
3165 3 1 2871
3166 3 1 2872
3167 3 2 2873 2874
3170 3 1 2875
3173 3 1 2876
3174 3 1 2877
3175 3 1 2878
3176 3 1 2879
3177 3 1 2880
3178 3 1 2881
3179 3 2 2882 2883
3180 3 1 2884
3181 3 1 2885
3182 3 1 2886
3183 3 2 2887 2888
3184 3 2 2889 2890
3185 3 2 2891 2892
3188 3 1 2893
3191 3 1 2894
3192 3 1 2895
3193 3 1 2896
3194 3 1 2897
3197 3 1 2898
3200 3 1 2899
3201 3 1 2900
3202 3 1 2901
3203 3 1 2902
3204 3 1 2903
3205 3 1 2904
3206 3 1 2905
3207 3 1 2906
3208 3 1 2907
3209 3 1 2908
3210 3 1 2909
3211 3 1 2910
3212 3 1 2911
3213 3 1 2912
3214 3 1 2913
3215 3 2 2914 2915
3216 3 1 2916
3217 3 1 2917
3218 3 1 2918
3219 3 2 2919 2920
3220 3 2 2921 2922
3221 3 2 2923 2924
3222 3 1 2925
3223 3 1 2926
3224 3 1 2927
3225 3 1 2928
3226 3 1 2929
3227 3 1 2930
3228 3 1 2931
3229 3 1 2932
3230 3 1 2933
3231 3 2 2934 2935
3232 3 2 2936 2937
3233 3 2 2938 2939
3234 3 1 2940
3235 3 1 2941
3236 3 1 2942
3237 3 2 2943 2944
3238 3 1 2945
3239 3 1 2946
3242 3 1 2947
3245 3 1 2948
3246 3 1 2949
3247 3 1 2950
3248 3 1 2951
3251 3 1 2952
3254 3 1 2953
3255 3 1 2954
3256 3 1 2955
3257 3 1 2956
3258 3 1 2957
3259 3 1 2958
3260 3 1 2959
3261 3 1 2960
3262 3 1 2961
3263 3 1 2962
3264 3 1 2963
3265 3 1 2964
3266 3 1 2965
3269 3 1 2966
3272 3 1 2967
3273 3 1 2968
3274 3 1 2969
3275 3 1 2970
3278 3 1 2971
3285 3 1 2972
3294 3 1 2973
3295 3 1 2974
3296 3 1 2975
3297 3 1 2976
3303 3 1 2977
3321 3 1 2978
3322 3 1 2979
3323 3 2 2980 2981
3324 3 1 2982
3325 3 1 2983
3326 3 1 2984
3327 3 2 2985 2986
3328 3 2 2987 2988
3329 3 2 2989 2990
3330 3 1 2991
3331 3 1 2992
3332 3 1 2993
3333 3 1 2994
3339 3 2 2995 2996
3340 3 1 2997
3341 3 1 2998
3345 3 1 2999
3348 3 1 3000
3349 3 1 3001
3350 3 1 3002
3351 3 1 3003
3357 3 1 3004
3375 3 2 3005 3006
3376 3 1 3007
3377 3 1 3008
3381 3 1 3009
3393 3 1 3010
3402 3 2 3011 3012
3403 3 2 3013 3014
3404 3 2 3015 3016
3405 3 2 3017 3018
3406 3 2 3019 3020
3407 3 2 3021 3022
3408 3 2 3023 3024
3409 3 2 3025 3026
3410 3 2 3027 3028
3411 3 2 3029 3030
3412 3 2 3031 3032
3413 3 2 3033 3034
3414 3 2 3035 3036
3415 3 2 3037 3038
3416 3 2 3039 3040
3417 3 2 3041 3042
3418 3 2 3043 3044
3419 3 2 3045 3046
3420 3 2 3047 3048
3421 3 2 3049 3050
3422 3 2 3051 3052
3423 3 2 3053 3054
3424 3 2 3055 3056
3425 3 2 3057 3058
3426 3 2 3059 3060
3427 3 2 3061 3062
3428 3 2 3063 3064
3429 3 2 3065 3066
3430 3 2 3067 3068
3431 3 2 3069 3070
3432 3 2 3071 3072
3433 3 2 3073 3074
3434 3 2 3075 3076
3435 3 2 3077 3078
3436 3 2 3079 3080
3437 3 2 3081 3082
3438 3 2 3083 3084
3439 3 2 3085 3086
3440 3 2 3087 3088
3441 3 2 3089 3090
3442 3 1 3091
3443 3 1 3092
3444 3 1 3093
3445 3 1 3094
3446 3 1 3095
3447 3 2 3096 3097
3448 3 1 3098
3449 3 1 3099
3450 3 1 3100
3451 3 1 3101
3452 3 1 3102
3453 3 1 3103
3454 3 1 3104
3455 3 1 3105
3456 3 2 3106 3107
3457 3 2 3108 3109
3458 3 2 3110 3111
3459 3 2 3112 3113
3460 3 1 3114
3461 3 1 3115
3462 3 1 3116
3463 3 1 3117
3464 3 1 3118
3465 3 2 3119 3120
3466 3 1 3121
3467 3 1 3122
3468 3 1 3123
3469 3 1 3124
3470 3 1 3125
3471 3 1 3126
3472 3 1 3127
3473 3 1 3128
3474 3 1 3129
3475 3 1 3130
3476 3 1 3131
3477 3 1 3132
3478 3 1 3133
3479 3 1 3134
3480 3 1 3135
3481 3 1 3136
3482 3 1 3137
3483 3 2 3138 3139
3484 3 2 3140 3141
3485 3 2 3142 3143
3486 3 2 3144 3145
3487 3 2 3146 3147
3488 3 2 3148 3149
3489 3 2 3150 3151
3490 3 2 3152 3153
3491 3 2 3154 3155
3492 3 2 3156 3157
3493 3 1 3158
3494 3 1 3159
3495 3 1 3160
3501 3 2 3161 3162
3502 3 1 3163
3503 3 1 3164
3507 3 1 3165
3510 3 2 3166 3167
3511 3 1 3168
3512 3 1 3169
3513 3 1 3170
3519 3 1 3171
3537 3 2 3172 3173
3538 3 1 3174
3539 3 1 3175
3543 3 1 3176
3555 3 1 3177
3564 3 2 3178 3179
3565 3 2 3180 3181
3566 3 2 3182 3183
3567 3 2 3184 3185
3568 3 1 3186
3569 3 1 3187
3570 3 1 3188
3571 3 1 3189
3572 3 1 3190
3573 3 2 3191 3192
3574 3 1 3193
3575 3 1 3194
3576 3 1 3195
3577 3 1 3196
3578 3 1 3197
3579 3 1 3198
3580 3 1 3199
3581 3 1 3200
3582 3 1 3201
3583 3 1 3202
3584 3 1 3203
3585 3 1 3204
3586 3 1 3205
3587 3 1 3206
3588 3 1 3207
3589 3 1 3208
3590 3 1 3209
3591 3 2 3210 3211
3592 3 1 3212
3593 3 1 3213
3597 3 1 3214
3609 3 1 3215
3618 3 1 3216
3619 3 1 3217
3620 3 1 3218
3621 3 1 3219
3622 3 1 3220
3623 3 1 3221
3624 3 1 3222
3625 3 1 3223
3626 3 1 3224
3627 3 1 3225
3636 3 1 3226
3637 3 1 3227
3638 3 1 3228
3642 3 1 3229
3645 7 1 3230
3646 7 2 3231 3232
3647 7 1 3233
3648 7 2 3234 3235
3649 7 2 3236 3237
3650 7 2 3238 3239
3651 7 1 3240
3652 7 1 3241
3653 7 1 3242
3654 7 2 3243 3244
3655 7 2 3245 3246
3656 7 2 3247 3248
3657 7 2 3249 3250
3658 7 2 3251 3252
3659 7 2 3253 3254
3660 7 2 3255 3256
3661 7 2 3257 3258
3662 7 2 3259 3260
3663 7 1 3261
3664 7 1 3262
3665 7 1 3263
3666 7 1 3264
3667 7 2 3265 3266
3668 7 1 3267
3669 7 1 3268
3670 7 1 3269
3671 7 1 3270
3672 7 2 3271 3272
3673 7 2 3273 3274
3674 7 2 3275 3276
3675 7 2 3277 3278
3676 7 2 3279 3280
3677 7 2 3281 3282
3678 7 2 3283 3284
3679 7 2 3285 3286
3680 7 2 3287 3288
3681 7 2 3289 3290
3682 7 2 3291 3292
3683 7 2 3293 3294
3684 7 2 3295 3296
3685 7 2 3297 3298
3686 7 2 3299 3300
3687 7 2 3301 3302
3688 7 2 3303 3304
3689 7 2 3305 3306
3690 7 2 3307 3308
3691 7 2 3309 3310
3692 7 2 3311 3312
3693 7 2 3313 3314
3694 7 2 3315 3316
3695 7 2 3317 3318
3696 7 2 3319 3320
3697 7 2 3321 3322
3698 7 2 3323 3324
3699 7 1 3325
3700 7 1 3326
3701 7 1 3327
3702 7 1 3328
3703 7 2 3329 3330
3704 7 1 3331
3705 7 1 3332
3706 7 1 3333
3707 7 1 3334
3708 7 1 3335
3709 7 2 3336 3337
3710 7 1 3338
3711 7 2 3339 3340
3712 7 2 3341 3342
3713 7 2 3343 3344
3714 7 1 3345
3715 7 1 3346
3716 7 1 3347
3717 7 1 3348
3718 7 1 3349
3719 7 1 3350
3720 7 1 3351
3721 7 1 3352
3722 7 1 3353
3723 7 1 3354
3724 7 1 3355
3725 7 1 3356
3726 7 2 3357 3358
3727 7 2 3359 3360
3728 7 2 3361 3362
3729 7 2 3363 3364
3730 7 2 3365 3366
3731 7 2 3367 3368
3732 7 2 3369 3370
3733 7 2 3371 3372
3734 7 2 3373 3374
3735 7 2 3375 3376
3736 7 2 3377 3378
3737 7 2 3379 3380
3738 7 2 3381 3382
3739 7 2 3383 3384
3740 7 2 3385 3386
3741 7 2 3387 3388
3742 7 2 3389 3390
3743 7 2 3391 3392
3744 7 2 3393 3394
3745 7 2 3395 3396
3746 7 2 3397 3398
3747 7 2 3399 3400
3748 7 2 3401 3402
3749 7 2 3403 3404
3750 7 2 3405 3406
3751 7 2 3407 3408
3752 7 2 3409 3410
3753 7 2 3411 3412
3754 7 2 3413 3414
3755 7 2 3415 3416
3756 7 2 3417 3418
3757 7 2 3419 3420
3758 7 2 3421 3422
3759 7 2 3423 3424
3760 7 2 3425 3426
3761 7 2 3427 3428
3762 7 2 3429 3430
3763 7 2 3431 3432
3764 7 2 3433 3434
3765 7 2 3435 3436
3766 7 2 3437 3438
3767 7 2 3439 3440
3768 7 2 3441 3442
3769 7 2 3443 3444
3770 7 2 3445 3446
3771 7 2 3447 3448
3772 7 2 3449 3450
3773 7 2 3451 3452
3774 7 2 3453 3454
3775 7 2 3455 3456
3776 7 2 3457 3458
3777 7 2 3459 3460
3778 7 2 3461 3462
3779 7 2 3463 3464
3780 7 2 3465 3466
3781 7 2 3467 3468
3782 7 2 3469 3470
3783 7 2 3471 3472
3784 7 2 3473 3474
3785 7 2 3475 3476
3786 7 2 3477 3478
3787 7 2 3479 3480
3788 7 2 3481 3482
3789 7 2 3483 3484
3790 7 2 3485 3486
3791 7 2 3487 3488
3792 7 2 3489 3490
3793 7 2 3491 3492
3794 7 2 3493 3494
3795 7 2 3495 3496
3796 7 2 3497 3498
3797 7 2 3499 3500
3798 7 2 3501 3502
3799 7 2 3503 3504
3800 7 2 3505 3506
3801 7 2 3507 3508
3802 7 2 3509 3510
3803 7 2 3511 3512
3804 7 2 3513 3514
3805 7 2 3515 3516
3806 7 2 3517 3518
3807 7 1 3519
3808 7 1 3520
3809 7 1 3521
3810 7 1 3522
3811 7 2 3523 3524
3812 7 1 3525
3813 7 1 3526
3814 7 1 3527
3815 7 1 3528
3816 7 1 3529
3817 7 2 3530 3531
3818 7 1 3532
3819 7 2 3533 3534
3820 7 2 3535 3536
3821 7 2 3537 3538
3822 7 1 3539
3823 7 1 3540
3824 7 1 3541
3825 7 1 3542
3826 7 1 3543
3827 7 1 3544
3828 7 1 3545
3829 7 1 3546
3830 7 1 3547
3831 7 1 3548
3832 7 1 3549
3833 7 1 3550
3834 7 1 3551
3835 7 2 3552 3553
3836 7 1 3554
3837 7 2 3555 3556
3838 7 2 3557 3558
3839 7 2 3559 3560
3840 7 1 3561
3841 7 1 3562
3842 7 1 3563
3843 7 2 3564 3565
3844 7 2 3566 3567
3845 7 2 3568 3569
3846 7 2 3570 3571
3847 7 2 3572 3573
3848 7 2 3574 3575
3849 7 2 3576 3577
3850 7 2 3578 3579
3851 7 2 3580 3581
3852 7 1 3582
3853 7 1 3583
3854 7 1 3584
3855 7 1 3585
3856 7 2 3586 3587
3857 7 1 3588
3858 7 1 3589
3859 7 1 3590
3860 7 1 3591
3861 7 1 3592
3862 7 1 3593
3863 7 1 3594
3864 7 1 3595
3865 7 1 3596
3866 7 1 3597
3867 7 1 3598
3868 7 1 3599
3869 7 1 3600
3870 7 1 3601
3871 7 1 3602
3872 7 1 3603
3873 7 1 3604
3874 7 2 3605 3606
3875 7 1 3607
3876 7 1 3608
3877 7 1 3609
3878 7 1 3610
3879 7 1 3611
3880 7 1 3612
3881 7 1 3613
3882 7 1 3614
3883 7 1 3615
3884 7 1 3616
3885 7 1 3617
3886 7 1 3618
3887 7 1 3619
3888 7 2 3620 3621
3889 7 2 3622 3623
3890 7 2 3624 3625
3891 7 2 3626 3627
3892 7 2 3628 3629
3893 7 2 3630 3631
3894 7 2 3632 3633
3895 7 2 3634 3635
3896 7 2 3636 3637
3897 7 2 3638 3639
3898 7 2 3640 3641
3899 7 2 3642 3643
3900 7 2 3644 3645
3901 7 2 3646 3647
3902 7 2 3648 3649
3903 7 2 3650 3651
3904 7 2 3652 3653
3905 7 2 3654 3655
3906 7 2 3656 3657
3907 7 2 3658 3659
3908 7 2 3660 3661
3909 7 2 3662 3663
3910 7 2 3664 3665
3911 7 2 3666 3667
3912 7 2 3668 3669
3913 7 2 3670 3671
3914 7 2 3672 3673
3915 7 2 3674 3675
3916 7 2 3676 3677
3917 7 2 3678 3679
3918 7 1 3680
3919 7 1 3681
3920 7 1 3682
3921 7 2 3683 3684
3922 7 1 3685
3923 7 1 3686
3924 7 1 3687
3925 7 1 3688
3926 7 1 3689
3927 7 1 3690
3928 7 1 3691
3929 7 1 3692
3930 7 1 3693
3931 7 1 3694
3932 7 1 3695
3933 7 2 3696 3697
3934 7 1 3698
3935 7 1 3699
3936 7 1 3700
3937 7 1 3701
3938 7 1 3702
3939 7 1 3703
3940 7 1 3704
3941 7 1 3705
3942 7 2 3706 3707
3943 7 2 3708 3709
3944 7 2 3710 3711
3945 7 2 3712 3713
3946 7 2 3714 3715
3947 7 2 3716 3717
3948 7 2 3718 3719
3949 7 2 3720 3721
3950 7 2 3722 3723
3951 7 2 3724 3725
3952 7 1 3726
3953 7 1 3727
3954 7 1 3728
3955 7 1 3729
3956 7 1 3730
3957 7 1 3731
3958 7 1 3732
3959 7 1 3733
3960 7 2 3734 3735
3961 7 2 3736 3737
3962 7 2 3738 3739
3963 7 1 3740
3964 7 1 3741
3965 7 1 3742
3966 7 2 3743 3744
3967 7 1 3745
3968 7 1 3746
3969 7 2 3747 3748
3970 7 2 3749 3750
3971 7 2 3751 3752
3972 7 1 3753
3973 7 1 3754
3974 7 1 3755
3975 7 2 3756 3757
3976 7 1 3758
3977 7 1 3759
3978 7 1 3760
3979 7 1 3761
3980 7 1 3762
3981 7 1 3763
3982 7 1 3764
3983 7 1 3765
3984 7 1 3766
3985 7 1 3767
3986 7 1 3768
3987 7 2 3769 3770
3988 7 1 3771
3989 7 1 3772
3990 7 1 3773
3991 7 1 3774
3992 7 1 3775
3993 7 1 3776
3994 7 1 3777
3995 7 1 3778
3996 7 1 3779
3997 7 1 3780
3998 7 1 3781
3999 7 1 3782
4000 7 1 3783
4001 7 1 3784
4002 7 1 3785
4003 7 1 3786
4004 7 1 3787
4005 7 1 3788
4006 7 1 3789
4007 7 1 3790
4008 7 1 3791
4014 7 1 3792
4023 7 2 3793 3794
4024 7 1 3795
4025 7 1 3796
4026 7 1 3797
4032 7 1 3798
4050 7 2 3799 3800
4051 7 2 3801 3802
4052 7 2 3803 3804
4053 7 2 3805 3806
4054 7 2 3807 3808
4055 7 2 3809 3810
4056 7 2 3811 3812
4057 7 2 3813 3814
4058 7 2 3815 3816
4059 7 2 3817 3818
4060 7 1 3819
4061 7 1 3820
4062 7 1 3821
4068 7 2 3822 3823
4069 7 1 3824
4070 7 1 3825
4074 7 1 3826
4077 7 2 3827 3828
4078 7 1 3829
4079 7 1 3830
4080 7 1 3831
4086 7 1 3832
4104 7 2 3833 3834
4105 7 1 3835
4106 7 1 3836
4110 7 1 3837
4122 7 1 3838
4131 7 1 3839
4132 7 1 3840
4133 7 1 3841
4134 7 1 3842
4135 7 2 3843 3844
4136 7 1 3845
4137 7 1 3846
4138 7 1 3847
4139 7 1 3848
4140 7 1 3849
4141 7 2 3850 3851
4142 7 1 3852
4143 7 2 3853 3854
4144 7 2 3855 3856
4145 7 2 3857 3858
4146 7 1 3859
4147 7 1 3860
4148 7 1 3861
4149 7 1 3862
4150 7 1 3863
4151 7 1 3864
4152 7 1 3865
4153 7 1 3866
4154 7 1 3867
4155 7 1 3868
4156 7 1 3869
4157 7 1 3870
4158 7 1 3871
4159 7 2 3872 3873
4160 7 1 3874
4161 7 2 3875 3876
4162 7 2 3877 3878
4163 7 2 3879 3880
4164 7 1 3881
4165 7 1 3882
4166 7 1 3883
4167 7 2 3884 3885
4168 7 2 3886 3887
4169 7 2 3888 3889
4170 7 2 3890 3891
4171 7 1 3892
4172 7 1 3893
4173 7 1 3894
4174 7 1 3895
4175 7 1 3896
4176 7 1 3897
4177 7 1 3898
4178 7 1 3899
4179 7 1 3900
4180 7 1 3901
4181 7 1 3902
4182 7 1 3903
4183 7 1 3904
4184 7 1 3905
4185 7 1 3906
4186 7 1 3907
4187 7 1 3908
4188 7 1 3909
4189 7 1 3910
4190 7 1 3911
4191 7 1 3912
4192 7 1 3913
4193 7 1 3914
4194 7 1 3915
4195 7 1 3916
4196 7 1 3917
4197 7 1 3918
4198 7 1 3919
4199 7 1 3920
4200 7 1 3921
4201 7 1 3922
4202 7 1 3923
4203 7 1 3924
4204 7 1 3925
4205 7 1 3926
4206 7 1 3927
4207 7 1 3928
4208 7 1 3929
4209 7 1 3930
4210 7 1 3931
4211 7 1 3932
4212 7 1 3933
4213 7 2 3934 3935
4214 7 1 3936
4215 7 2 3937 3938
4216 7 2 3939 3940
4217 7 2 3941 3942
4218 7 1 3943
4219 7 1 3944
4220 7 1 3945
4221 7 2 3946 3947
4222 7 1 3948
4223 7 1 3949
4224 7 1 3950
4230 7 1 3951
4231 7 1 3952
4232 7 1 3953
4236 7 1 3954
4239 7 2 3955 3956
4240 7 1 3957
4241 7 1 3958
4242 7 1 3959
4248 7 1 3960
4266 7 1 3961
4267 7 1 3962
4268 7 1 3963
4272 7 1 3964
4284 7 1 3965
4293 7 1 3966
4294 7 1 3967
4295 7 1 3968
4296 7 1 3969
4297 7 1 3970
4298 7 1 3971
4299 7 1 3972
4300 7 1 3973
4301 7 1 3974
4302 7 1 3975
4303 7 1 3976
4304 7 1 3977
4305 7 1 3978
4306 7 1 3979
4307 7 1 3980
4308 7 1 3981
4309 7 1 3982
4310 7 1 3983
4311 7 1 3984
4312 7 1 3985
4313 7 1 3986
4314 7 1 3987
4315 7 1 3988
4316 7 1 3989
4317 7 1 3990
4318 7 1 3991
4319 7 1 3992
4320 7 1 3993
4321 7 1 3994
4322 7 1 3995
4326 7 1 3996
4338 7 1 3997
4347 7 1 3998
4348 7 1 3999
4349 7 1 4000
4350 7 1 4001
4351 7 1 4002
4352 7 1 4003
4353 7 1 4004
4354 7 1 4005
4355 7 1 4006
4356 7 1 4007
4365 7 1 4008
4366 7 1 4009
4367 7 1 4010
4371 7 1 4011
4375 1 2 1384 1385
4377 1 2 1387 1388
4378 1 2 1391 1392
4379 1 2 1389 1390
4381 1 1 1386
4383 1 2 1399 1400
4384 1 2 1403 1404
4385 1 2 1401 1402
4386 1 2 1411 1412
4387 1 2 1415 1416
4388 1 2 1413 1414
4389 1 2 1405 1406
4390 1 2 1409 1410
4391 1 2 1407 1408
4393 1 1 1393
4395 1 1 1395
4396 1 2 1397 1398
4397 1 1 1396
4399 1 1 1394
4401 1 2 1441 1442
4402 1 2 1445 1446
4403 1 2 1443 1444
4404 1 2 1453 1454
4405 1 2 1457 1458
4406 1 2 1455 1456
4407 1 2 1447 1448
4408 1 2 1451 1452
4409 1 2 1449 1450
4410 1 2 1477 1478
4411 1 2 1481 1482
4412 1 2 1479 1480
4413 1 2 1489 1490
4414 1 2 1493 1494
4415 1 2 1491 1492
4416 1 2 1483 1484
4417 1 2 1487 1488
4418 1 2 1485 1486
4419 1 2 1459 1460
4420 1 2 1463 1464
4421 1 2 1461 1462
4422 1 2 1471 1472
4423 1 2 1475 1476
4424 1 2 1473 1474
4425 1 2 1465 1466
4426 1 2 1469 1470
4427 1 2 1467 1468
4429 1 1 1417
4431 1 1 1419
4432 1 2 1421 1422
4433 1 1 1420
4435 1 1 1418
4437 1 1 1428
4438 1 2 1430 1431
4439 1 1 1429
4440 1 2 1435 1436
4441 1 2 1439 1440
4442 1 2 1437 1438
4443 1 1 1432
4444 1 1 1434
4445 1 1 1433
4447 1 1 1423
4449 1 1 1425
4450 1 1 1427
4451 1 1 1426
4453 1 1 1424
4455 1 2 1580 1581
4456 1 2 1584 1585
4457 1 2 1582 1583
4458 1 2 1592 1593
4459 1 2 1596 1597
4460 1 2 1594 1595
4461 1 2 1586 1587
4462 1 2 1590 1591
4463 1 2 1588 1589
4464 1 2 1616 1617
4465 1 2 1620 1621
4466 1 2 1618 1619
4467 1 2 1628 1629
4468 1 2 1632 1633
4469 1 2 1630 1631
4470 1 2 1622 1623
4471 1 2 1626 1627
4472 1 2 1624 1625
4473 1 2 1598 1599
4474 1 2 1602 1603
4475 1 2 1600 1601
4476 1 2 1610 1611
4477 1 2 1614 1615
4478 1 2 1612 1613
4479 1 2 1604 1605
4480 1 2 1608 1609
4481 1 2 1606 1607
4482 1 2 1688 1689
4483 1 2 1692 1693
4484 1 2 1690 1691
4485 1 2 1700 1701
4486 1 2 1704 1705
4487 1 2 1702 1703
4488 1 2 1694 1695
4489 1 2 1698 1699
4490 1 2 1696 1697
4491 1 2 1724 1725
4492 1 2 1728 1729
4493 1 2 1726 1727
4494 1 2 1736 1737
4495 1 2 1740 1741
4496 1 2 1738 1739
4497 1 2 1730 1731
4498 1 2 1734 1735
4499 1 2 1732 1733
4500 1 2 1706 1707
4501 1 2 1710 1711
4502 1 2 1708 1709
4503 1 2 1718 1719
4504 1 2 1722 1723
4505 1 2 1720 1721
4506 1 2 1712 1713
4507 1 2 1716 1717
4508 1 2 1714 1715
4509 1 2 1634 1635
4510 1 2 1638 1639
4511 1 2 1636 1637
4512 1 2 1646 1647
4513 1 2 1650 1651
4514 1 2 1648 1649
4515 1 2 1640 1641
4516 1 2 1644 1645
4517 1 2 1642 1643
4518 1 2 1670 1671
4519 1 2 1674 1675
4520 1 2 1672 1673
4521 1 2 1682 1683
4522 1 2 1686 1687
4523 1 2 1684 1685
4524 1 2 1676 1677
4525 1 2 1680 1681
4526 1 2 1678 1679
4527 1 2 1652 1653
4528 1 2 1656 1657
4529 1 2 1654 1655
4530 1 2 1664 1665
4531 1 2 1668 1669
4532 1 2 1666 1667
4533 1 2 1658 1659
4534 1 2 1662 1663
4535 1 2 1660 1661
4537 1 1 1495
4539 1 1 1497
4540 1 2 1499 1500
4541 1 1 1498
4543 1 1 1496
4545 1 1 1506
4546 1 2 1508 1509
4547 1 1 1507
4548 1 2 1513 1514
4549 1 2 1517 1518
4550 1 2 1515 1516
4551 1 1 1510
4552 1 1 1512
4553 1 1 1511
4555 1 1 1501
4557 1 1 1503
4558 1 1 1505
4559 1 1 1504
4561 1 1 1502
4563 1 1 1539
4564 1 2 1541 1542
4565 1 1 1540
4566 1 2 1546 1547
4567 1 2 1550 1551
4568 1 2 1548 1549
4569 1 1 1543
4570 1 1 1545
4571 1 1 1544
4572 1 2 1562 1563
4573 1 2 1566 1567
4574 1 2 1564 1565
4575 1 2 1574 1575
4576 1 2 1578 1579
4577 1 2 1576 1577
4578 1 2 1568 1569
4579 1 2 1572 1573
4580 1 2 1570 1571
4581 1 1 1552
4582 1 1 1554
4583 1 1 1553
4584 1 1 1558
4585 1 2 1560 1561
4586 1 1 1559
4587 1 1 1555
4588 1 1 1557
4589 1 1 1556
4591 1 1 1519
4593 1 1 1521
4594 1 1 1523
4595 1 1 1522
4597 1 1 1520
4599 1 1 1529
4600 1 1 1531
4601 1 1 1530
4602 1 1 1535
4603 1 2 1537 1538
4604 1 1 1536
4605 1 1 1532
4606 1 1 1534
4607 1 1 1533
4609 1 1 1524
4611 1 1 1526
4612 1 1 1528
4613 1 1 1527
4615 1 1 1525
4617 1 2 2025 2026
4618 1 2 2029 2030
4619 1 2 2027 2028
4620 1 2 2037 2038
4621 1 2 2041 2042
4622 1 2 2039 2040
4623 1 2 2031 2032
4624 1 2 2035 2036
4625 1 2 2033 2034
4626 1 2 2061 2062
4627 1 2 2065 2066
4628 1 2 2063 2064
4629 1 2 2073 2074
4630 1 2 2077 2078
4631 1 2 2075 2076
4632 1 2 2067 2068
4633 1 2 2071 2072
4634 1 2 2069 2070
4635 1 2 2043 2044
4636 1 2 2047 2048
4637 1 2 2045 2046
4638 1 2 2055 2056
4639 1 2 2059 2060
4640 1 2 2057 2058
4641 1 2 2049 2050
4642 1 2 2053 2054
4643 1 2 2051 2052
4644 1 2 2133 2134
4645 1 2 2137 2138
4646 1 2 2135 2136
4647 1 2 2145 2146
4648 1 2 2149 2150
4649 1 2 2147 2148
4650 1 2 2139 2140
4651 1 2 2143 2144
4652 1 2 2141 2142
4653 1 2 2169 2170
4654 1 2 2173 2174
4655 1 2 2171 2172
4656 1 2 2181 2182
4657 1 2 2185 2186
4658 1 2 2183 2184
4659 1 2 2175 2176
4660 1 2 2179 2180
4661 1 2 2177 2178
4662 1 2 2151 2152
4663 1 2 2155 2156
4664 1 2 2153 2154
4665 1 2 2163 2164
4666 1 2 2167 2168
4667 1 2 2165 2166
4668 1 2 2157 2158
4669 1 2 2161 2162
4670 1 2 2159 2160
4671 1 2 2079 2080
4672 1 2 2083 2084
4673 1 2 2081 2082
4674 1 2 2091 2092
4675 1 2 2095 2096
4676 1 2 2093 2094
4677 1 2 2085 2086
4678 1 2 2089 2090
4679 1 2 2087 2088
4680 1 2 2115 2116
4681 1 2 2119 2120
4682 1 2 2117 2118
4683 1 2 2127 2128
4684 1 2 2131 2132
4685 1 2 2129 2130
4686 1 2 2121 2122
4687 1 2 2125 2126
4688 1 2 2123 2124
4689 1 2 2097 2098
4690 1 2 2101 2102
4691 1 2 2099 2100
4692 1 2 2109 2110
4693 1 2 2113 2114
4694 1 2 2111 2112
4695 1 2 2103 2104
4696 1 2 2107 2108
4697 1 2 2105 2106
4698 1 2 2349 2350
4699 1 2 2353 2354
4700 1 2 2351 2352
4701 1 2 2361 2362
4702 1 2 2365 2366
4703 1 2 2363 2364
4704 1 2 2355 2356
4705 1 2 2359 2360
4706 1 2 2357 2358
4707 1 2 2385 2386
4708 1 2 2389 2390
4709 1 2 2387 2388
4710 1 2 2397 2398
4711 1 2 2401 2402
4712 1 2 2399 2400
4713 1 2 2391 2392
4714 1 2 2395 2396
4715 1 2 2393 2394
4716 1 2 2367 2368
4717 1 2 2371 2372
4718 1 2 2369 2370
4719 1 2 2379 2380
4720 1 2 2383 2384
4721 1 2 2381 2382
4722 1 2 2373 2374
4723 1 2 2377 2378
4724 1 2 2375 2376
4725 1 2 2457 2458
4726 1 2 2461 2462
4727 1 2 2459 2460
4728 1 2 2469 2470
4729 1 2 2473 2474
4730 1 2 2471 2472
4731 1 2 2463 2464
4732 1 2 2467 2468
4733 1 2 2465 2466
4734 1 2 2493 2494
4735 1 2 2497 2498
4736 1 2 2495 2496
4737 1 2 2505 2506
4738 1 2 2509 2510
4739 1 2 2507 2508
4740 1 2 2499 2500
4741 1 2 2503 2504
4742 1 2 2501 2502
4743 1 2 2475 2476
4744 1 2 2479 2480
4745 1 2 2477 2478
4746 1 2 2487 2488
4747 1 2 2491 2492
4748 1 2 2489 2490
4749 1 2 2481 2482
4750 1 2 2485 2486
4751 1 2 2483 2484
4752 1 2 2403 2404
4753 1 2 2407 2408
4754 1 2 2405 2406
4755 1 2 2415 2416
4756 1 2 2419 2420
4757 1 2 2417 2418
4758 1 2 2409 2410
4759 1 2 2413 2414
4760 1 2 2411 2412
4761 1 2 2439 2440
4762 1 2 2443 2444
4763 1 2 2441 2442
4764 1 2 2451 2452
4765 1 2 2455 2456
4766 1 2 2453 2454
4767 1 2 2445 2446
4768 1 2 2449 2450
4769 1 2 2447 2448
4770 1 2 2421 2422
4771 1 2 2425 2426
4772 1 2 2423 2424
4773 1 2 2433 2434
4774 1 2 2437 2438
4775 1 2 2435 2436
4776 1 2 2427 2428
4777 1 2 2431 2432
4778 1 2 2429 2430
4779 1 2 2187 2188
4780 1 2 2191 2192
4781 1 2 2189 2190
4782 1 2 2199 2200
4783 1 2 2203 2204
4784 1 2 2201 2202
4785 1 2 2193 2194
4786 1 2 2197 2198
4787 1 2 2195 2196
4788 1 2 2223 2224
4789 1 2 2227 2228
4790 1 2 2225 2226
4791 1 2 2235 2236
4792 1 2 2239 2240
4793 1 2 2237 2238
4794 1 2 2229 2230
4795 1 2 2233 2234
4796 1 2 2231 2232
4797 1 2 2205 2206
4798 1 2 2209 2210
4799 1 2 2207 2208
4800 1 2 2217 2218
4801 1 2 2221 2222
4802 1 2 2219 2220
4803 1 2 2211 2212
4804 1 2 2215 2216
4805 1 2 2213 2214
4806 1 2 2295 2296
4807 1 2 2299 2300
4808 1 2 2297 2298
4809 1 2 2307 2308
4810 1 2 2311 2312
4811 1 2 2309 2310
4812 1 2 2301 2302
4813 1 2 2305 2306
4814 1 2 2303 2304
4815 1 2 2331 2332
4816 1 2 2335 2336
4817 1 2 2333 2334
4818 1 2 2343 2344
4819 1 2 2347 2348
4820 1 2 2345 2346
4821 1 2 2337 2338
4822 1 2 2341 2342
4823 1 2 2339 2340
4824 1 2 2313 2314
4825 1 2 2317 2318
4826 1 2 2315 2316
4827 1 2 2325 2326
4828 1 2 2329 2330
4829 1 2 2327 2328
4830 1 2 2319 2320
4831 1 2 2323 2324
4832 1 2 2321 2322
4833 1 2 2241 2242
4834 1 2 2245 2246
4835 1 2 2243 2244
4836 1 2 2253 2254
4837 1 2 2257 2258
4838 1 2 2255 2256
4839 1 2 2247 2248
4840 1 2 2251 2252
4841 1 2 2249 2250
4842 1 2 2277 2278
4843 1 2 2281 2282
4844 1 2 2279 2280
4845 1 2 2289 2290
4846 1 2 2293 2294
4847 1 2 2291 2292
4848 1 2 2283 2284
4849 1 2 2287 2288
4850 1 2 2285 2286
4851 1 2 2259 2260
4852 1 2 2263 2264
4853 1 2 2261 2262
4854 1 2 2271 2272
4855 1 2 2275 2276
4856 1 2 2273 2274
4857 1 2 2265 2266
4858 1 2 2269 2270
4859 1 2 2267 2268
4861 1 1 1742
4863 1 1 1744
4864 1 2 1746 1747
4865 1 1 1745
4867 1 1 1743
4869 1 1 1753
4870 1 2 1755 1756
4871 1 1 1754
4872 1 2 1760 1761
4873 1 2 1764 1765
4874 1 2 1762 1763
4875 1 1 1757
4876 1 1 1759
4877 1 1 1758
4879 1 1 1748
4881 1 1 1750
4882 1 1 1752
4883 1 1 1751
4885 1 1 1749
4887 1 1 1786
4888 1 2 1788 1789
4889 1 1 1787
4890 1 2 1793 1794
4891 1 2 1797 1798
4892 1 2 1795 1796
4893 1 1 1790
4894 1 1 1792
4895 1 1 1791
4896 1 2 1809 1810
4897 1 2 1813 1814
4898 1 2 1811 1812
4899 1 2 1821 1822
4900 1 2 1825 1826
4901 1 2 1823 1824
4902 1 2 1815 1816
4903 1 2 1819 1820
4904 1 2 1817 1818
4905 1 1 1799
4906 1 1 1801
4907 1 1 1800
4908 1 1 1805
4909 1 2 1807 1808
4910 1 1 1806
4911 1 1 1802
4912 1 1 1804
4913 1 1 1803
4915 1 1 1766
4917 1 1 1768
4918 1 1 1770
4919 1 1 1769
4921 1 1 1767
4923 1 1 1776
4924 1 1 1778
4925 1 1 1777
4926 1 1 1782
4927 1 2 1784 1785
4928 1 1 1783
4929 1 1 1779
4930 1 1 1781
4931 1 1 1780
4933 1 1 1771
4935 1 1 1773
4936 1 1 1775
4937 1 1 1774
4939 1 1 1772
4941 1 1 1898
4942 1 2 1900 1901
4943 1 1 1899
4944 1 2 1905 1906
4945 1 2 1909 1910
4946 1 2 1907 1908
4947 1 1 1902
4948 1 1 1904
4949 1 1 1903
4950 1 2 1921 1922
4951 1 2 1925 1926
4952 1 2 1923 1924
4953 1 2 1933 1934
4954 1 2 1937 1938
4955 1 2 1935 1936
4956 1 2 1927 1928
4957 1 2 1931 1932
4958 1 2 1929 1930
4959 1 1 1911
4960 1 1 1913
4961 1 1 1912
4962 1 1 1917
4963 1 2 1919 1920
4964 1 1 1918
4965 1 1 1914
4966 1 1 1916
4967 1 1 1915
4968 1 2 1971 1972
4969 1 2 1975 1976
4970 1 2 1973 1974
4971 1 2 1983 1984
4972 1 2 1987 1988
4973 1 2 1985 1986
4974 1 2 1977 1978
4975 1 2 1981 1982
4976 1 2 1979 1980
4977 1 2 2007 2008
4978 1 2 2011 2012
4979 1 2 2009 2010
4980 1 2 2019 2020
4981 1 2 2023 2024
4982 1 2 2021 2022
4983 1 2 2013 2014
4984 1 2 2017 2018
4985 1 2 2015 2016
4986 1 2 1989 1990
4987 1 2 1993 1994
4988 1 2 1991 1992
4989 1 2 2001 2002
4990 1 2 2005 2006
4991 1 2 2003 2004
4992 1 2 1995 1996
4993 1 2 1999 2000
4994 1 2 1997 1998
4995 1 1 1939
4996 1 1 1941
4997 1 1 1940
4998 1 1 1945
4999 1 2 1947 1948
5000 1 1 1946
5001 1 1 1942
5002 1 1 1944
5003 1 1 1943
5004 1 1 1958
5005 1 2 1960 1961
5006 1 1 1959
5007 1 2 1965 1966
5008 1 2 1969 1970
5009 1 2 1967 1968
5010 1 1 1962
5011 1 1 1964
5012 1 1 1963
5013 1 1 1949
5014 1 1 1951
5015 1 1 1950
5016 1 1 1955
5017 1 1 1957
5018 1 1 1956
5019 1 1 1952
5020 1 1 1954
5021 1 1 1953
5023 1 1 1827
5025 1 1 1829
5026 1 1 1831
5027 1 1 1830
5029 1 1 1828
5031 1 1 1837
5032 1 1 1839
5033 1 1 1838
5034 1 1 1843
5035 1 2 1845 1846
5036 1 1 1844
5037 1 1 1840
5038 1 1 1842
5039 1 1 1841
5041 1 1 1832
5043 1 1 1834
5044 1 1 1836
5045 1 1 1835
5047 1 1 1833
5049 1 1 1866
5050 1 1 1868
5051 1 1 1867
5052 1 1 1872
5053 1 2 1874 1875
5054 1 1 1873
5055 1 1 1869
5056 1 1 1871
5057 1 1 1870
5058 1 1 1885
5059 1 2 1887 1888
5060 1 1 1886
5061 1 2 1892 1893
5062 1 2 1896 1897
5063 1 2 1894 1895
5064 1 1 1889
5065 1 1 1891
5066 1 1 1890
5067 1 1 1876
5068 1 1 1878
5069 1 1 1877
5070 1 1 1882
5071 1 1 1884
5072 1 1 1883
5073 1 1 1879
5074 1 1 1881
5075 1 1 1880
5077 1 1 1847
5079 1 1 1849
5080 1 1 1851
5081 1 1 1850
5083 1 1 1848
5085 1 1 1857
5086 1 1 1859
5087 1 1 1858
5088 1 1 1863
5089 1 1 1865
5090 1 1 1864
5091 1 1 1860
5092 1 1 1862
5093 1 1 1861
5095 1 1 1852
5097 1 1 1854
5098 1 1 1856
5099 1 1 1855
5101 1 1 1853
5103 1 1 3230
5104 1 1 3233
5105 1 2 3231 3232
5106 1 1 3240
5107 1 1 3242
5108 1 1 3241
5109 1 2 3234 3235
5110 1 2 3238 3239
5111 1 2 3236 3237
5112 1 1 3261
5113 1 1 3263
5114 1 1 3262
5115 1 1 3268
5116 1 1 3270
5117 1 1 3269
5118 1 1 3264
5119 1 1 3267
5120 1 2 3265 3266
5121 1 2 3243 3244
5122 1 2 3247 3248
5123 1 2 3245 3246
5124 1 2 3255 3256
5125 1 2 3259 3260
5126 1 2 3257 3258
5127 1 2 3249 3250
5128 1 2 3253 3254
5129 1 2 3251 3252
5130 1 1 3325
5131 1 1 3327
5132 1 1 3326
5133 1 1 3332
5134 1 1 3334
5135 1 1 3333
5136 1 1 3328
5137 1 1 3331
5138 1 2 3329 3330
5139 1 1 3348
5140 1 1 3350
5141 1 1 3349
5142 1 1 3354
5143 1 1 3356
5144 1 1 3355
5145 1 1 3351
5146 1 1 3353
5147 1 1 3352
5148 1 1 3335
5149 1 1 3338
5150 1 2 3336 3337
5151 1 1 3345
5152 1 1 3347
5153 1 1 3346
5154 1 2 3339 3340
5155 1 2 3343 3344
5156 1 2 3341 3342
5157 1 2 3271 3272
5158 1 2 3275 3276
5159 1 2 3273 3274
5160 1 2 3283 3284
5161 1 2 3287 3288
5162 1 2 3285 3286
5163 1 2 3277 3278
5164 1 2 3281 3282
5165 1 2 3279 3280
5166 1 2 3307 3308
5167 1 2 3311 3312
5168 1 2 3309 3310
5169 1 2 3319 3320
5170 1 2 3323 3324
5171 1 2 3321 3322
5172 1 2 3313 3314
5173 1 2 3317 3318
5174 1 2 3315 3316
5175 1 2 3289 3290
5176 1 2 3293 3294
5177 1 2 3291 3292
5178 1 2 3301 3302
5179 1 2 3305 3306
5180 1 2 3303 3304
5181 1 2 3295 3296
5182 1 2 3299 3300
5183 1 2 3297 3298
5184 1 1 3519
5185 1 1 3521
5186 1 1 3520
5187 1 1 3526
5188 1 1 3528
5189 1 1 3527
5190 1 1 3522
5191 1 1 3525
5192 1 2 3523 3524
5193 1 1 3542
5194 1 1 3544
5195 1 1 3543
5196 1 1 3548
5197 1 1 3550
5198 1 1 3549
5199 1 1 3545
5200 1 1 3547
5201 1 1 3546
5202 1 1 3529
5203 1 1 3532
5204 1 2 3530 3531
5205 1 1 3539
5206 1 1 3541
5207 1 1 3540
5208 1 2 3533 3534
5209 1 2 3537 3538
5210 1 2 3535 3536
5211 1 1 3592
5212 1 1 3594
5213 1 1 3593
5214 1 1 3598
5215 1 1 3600
5216 1 1 3599
5217 1 1 3595
5218 1 1 3597
5219 1 1 3596
5220 1 1 3611
5221 1 1 3613
5222 1 1 3612
5223 1 1 3617
5224 1 1 3619
5225 1 1 3618
5226 1 1 3614
5227 1 1 3616
5228 1 1 3615
5229 1 1 3601
5230 1 1 3603
5231 1 1 3602
5232 1 1 3608
5233 1 1 3610
5234 1 1 3609
5235 1 1 3604
5236 1 1 3607
5237 1 2 3605 3606
5238 1 1 3551
5239 1 1 3554
5240 1 2 3552 3553
5241 1 1 3561
5242 1 1 3563
5243 1 1 3562
5244 1 2 3555 3556
5245 1 2 3559 3560
5246 1 2 3557 3558
5247 1 1 3582
5248 1 1 3584
5249 1 1 3583
5250 1 1 3589
5251 1 1 3591
5252 1 1 3590
5253 1 1 3585
5254 1 1 3588
5255 1 2 3586 3587
5256 1 2 3564 3565
5257 1 2 3568 3569
5258 1 2 3566 3567
5259 1 2 3576 3577
5260 1 2 3580 3581
5261 1 2 3578 3579
5262 1 2 3570 3571
5263 1 2 3574 3575
5264 1 2 3572 3573
5265 1 2 3357 3358
5266 1 2 3361 3362
5267 1 2 3359 3360
5268 1 2 3369 3370
5269 1 2 3373 3374
5270 1 2 3371 3372
5271 1 2 3363 3364
5272 1 2 3367 3368
5273 1 2 3365 3366
5274 1 2 3393 3394
5275 1 2 3397 3398
5276 1 2 3395 3396
5277 1 2 3405 3406
5278 1 2 3409 3410
5279 1 2 3407 3408
5280 1 2 3399 3400
5281 1 2 3403 3404
5282 1 2 3401 3402
5283 1 2 3375 3376
5284 1 2 3379 3380
5285 1 2 3377 3378
5286 1 2 3387 3388
5287 1 2 3391 3392
5288 1 2 3389 3390
5289 1 2 3381 3382
5290 1 2 3385 3386
5291 1 2 3383 3384
5292 1 2 3465 3466
5293 1 2 3469 3470
5294 1 2 3467 3468
5295 1 2 3477 3478
5296 1 2 3481 3482
5297 1 2 3479 3480
5298 1 2 3471 3472
5299 1 2 3475 3476
5300 1 2 3473 3474
5301 1 2 3501 3502
5302 1 2 3505 3506
5303 1 2 3503 3504
5304 1 2 3513 3514
5305 1 2 3517 3518
5306 1 2 3515 3516
5307 1 2 3507 3508
5308 1 2 3511 3512
5309 1 2 3509 3510
5310 1 2 3483 3484
5311 1 2 3487 3488
5312 1 2 3485 3486
5313 1 2 3495 3496
5314 1 2 3499 3500
5315 1 2 3497 3498
5316 1 2 3489 3490
5317 1 2 3493 3494
5318 1 2 3491 3492
5319 1 2 3411 3412
5320 1 2 3415 3416
5321 1 2 3413 3414
5322 1 2 3423 3424
5323 1 2 3427 3428
5324 1 2 3425 3426
5325 1 2 3417 3418
5326 1 2 3421 3422
5327 1 2 3419 3420
5328 1 2 3447 3448
5329 1 2 3451 3452
5330 1 2 3449 3450
5331 1 2 3459 3460
5332 1 2 3463 3464
5333 1 2 3461 3462
5334 1 2 3453 3454
5335 1 2 3457 3458
5336 1 2 3455 3456
5337 1 2 3429 3430
5338 1 2 3433 3434
5339 1 2 3431 3432
5340 1 2 3441 3442
5341 1 2 3445 3446
5342 1 2 3443 3444
5343 1 2 3435 3436
5344 1 2 3439 3440
5345 1 2 3437 3438
5346 1 1 3839
5347 1 1 3841
5348 1 1 3840
5349 1 1 3846
5350 1 1 3848
5351 1 1 3847
5352 1 1 3842
5353 1 1 3845
5354 1 2 3843 3844
5355 1 1 3862
5356 1 1 3864
5357 1 1 3863
5358 1 1 3868
5359 1 1 3870
5360 1 1 3869
5361 1 1 3865
5362 1 1 3867
5363 1 1 3866
5364 1 1 3849
5365 1 1 3852
5366 1 2 3850 3851
5367 1 1 3859
5368 1 1 3861
5369 1 1 3860
5370 1 2 3853 3854
5371 1 2 3857 3858
5372 1 2 3855 3856
5373 1 1 3906
5374 1 1 3908
5375 1 1 3907
5376 1 1 3912
5377 1 1 3914
5378 1 1 3913
5379 1 1 3909
5380 1 1 3911
5381 1 1 3910
5382 1 1 3924
5383 1 1 3926
5384 1 1 3925
5385 1 1 3930
5386 1 1 3932
5387 1 1 3931
5388 1 1 3927
5389 1 1 3929
5390 1 1 3928
5391 1 1 3915
5392 1 1 3917
5393 1 1 3916
5394 1 1 3921
5395 1 1 3923
5396 1 1 3922
5397 1 1 3918
5398 1 1 3920
5399 1 1 3919
5400 1 1 3871
5401 1 1 3874
5402 1 2 3872 3873
5403 1 1 3881
5404 1 1 3883
5405 1 1 3882
5406 1 2 3875 3876
5407 1 2 3879 3880
5408 1 2 3877 3878
5409 1 1 3897
5410 1 1 3899
5411 1 1 3898
5412 1 1 3903
5413 1 1 3905
5414 1 1 3904
5415 1 1 3900
5416 1 1 3902
5417 1 1 3901
5418 1 2 3884 3885
5419 1 2 3888 3889
5420 1 2 3886 3887
5421 1 1 3894
5422 1 1 3896
5423 1 1 3895
5424 1 2 3890 3891
5425 1 1 3893
5426 1 1 3892
5427 1 1 3966
5428 1 1 3968
5429 1 1 3967
5430 1 1 3972
5431 1 1 3974
5432 1 1 3973
5433 1 1 3969
5434 1 1 3971
5435 1 1 3970
5436 1 1 3984
5437 1 1 3986
5438 1 1 3985
5439 1 1 3990
5440 1 1 3992
5441 1 1 3991
5442 1 1 3987
5443 1 1 3989
5444 1 1 3988
5445 1 1 3975
5446 1 1 3977
5447 1 1 3976
5448 1 1 3981
5449 1 1 3983
5450 1 1 3982
5451 1 1 3978
5452 1 1 3980
5453 1 1 3979
5454 1 1 3998
5455 1 1 4000
5456 1 1 3999
5457 1 1 4004
5458 1 1 4006
5459 1 1 4005
5460 1 1 4001
5461 1 1 4003
5462 1 1 4002
5463 1 1 4008
5464 1 1 4010
5465 1 1 4009
5466 1 1 4011
5472 1 1 4007
5481 1 1 3993
5482 1 1 3995
5483 1 1 3994
5484 1 1 3996
5490 1 1 3997
5508 1 1 3933
5509 1 1 3936
5510 1 2 3934 3935
5511 1 1 3943
5512 1 1 3945
5513 1 1 3944
5514 1 2 3937 3938
5515 1 2 3941 3942
5516 1 2 3939 3940
5517 1 1 3951
5518 1 1 3953
5519 1 1 3952
5520 1 1 3954
5526 1 2 3946 3947
5527 1 1 3949
5528 1 1 3948
5532 1 1 3950
5535 1 1 3961
5536 1 1 3963
5537 1 1 3962
5538 1 1 3964
5544 1 1 3965
5562 1 2 3955 3956
5563 1 1 3958
5564 1 1 3957
5568 1 1 3959
5580 1 1 3960
5589 1 2 3620 3621
5590 1 2 3624 3625
5591 1 2 3622 3623
5592 1 2 3632 3633
5593 1 2 3636 3637
5594 1 2 3634 3635
5595 1 2 3626 3627
5596 1 2 3630 3631
5597 1 2 3628 3629
5598 1 2 3656 3657
5599 1 2 3660 3661
5600 1 2 3658 3659
5601 1 2 3668 3669
5602 1 2 3672 3673
5603 1 2 3670 3671
5604 1 2 3662 3663
5605 1 2 3666 3667
5606 1 2 3664 3665
5607 1 2 3638 3639
5608 1 2 3642 3643
5609 1 2 3640 3641
5610 1 2 3650 3651
5611 1 2 3654 3655
5612 1 2 3652 3653
5613 1 2 3644 3645
5614 1 2 3648 3649
5615 1 2 3646 3647
5616 1 2 3706 3707
5617 1 2 3710 3711
5618 1 2 3708 3709
5619 1 2 3718 3719
5620 1 2 3722 3723
5621 1 2 3720 3721
5622 1 2 3712 3713
5623 1 2 3716 3717
5624 1 2 3714 3715
5625 1 2 3734 3735
5626 1 2 3738 3739
5627 1 2 3736 3737
5628 1 2 3743 3744
5629 1 1 3746
5630 1 1 3745
5631 1 1 3740
5632 1 1 3742
5633 1 1 3741
5634 1 2 3724 3725
5635 1 1 3727
5636 1 1 3726
5637 1 1 3731
5638 1 1 3733
5639 1 1 3732
5640 1 1 3728
5641 1 1 3730
5642 1 1 3729
5643 1 2 3674 3675
5644 1 2 3678 3679
5645 1 2 3676 3677
5646 1 2 3683 3684
5647 1 1 3686
5648 1 1 3685
5649 1 1 3680
5650 1 1 3682
5651 1 1 3681
5652 1 2 3696 3697
5653 1 1 3699
5654 1 1 3698
5655 1 1 3703
5656 1 1 3705
5657 1 1 3704
5658 1 1 3700
5659 1 1 3702
5660 1 1 3701
5661 1 1 3687
5662 1 1 3689
5663 1 1 3688
5664 1 1 3693
5665 1 1 3695
5666 1 1 3694
5667 1 1 3690
5668 1 1 3692
5669 1 1 3691
5670 1 2 3799 3800
5671 1 2 3803 3804
5672 1 2 3801 3802
5673 1 2 3811 3812
5674 1 2 3815 3816
5675 1 2 3813 3814
5676 1 2 3805 3806
5677 1 2 3809 3810
5678 1 2 3807 3808
5679 1 2 3822 3823
5680 1 1 3825
5681 1 1 3824
5682 1 1 3826
5688 1 2 3817 3818
5689 1 1 3820
5690 1 1 3819
5694 1 1 3821
5697 1 2 3833 3834
5698 1 1 3836
5699 1 1 3835
5700 1 1 3837
5706 1 1 3838
5724 1 2 3827 3828
5725 1 1 3830
5726 1 1 3829
5730 1 1 3831
5742 1 1 3832
5751 1 2 3747 3748
5752 1 2 3751 3752
5753 1 2 3749 3750
5754 1 2 3756 3757
5755 1 1 3759
5756 1 1 3758
5757 1 1 3753
5758 1 1 3755
5759 1 1 3754
5760 1 2 3769 3770
5761 1 1 3772
5762 1 1 3771
5763 1 1 3776
5764 1 1 3778
5765 1 1 3777
5766 1 1 3773
5767 1 1 3775
5768 1 1 3774
5769 1 1 3760
5770 1 1 3762
5771 1 1 3761
5772 1 1 3766
5773 1 1 3768
5774 1 1 3767
5775 1 1 3763
5776 1 1 3765
5777 1 1 3764
5778 1 2 3793 3794
5779 1 1 3796
5780 1 1 3795
5784 1 1 3797
5796 1 1 3798
5805 1 1 3779
5806 1 1 3781
5807 1 1 3780
5808 1 1 3785
5809 1 1 3787
5810 1 1 3786
5811 1 1 3782
5812 1 1 3784
5813 1 1 3783
5814 1 1 3792
5823 1 1 3788
5824 1 1 3790
5825 1 1 3789
5829 1 1 3791
5833 5 2 2511 2512
5835 5 2 2514 2515
5836 5 2 2518 2519
5837 5 2 2516 2517
5839 5 1 2513
5841 5 2 2526 2527
5842 5 2 2530 2531
5843 5 2 2528 2529
5844 5 2 2538 2539
5845 5 2 2542 2543
5846 5 2 2540 2541
5847 5 2 2532 2533
5848 5 2 2536 2537
5849 5 2 2534 2535
5851 5 1 2520
5853 5 1 2522
5854 5 2 2524 2525
5855 5 1 2523
5857 5 1 2521
5859 5 2 2568 2569
5860 5 2 2572 2573
5861 5 2 2570 2571
5862 5 2 2580 2581
5863 5 2 2584 2585
5864 5 2 2582 2583
5865 5 2 2574 2575
5866 5 2 2578 2579
5867 5 2 2576 2577
5868 5 2 2604 2605
5869 5 2 2608 2609
5870 5 2 2606 2607
5871 5 2 2616 2617
5872 5 2 2620 2621
5873 5 2 2618 2619
5874 5 2 2610 2611
5875 5 2 2614 2615
5876 5 2 2612 2613
5877 5 2 2586 2587
5878 5 2 2590 2591
5879 5 2 2588 2589
5880 5 2 2598 2599
5881 5 2 2602 2603
5882 5 2 2600 2601
5883 5 2 2592 2593
5884 5 2 2596 2597
5885 5 2 2594 2595
5887 5 1 2544
5889 5 1 2546
5890 5 2 2548 2549
5891 5 1 2547
5893 5 1 2545
5895 5 1 2555
5896 5 2 2557 2558
5897 5 1 2556
5898 5 2 2562 2563
5899 5 2 2566 2567
5900 5 2 2564 2565
5901 5 1 2559
5902 5 1 2561
5903 5 1 2560
5905 5 1 2550
5907 5 1 2552
5908 5 1 2554
5909 5 1 2553
5911 5 1 2551
5913 5 2 2707 2708
5914 5 2 2711 2712
5915 5 2 2709 2710
5916 5 2 2719 2720
5917 5 2 2723 2724
5918 5 2 2721 2722
5919 5 2 2713 2714
5920 5 2 2717 2718
5921 5 2 2715 2716
5922 5 2 2743 2744
5923 5 2 2747 2748
5924 5 2 2745 2746
5925 5 2 2755 2756
5926 5 2 2759 2760
5927 5 2 2757 2758
5928 5 2 2749 2750
5929 5 2 2753 2754
5930 5 2 2751 2752
5931 5 2 2725 2726
5932 5 2 2729 2730
5933 5 2 2727 2728
5934 5 2 2737 2738
5935 5 2 2741 2742
5936 5 2 2739 2740
5937 5 2 2731 2732
5938 5 2 2735 2736
5939 5 2 2733 2734
5940 5 2 2815 2816
5941 5 2 2819 2820
5942 5 2 2817 2818
5943 5 2 2827 2828
5944 5 2 2831 2832
5945 5 2 2829 2830
5946 5 2 2821 2822
5947 5 2 2825 2826
5948 5 2 2823 2824
5949 5 2 2851 2852
5950 5 2 2855 2856
5951 5 2 2853 2854
5952 5 2 2863 2864
5953 5 2 2867 2868
5954 5 2 2865 2866
5955 5 2 2857 2858
5956 5 2 2861 2862
5957 5 2 2859 2860
5958 5 2 2833 2834
5959 5 2 2837 2838
5960 5 2 2835 2836
5961 5 2 2845 2846
5962 5 2 2849 2850
5963 5 2 2847 2848
5964 5 2 2839 2840
5965 5 2 2843 2844
5966 5 2 2841 2842
5967 5 2 2761 2762
5968 5 2 2765 2766
5969 5 2 2763 2764
5970 5 2 2773 2774
5971 5 2 2777 2778
5972 5 2 2775 2776
5973 5 2 2767 2768
5974 5 2 2771 2772
5975 5 2 2769 2770
5976 5 2 2797 2798
5977 5 2 2801 2802
5978 5 2 2799 2800
5979 5 2 2809 2810
5980 5 2 2813 2814
5981 5 2 2811 2812
5982 5 2 2803 2804
5983 5 2 2807 2808
5984 5 2 2805 2806
5985 5 2 2779 2780
5986 5 2 2783 2784
5987 5 2 2781 2782
5988 5 2 2791 2792
5989 5 2 2795 2796
5990 5 2 2793 2794
5991 5 2 2785 2786
5992 5 2 2789 2790
5993 5 2 2787 2788
5995 5 1 2622
5997 5 1 2624
5998 5 2 2626 2627
5999 5 1 2625
6001 5 1 2623
6003 5 1 2633
6004 5 2 2635 2636
6005 5 1 2634
6006 5 2 2640 2641
6007 5 2 2644 2645
6008 5 2 2642 2643
6009 5 1 2637
6010 5 1 2639
6011 5 1 2638
6013 5 1 2628
6015 5 1 2630
6016 5 1 2632
6017 5 1 2631
6019 5 1 2629
6021 5 1 2666
6022 5 2 2668 2669
6023 5 1 2667
6024 5 2 2673 2674
6025 5 2 2677 2678
6026 5 2 2675 2676
6027 5 1 2670
6028 5 1 2672
6029 5 1 2671
6030 5 2 2689 2690
6031 5 2 2693 2694
6032 5 2 2691 2692
6033 5 2 2701 2702
6034 5 2 2705 2706
6035 5 2 2703 2704
6036 5 2 2695 2696
6037 5 2 2699 2700
6038 5 2 2697 2698
6039 5 1 2679
6040 5 1 2681
6041 5 1 2680
6042 5 1 2685
6043 5 2 2687 2688
6044 5 1 2686
6045 5 1 2682
6046 5 1 2684
6047 5 1 2683
6049 5 1 2646
6051 5 1 2648
6052 5 1 2650
6053 5 1 2649
6055 5 1 2647
6057 5 1 2656
6058 5 1 2658
6059 5 1 2657
6060 5 1 2662
6061 5 2 2664 2665
6062 5 1 2663
6063 5 1 2659
6064 5 1 2661
6065 5 1 2660
6067 5 1 2651
6069 5 1 2653
6070 5 1 2655
6071 5 1 2654
6073 5 1 2652
6075 5 2 3011 3012
6076 5 2 3015 3016
6077 5 2 3013 3014
6078 5 2 3023 3024
6079 5 2 3027 3028
6080 5 2 3025 3026
6081 5 2 3017 3018
6082 5 2 3021 3022
6083 5 2 3019 3020
6084 5 2 3047 3048
6085 5 2 3051 3052
6086 5 2 3049 3050
6087 5 2 3059 3060
6088 5 2 3063 3064
6089 5 2 3061 3062
6090 5 2 3053 3054
6091 5 2 3057 3058
6092 5 2 3055 3056
6093 5 2 3029 3030
6094 5 2 3033 3034
6095 5 2 3031 3032
6096 5 2 3041 3042
6097 5 2 3045 3046
6098 5 2 3043 3044
6099 5 2 3035 3036
6100 5 2 3039 3040
6101 5 2 3037 3038
6102 5 2 3106 3107
6103 5 2 3110 3111
6104 5 2 3108 3109
6105 5 1 3116
6106 5 1 3118
6107 5 1 3117
6108 5 2 3112 3113
6109 5 1 3115
6110 5 1 3114
6111 5 1 3129
6112 5 1 3131
6113 5 1 3130
6114 5 1 3135
6115 5 1 3137
6116 5 1 3136
6117 5 1 3132
6118 5 1 3134
6119 5 1 3133
6120 5 2 3119 3120
6121 5 1 3122
6122 5 1 3121
6123 5 1 3126
6124 5 1 3128
6125 5 1 3127
6126 5 1 3123
6127 5 1 3125
6128 5 1 3124
6129 5 2 3065 3066
6130 5 2 3069 3070
6131 5 2 3067 3068
6132 5 2 3077 3078
6133 5 2 3081 3082
6134 5 2 3079 3080
6135 5 2 3071 3072
6136 5 2 3075 3076
6137 5 2 3073 3074
6138 5 2 3096 3097
6139 5 1 3099
6140 5 1 3098
6141 5 1 3103
6142 5 1 3105
6143 5 1 3104
6144 5 1 3100
6145 5 1 3102
6146 5 1 3101
6147 5 2 3083 3084
6148 5 2 3087 3088
6149 5 2 3085 3086
6150 5 1 3093
6151 5 1 3095
6152 5 1 3094
6153 5 2 3089 3090
6154 5 1 3092
6155 5 1 3091
6156 5 2 3178 3179
6157 5 2 3182 3183
6158 5 2 3180 3181
6159 5 1 3188
6160 5 1 3190
6161 5 1 3189
6162 5 2 3184 3185
6163 5 1 3187
6164 5 1 3186
6165 5 1 3201
6166 5 1 3203
6167 5 1 3202
6168 5 1 3207
6169 5 1 3209
6170 5 1 3208
6171 5 1 3204
6172 5 1 3206
6173 5 1 3205
6174 5 2 3191 3192
6175 5 1 3194
6176 5 1 3193
6177 5 1 3198
6178 5 1 3200
6179 5 1 3199
6180 5 1 3195
6181 5 1 3197
6182 5 1 3196
6183 5 1 3216
6184 5 1 3218
6185 5 1 3217
6186 5 1 3222
6187 5 1 3224
6188 5 1 3223
6189 5 1 3219
6190 5 1 3221
6191 5 1 3220
6192 5 1 3226
6193 5 1 3228
6194 5 1 3227
6195 5 1 3229
6201 5 1 3225
6210 5 2 3210 3211
6211 5 1 3213
6212 5 1 3212
6213 5 1 3214
6219 5 1 3215
6237 5 2 3138 3139
6238 5 2 3142 3143
6239 5 2 3140 3141
6240 5 2 3150 3151
6241 5 2 3154 3155
6242 5 2 3152 3153
6243 5 2 3144 3145
6244 5 2 3148 3149
6245 5 2 3146 3147
6246 5 2 3161 3162
6247 5 1 3164
6248 5 1 3163
6249 5 1 3165
6255 5 2 3156 3157
6256 5 1 3159
6257 5 1 3158
6261 5 1 3160
6264 5 2 3172 3173
6265 5 1 3175
6266 5 1 3174
6267 5 1 3176
6273 5 1 3177
6291 5 2 3166 3167
6292 5 1 3169
6293 5 1 3168
6297 5 1 3170
6309 5 1 3171
6319 5 1 2869
6321 5 1 2871
6322 5 2 2873 2874
6323 5 1 2872
6325 5 1 2870
6327 5 1 2880
6328 5 2 2882 2883
6329 5 1 2881
6330 5 2 2887 2888
6331 5 2 2891 2892
6332 5 2 2889 2890
6333 5 1 2884
6334 5 1 2886
6335 5 1 2885
6337 5 1 2875
6339 5 1 2877
6340 5 1 2879
6341 5 1 2878
6343 5 1 2876
6345 5 1 2912
6346 5 2 2914 2915
6347 5 1 2913
6348 5 2 2919 2920
6349 5 2 2923 2924
6350 5 2 2921 2922
6351 5 1 2916
6352 5 1 2918
6353 5 1 2917
6354 5 2 2934 2935
6355 5 2 2938 2939
6356 5 2 2936 2937
6357 5 2 2943 2944
6358 5 1 2946
6359 5 1 2945
6360 5 1 2940
6361 5 1 2942
6362 5 1 2941
6363 5 1 2925
6364 5 1 2927
6365 5 1 2926
6366 5 1 2931
6367 5 1 2933
6368 5 1 2932
6369 5 1 2928
6370 5 1 2930
6371 5 1 2929
6373 5 1 2893
6375 5 1 2895
6376 5 1 2897
6377 5 1 2896
6379 5 1 2894
6381 5 1 2903
6382 5 1 2905
6383 5 1 2904
6384 5 1 2909
6385 5 1 2911
6386 5 1 2910
6387 5 1 2906
6388 5 1 2908
6389 5 1 2907
6391 5 1 2898
6393 5 1 2900
6394 5 1 2902
6395 5 1 2901
6397 5 1 2899
6399 5 1 2978
6400 5 2 2980 2981
6401 5 1 2979
6402 5 2 2985 2986
6403 5 2 2989 2990
6404 5 2 2987 2988
6405 5 1 2982
6406 5 1 2984
6407 5 1 2983
6408 5 2 2995 2996
6409 5 1 2998
6410 5 1 2997
6411 5 1 2999
6417 5 1 2991
6418 5 1 2993
6419 5 1 2992
6423 5 1 2994
6426 5 2 3005 3006
6427 5 1 3008
6428 5 1 3007
6429 5 1 3009
6435 5 1 3010
6453 5 1 3000
6454 5 1 3002
6455 5 1 3001
6459 5 1 3003
6471 5 1 3004
6481 5 1 2947
6483 5 1 2949
6484 5 1 2951
6485 5 1 2950
6487 5 1 2948
6489 5 1 2957
6490 5 1 2959
6491 5 1 2958
6492 5 1 2963
6493 5 1 2965
6494 5 1 2964
6495 5 1 2960
6496 5 1 2962
6497 5 1 2961
6499 5 1 2952
6501 5 1 2954
6502 5 1 2956
6503 5 1 2955
6505 5 1 2953
6507 5 1 2973
6508 5 1 2975
6509 5 1 2974
6513 5 1 2976
6525 5 1 2977
6535 5 1 2966
6537 5 1 2968
6538 5 1 2970
6539 5 1 2969
6541 5 1 2967
6543 5 1 2972
6553 5 1 2971
6563 0 2 4012 4013
6566 0 2 1386 2
6567 0 2 4014 4013
6568 0 4 4015 4016 1390 4
6569 0 2 4017 4018
6572 0 2 1393 2
6575 0 2 1394 14
6576 0 2 1395 4
6577 0 2 1396 16
6578 0 4 1398 4019 17 4020
6579 0 2 4021 4022
6580 0 4 4023 4016 1402 6
6581 0 2 4024 4018
6582 0 4 4025 4026 1406 6
6583 0 4 4027 4028 1408 23
6584 0 2 4029 4030
6585 0 2 4031 4018
6586 0 2 4032 4033
6587 0 2 4034 4035
6590 0 2 1417 8
6593 0 2 1418 14
6594 0 2 1419 10
6595 0 2 1420 16
6596 0 4 1422 4036 17 4037
6599 0 2 1423 14
6602 0 2 1424 61
6603 0 2 1425 16
6604 0 2 1426 63
6605 0 2 1427 64
6606 0 2 1428 19
6607 0 2 1429 23
6608 0 4 1431 4038 24 4037
6609 0 2 1432 23
6610 0 2 1433 69
6611 0 2 1434 70
6612 0 4 1436 4039 27 4037
6613 0 4 4040 4041 1438 72
6614 0 4 1439 73 4042 4043
6615 0 2 4044 4045
6616 0 4 4046 4047 1444 12
6617 0 2 4048 4049
6618 0 4 4050 4051 1448 12
6619 0 4 4052 4028 1450 30
6620 0 2 4053 4030
6621 0 2 4054 4049
6622 0 2 4055 4033
6623 0 2 4056 4035
6624 0 4 4057 4058 1460 21
6625 0 4 4059 4060 1462 30
6626 0 2 4061 4020
6627 0 4 4062 4063 1466 30
6628 0 4 4064 4065 1468 92
6629 0 4 4066 4067 1470 93
6630 0 2 4068 4020
6631 0 4 4069 4070 1474 95
6632 0 2 4071 4072
6633 0 2 4073 4074
6634 0 2 4075 4033
6635 0 2 4076 4035
6636 0 2 4077 4030
6637 0 4 4078 4079 1486 107
6638 0 2 4080 4081
6639 0 2 4082 4035
6640 0 2 4083 4084
6641 0 2 4085 4086
6644 0 2 1495 32
6647 0 2 1496 38
6648 0 2 1497 34
6649 0 2 1498 40
6650 0 4 1500 4087 41 4088
6653 0 2 1501 38
6656 0 2 1502 61
6657 0 2 1503 40
6658 0 2 1504 63
6659 0 2 1505 64
6660 0 2 1506 43
6661 0 2 1507 47
6662 0 4 1509 4089 48 4088
6663 0 2 1510 47
6664 0 2 1511 69
6665 0 2 1512 70
6666 0 4 1514 4090 51 4088
6667 0 4 4091 4092 1516 72
6668 0 4 1517 73 4093 4094
6671 0 2 1519 56
6674 0 2 1520 61
6675 0 2 1521 58
6676 0 2 1522 63
6677 0 2 1523 64
6680 0 2 1524 61
6683 0 2 1525 227
6684 0 2 1526 63
6685 0 2 1527 229
6686 0 2 1528 230
6687 0 2 1529 66
6688 0 2 1530 69
6689 0 2 1531 70
6690 0 2 1532 69
6691 0 2 1533 235
6692 0 2 1534 236
6693 0 2 1535 72
6694 0 2 1536 238
6695 0 4 1538 4095 239 4096
6696 0 2 1539 76
6697 0 2 1540 80
6698 0 4 1542 4097 81 4098
6699 0 2 1543 80
6700 0 2 1544 92
6701 0 2 1545 93
6702 0 4 1547 4099 84 4098
6703 0 4 4100 4092 1549 95
6704 0 4 1550 96 4101 4094
6705 0 2 1552 89
6706 0 2 1553 92
6707 0 2 1554 93
6708 0 2 1555 92
6709 0 2 1556 254
6710 0 2 1557 255
6711 0 2 1558 95
6712 0 2 1559 257
6713 0 4 1561 4102 258 4103
6714 0 4 1563 4104 100 4105
6715 0 4 4106 4092 1565 107
6716 0 4 1566 108 4107 4094
6717 0 4 4108 4109 1569 107
6718 0 4 4110 4111 1571 264
6719 0 4 1573 4112 265 4113
6720 0 4 1574 112 4114 4094
6721 0 4 1577 4115 268 4116
6722 0 4 1578 270 4117 4118
6723 0 2 4119 4120
6724 0 4 4121 4122 1583 36
6725 0 2 4123 4124
6726 0 4 4125 4126 1587 36
6727 0 4 4127 4128 1589 54
6728 0 2 4129 4130
6729 0 2 4131 4124
6730 0 2 4132 4133
6731 0 2 4134 4135
6732 0 4 4136 4137 1599 45
6733 0 4 4138 4139 1601 54
6734 0 2 4140 4141
6735 0 4 4142 4143 1605 54
6736 0 4 4144 4065 1607 115
6737 0 4 4145 4067 1609 113
6738 0 2 4146 4141
6739 0 4 4147 4070 1613 109
6740 0 2 4148 4072
6741 0 2 4149 4150
6742 0 2 4151 4133
6743 0 2 4152 4135
6744 0 2 4153 4130
6745 0 4 4154 4079 1625 97
6746 0 2 4155 4081
6747 0 2 4156 4135
6748 0 2 4157 4084
6749 0 2 4158 4086
6750 0 4 4159 4160 1635 78
6751 0 4 4161 4162 1637 87
6752 0 2 4163 4164
6753 0 4 4165 4166 1641 87
6754 0 4 4167 4168 1643 115
6755 0 4 4169 4170 1645 113
6756 0 2 4171 4164
6757 0 4 4172 4041 1649 109
6758 0 2 4173 4043
6759 0 4 4174 4175 1653 103
6760 0 4 4176 4177 1655 115
6761 0 4 4178 4179 1657 113
6762 0 4 4180 4181 1659 115
6763 0 4 4182 4183 1661 327
6764 0 4 4184 4185 1663 328
6765 0 4 4186 4179 1665 109
6766 0 4 4187 4188 1667 330
6767 0 4 1669 4189 331 4190
6768 0 2 4191 4192
6769 0 4 4193 4041 1673 97
6770 0 2 4194 4043
6771 0 4 4195 4170 1677 97
6772 0 4 4196 4197 1679 337
6773 0 2 4198 4199
6774 0 2 4200 4043
6775 0 2 4201 4202
6776 0 2 4203 4204
6777 0 2 4205 4206
6778 0 2 4207 4208
6779 0 2 4209 4210
6780 0 2 4211 4212
6781 0 4 4213 4079 1697 74
6782 0 2 4214 4081
6783 0 2 4215 4210
6784 0 2 4216 4084
6785 0 2 4217 4086
6786 0 2 4218 4219
6787 0 4 4220 4070 1709 74
6788 0 2 4221 4072
6789 0 4 4222 4067 1713 74
6790 0 4 4223 4224 1715 372
6791 0 2 4225 4226
6792 0 2 4227 4072
6793 0 2 4228 4229
6794 0 2 4230 4231
6795 0 2 4232 4233
6796 0 2 4234 4084
6797 0 2 4235 4086
6798 0 2 4236 4081
6799 0 2 4237 4238
6800 0 2 4239 4240
6801 0 2 4241 4086
6802 0 2 4242 4243
6803 0 2 4244 4245
6806 0 2 1742 117
6809 0 2 1743 123
6810 0 2 1744 119
6811 0 2 1745 125
6812 0 4 1747 4246 126 4247
6815 0 2 1748 123
6818 0 2 1749 146
6819 0 2 1750 125
6820 0 2 1751 148
6821 0 2 1752 149
6822 0 2 1753 128
6823 0 2 1754 132
6824 0 4 1756 4248 133 4247
6825 0 2 1757 132
6826 0 2 1758 154
6827 0 2 1759 155
6828 0 4 1761 4249 136 4247
6829 0 4 4250 4251 1763 157
6830 0 4 1764 158 4252 4253
6833 0 2 1766 141
6836 0 2 1767 146
6837 0 2 1768 143
6838 0 2 1769 148
6839 0 2 1770 149
6842 0 2 1771 146
6845 0 2 1772 227
6846 0 2 1773 148
6847 0 2 1774 229
6848 0 2 1775 230
6849 0 2 1776 151
6850 0 2 1777 154
6851 0 2 1778 155
6852 0 2 1779 154
6853 0 2 1780 235
6854 0 2 1781 236
6855 0 2 1782 157
6856 0 2 1783 238
6857 0 4 1785 4254 239 4255
6858 0 2 1786 161
6859 0 2 1787 165
6860 0 4 1789 4256 166 4257
6861 0 2 1790 165
6862 0 2 1791 177
6863 0 2 1792 178
6864 0 4 1794 4258 169 4257
6865 0 4 4259 4251 1796 180
6866 0 4 1797 181 4260 4253
6867 0 2 1799 174
6868 0 2 1800 177
6869 0 2 1801 178
6870 0 2 1802 177
6871 0 2 1803 254
6872 0 2 1804 255
6873 0 2 1805 180
6874 0 2 1806 257
6875 0 4 1808 4261 258 4262
6876 0 4 1810 4263 185 4264
6877 0 4 4265 4251 1812 192
6878 0 4 1813 193 4266 4253
6879 0 4 4267 4268 1816 192
6880 0 4 4269 4270 1818 264
6881 0 4 1820 4271 265 4272
6882 0 4 1821 197 4273 4253
6883 0 4 1824 4274 268 4275
6884 0 4 1825 270 4276 4277
6887 0 2 1827 202
6890 0 2 1828 207
6891 0 2 1829 204
6892 0 2 1830 209
6893 0 2 1831 210
6896 0 2 1832 207
6899 0 2 1833 227
6900 0 2 1834 209
6901 0 2 1835 229
6902 0 2 1836 230
6903 0 2 1837 212
6904 0 2 1838 215
6905 0 2 1839 216
6906 0 2 1840 215
6907 0 2 1841 235
6908 0 2 1842 236
6909 0 2 1843 218
6910 0 2 1844 238
6911 0 4 1846 4278 239 4279
6914 0 2 1847 222
6917 0 2 1848 227
6918 0 2 1849 224
6919 0 2 1850 229
6920 0 2 1851 230
6923 0 2 1852 227
6926 0 1 1853
6927 0 2 1854 229
6928 0 1 1855
6929 0 1 1856
6930 0 2 1857 232
6931 0 2 1858 235
6932 0 2 1859 236
6933 0 2 1860 235
6934 0 1 1861
6935 0 1 1862
6936 0 2 1863 238
6937 0 1 1864
6938 0 1 1865
6939 0 2 1866 241
6940 0 2 1867 244
6941 0 2 1868 245
6942 0 2 1869 244
6943 0 2 1870 254
6944 0 2 1871 255
6945 0 2 1872 247
6946 0 2 1873 257
6947 0 4 1875 4280 258 4279
6948 0 2 1876 251
6949 0 2 1877 254
6950 0 2 1878 255
6951 0 2 1879 254
6952 0 1 1880
6953 0 1 1881
6954 0 2 1882 257
6955 0 1 1883
6956 0 1 1884
6957 0 2 1885 260
6958 0 2 1886 264
6959 0 4 1888 4281 265 4279
6960 0 2 1889 264
6961 0 1 1890
6962 0 1 1891
6963 0 4 1893 4282 268 4279
6964 0 2 4283 1895
6965 0 2 1896 4284
6966 0 2 1898 273
6967 0 2 1899 277
6968 0 4 1901 4285 278 4286
6969 0 2 1902 277
6970 0 2 1903 289
6971 0 2 1904 290
6972 0 4 1906 4287 281 4286
6973 0 4 4288 4289 1908 292
6974 0 4 1909 293 4290 4291
6975 0 2 1911 286
6976 0 2 1912 289
6977 0 2 1913 290
6978 0 2 1914 289
6979 0 2 1915 327
6980 0 2 1916 328
6981 0 2 1917 292
6982 0 2 1918 330
6983 0 4 1920 4292 331 4262
6984 0 4 1922 4293 297 4294
6985 0 4 4295 4289 1924 304
6986 0 4 1925 305 4296 4291
6987 0 4 4297 4298 1928 304
6988 0 4 4299 4270 1930 337
6989 0 4 1932 4300 338 4272
6990 0 4 1933 309 4301 4291
6991 0 4 1936 4302 341 4275
6992 0 4 1937 343 4303 4277
6993 0 2 1939 314
6994 0 2 1940 317
6995 0 2 1941 318
6996 0 2 1942 317
6997 0 2 1943 327
6998 0 2 1944 328
6999 0 2 1945 320
7000 0 2 1946 330
7001 0 4 1948 4304 331 4255
7002 0 2 1949 324
7003 0 2 1950 327
7004 0 2 1951 328
7005 0 2 1952 327
7006 0 1 1953
7007 0 1 1954
7008 0 2 1955 330
7009 0 1 1956
7010 0 1 1957
7011 0 2 1958 333
7012 0 2 1959 337
7013 0 4 1961 4305 338 4255
7014 0 2 1962 337
7015 0 1 1963
7016 0 1 1964
7017 0 4 1966 4306 341 4255
7018 0 2 4307 1968
7019 0 2 1969 4308
7020 0 4 1972 4309 347 4310
7021 0 4 4311 4312 1974 354
7022 0 4 1975 355 4313 4314
7023 0 4 4315 4316 1978 354
7024 0 4 4317 4270 1980 372
7025 0 4 1982 4318 374 4272
7026 0 4 1983 359 4319 4314
7027 0 4 1986 4320 377 4275
7028 0 4 1987 379 4321 4277
7029 0 4 4322 4323 1990 366
7030 0 4 4324 4325 1992 372
7031 0 4 1994 4326 374 4262
7032 0 4 4327 4328 1996 372
7033 0 2 4329 1998
7034 0 2 4330 2000
7035 0 4 2002 4331 377 4262
7036 0 2 4332 2004
7037 0 2 2005 4333
7038 0 4 2007 383 4334 4335
7039 0 4 2010 4336 389 4275
7040 0 4 2011 391 4337 4277
7041 0 4 2014 4338 389 4272
7042 0 2 4339 2016
7043 0 2 2017 4340
7044 0 4 2019 395 4341 4277
7045 0 2 2021 4342
7046 0 2 2023 4343
7047 0 2 4344 4345
7048 0 4 4346 4347 2028 121
7049 0 2 4348 4349
7050 0 4 4350 4351 2032 121
7051 0 4 4352 4353 2034 139
7052 0 2 4354 4355
7053 0 2 4356 4349
7054 0 2 4357 4358
7055 0 2 4359 4360
7056 0 4 4361 4362 2044 130
7057 0 4 4363 4364 2046 139
7058 0 2 4365 4366
7059 0 4 4367 4368 2050 139
7060 0 4 4369 4370 2052 200
7061 0 4 4371 4372 2054 198
7062 0 2 4373 4366
7063 0 4 4374 4375 2058 194
7064 0 2 4376 4377
7065 0 2 4378 4379
7066 0 2 4380 4358
7067 0 2 4381 4360
7068 0 2 4382 4355
7069 0 4 4383 4384 2070 182
7070 0 2 4385 4386
7071 0 2 4387 4360
7072 0 2 4388 4389
7073 0 2 4390 4391
7074 0 4 4392 4393 2080 163
7075 0 4 4394 4395 2082 172
7076 0 2 4396 4397
7077 0 4 4398 4399 2086 172
7078 0 4 4400 4401 2088 200
7079 0 4 4402 4403 2090 198
7080 0 2 4404 4397
7081 0 4 4405 4406 2094 194
7082 0 2 4407 4408
7083 0 4 4409 4410 2098 188
7084 0 4 4411 4412 2100 200
7085 0 4 4413 4414 2102 198
7086 0 4 4415 4416 2104 200
7087 0 4 4417 4183 2106 398
7088 0 4 4418 4185 2108 396
7089 0 4 4419 4414 2110 194
7090 0 4 4420 4188 2112 392
7091 0 4 2114 4421 390 4190
7092 0 2 4422 4423
7093 0 4 4424 4406 2118 182
7094 0 2 4425 4408
7095 0 4 4426 4403 2122 182
7096 0 4 4427 4197 2124 380
7097 0 2 4428 4199
7098 0 2 4429 4408
7099 0 2 4430 4202
7100 0 2 4431 4204
7101 0 2 4432 4433
7102 0 2 4434 4435
7103 0 2 4436 4437
7104 0 2 4438 4439
7105 0 4 4440 4384 2142 159
7106 0 2 4441 4386
7107 0 2 4442 4437
7108 0 2 4443 4389
7109 0 2 4444 4391
7110 0 2 4445 4446
7111 0 4 4447 4375 2154 159
7112 0 2 4448 4377
7113 0 4 4449 4372 2158 159
7114 0 4 4450 4224 2160 344
7115 0 2 4451 4226
7116 0 2 4452 4377
7117 0 2 4453 4229
7118 0 2 4454 4231
7119 0 2 4455 4456
7120 0 2 4457 4389
7121 0 2 4458 4391
7122 0 2 4459 4386
7123 0 2 4460 4238
7124 0 2 4461 4240
7125 0 2 4462 4391
7126 0 2 4463 4243
7127 0 2 4464 4245
7128 0 4 4465 4466 2188 275
7129 0 4 4467 4468 2190 284
7130 0 2 4469 4470
7131 0 4 4471 4472 2194 284
7132 0 4 4473 4474 2196 312
7133 0 4 4475 4476 2198 310
7134 0 2 4477 4470
7135 0 4 4478 4479 2202 306
7136 0 2 4480 4481
7137 0 4 4482 4483 2206 300
7138 0 4 4484 4485 2208 312
7139 0 4 4486 4487 2210 310
7140 0 4 4488 4489 2212 312
7141 0 4 4490 4491 2214 398
7142 0 4 4492 4493 2216 396
7143 0 4 4494 4487 2218 306
7144 0 4 4495 4496 2220 392
7145 0 4 2222 4497 390 4103
7146 0 2 4498 4499
7147 0 4 4500 4479 2226 294
7148 0 2 4501 4481
7149 0 4 4502 4476 2230 294
7150 0 4 4503 4111 2232 380
7151 0 2 4504 4113
7152 0 2 4505 4481
7153 0 2 4506 4116
7154 0 2 4507 4118
7155 0 4 4508 4509 2242 350
7156 0 4 4510 4511 2244 362
7157 0 4 4512 4513 2246 360
7158 0 4 4514 4515 2248 362
7159 0 4 4516 4517 2250 398
7160 0 4 4518 4519 2252 396
7161 0 4 4520 4513 2254 356
7162 0 4 4521 4522 2256 392
7163 0 4 2258 4523 390 4096
7164 0 4 4524 4525 2260 386
7165 0 4 4526 4527 2262 398
7166 0 4 4528 4529 2264 396
7167 0 4 4530 4531 2266 398
7168 0 2 4532 2268
7169 0 2 4533 2270
7170 0 4 4534 4529 2272 392
7171 0 2 4535 2274
7172 0 2 4536 2276
7173 0 4 4537 4538 2278 368
7174 0 4 4539 4522 2280 380
7175 0 4 2282 4540 378 4096
7176 0 4 4541 4519 2284 380
7177 0 2 4542 2286
7178 0 2 4543 2288
7179 0 4 2290 4544 373 4096
7180 0 2 4545 2292
7181 0 2 2293 4546
7182 0 2 4547 4548
7183 0 4 4549 4550 2298 322
7184 0 2 4551 4552
7185 0 4 4553 4554 2302 322
7186 0 4 4555 4111 2304 344
7187 0 2 4556 4113
7188 0 2 4557 4552
7189 0 2 4558 4116
7190 0 2 4559 4118
7191 0 4 4560 4561 2314 335
7192 0 4 4562 4496 2316 344
7193 0 2 4563 4103
7194 0 4 4564 4493 2320 344
7195 0 2 4565 2322
7196 0 2 4566 2324
7197 0 2 4567 4103
7198 0 2 4568 2328
7199 0 1 4569
7200 0 2 4570 4571
7201 0 2 4572 4116
7202 0 2 4573 4118
7203 0 2 4574 4113
7204 0 2 4575 2340
7205 0 1 4576
7206 0 2 4577 4118
7207 0 1 4578
7208 0 1 4579
7209 0 2 4580 4581
7210 0 2 4582 4583
7211 0 2 4584 4585
7212 0 2 4586 4587
7213 0 4 4588 4589 2358 220
7214 0 2 4590 4591
7215 0 2 4592 4585
7216 0 2 4593 4594
7217 0 2 4595 4596
7218 0 2 4597 4598
7219 0 4 4599 4600 2370 220
7220 0 2 4601 4602
7221 0 4 4603 4604 2374 220
7222 0 4 4605 4224 2376 271
7223 0 2 4606 4226
7224 0 2 4607 4602
7225 0 2 4608 4229
7226 0 2 4609 4231
7227 0 2 4610 4611
7228 0 2 4612 4594
7229 0 2 4613 4596
7230 0 2 4614 4591
7231 0 2 4615 4238
7232 0 2 4616 4240
7233 0 2 4617 4596
7234 0 2 4618 4243
7235 0 2 4619 4245
7236 0 2 4620 4621
7237 0 4 4622 4623 2406 249
7238 0 2 4624 4625
7239 0 4 4626 4627 2410 249
7240 0 4 4628 4197 2412 271
7241 0 2 4629 4199
7242 0 2 4630 4625
7243 0 2 4631 4202
7244 0 2 4632 4204
7245 0 4 4633 4634 2422 262
7246 0 4 4635 4188 2424 271
7247 0 2 4636 4190
7248 0 4 4637 4185 2428 271
7249 0 2 4638 2430
7250 0 2 4639 2432
7251 0 2 4640 4190
7252 0 2 4641 2436
7253 0 1 4642
7254 0 2 4643 4644
7255 0 2 4645 4202
7256 0 2 4646 4204
7257 0 2 4647 4199
7258 0 2 4648 2448
7259 0 1 4649
7260 0 2 4650 4204
7261 0 1 4651
7262 0 1 4652
7263 0 2 4653 4654
7264 0 2 4655 4656
7265 0 2 4657 4658
7266 0 2 4659 4660
7267 0 2 4661 4238
7268 0 2 4662 4240
7269 0 2 4663 4658
7270 0 2 4664 4243
7271 0 2 4665 4245
7272 0 2 4666 4667
7273 0 2 4668 4229
7274 0 2 4669 4231
7275 0 2 4670 4226
7276 0 2 4671 2484
7277 0 1 4672
7278 0 2 4673 4231
7279 0 1 4674
7280 0 1 4675
7281 0 2 4676 4677
7282 0 2 4678 4243
7283 0 2 4679 4245
7284 0 2 4680 4240
7285 0 1 4681
7286 0 1 4682
7287 0 2 4683 4245
7288 0 1 4684
7289 0 1 4685
7292 0 3 4686 2512 401
7295 0 2 2513 409
7296 0 4 4687 4688 2515 405
7297 0 3 4689 2517 411
7298 0 4 4690 4691 2519 413
7301 0 2 2520 409
7304 0 2 2521 439
7305 0 2 2522 411
7306 0 2 2523 441
7307 0 3 4692 2525 442
7308 0 4 4693 4694 2527 417
7309 0 4 4695 4696 2529 423
7310 0 4 4697 4691 2531 425
7311 0 4 4698 4699 2533 423
7312 0 3 4700 2535 448
7313 0 3 4701 2537 449
7314 0 4 4702 4691 2539 429
7315 0 4 4703 4704 2541 453
7316 0 4 2542 454 4705 4706
7319 0 2 2544 433
7322 0 2 2545 439
7323 0 2 2546 435
7324 0 2 2547 441
7325 0 3 4707 2549 442
7328 0 2 2550 439
7331 0 2 2551 540
7332 0 2 2552 441
7333 0 2 2553 542
7334 0 2 2554 543
7335 0 2 2555 444
7336 0 2 2556 448
7337 0 3 4708 2558 449
7338 0 2 2559 448
7339 0 2 2560 548
7340 0 2 2561 549
7341 0 4 4709 4710 2563 453
7342 0 3 4711 2565 551
7343 0 4 4712 4713 2567 553
7344 0 4 4714 4715 2569 459
7345 0 4 4716 4717 2571 465
7346 0 4 4718 4719 2573 467
7347 0 4 4720 4721 2575 465
7348 0 4 4722 4723 2577 483
7349 0 4 4724 4725 2579 485
7350 0 4 4726 4719 2581 471
7351 0 4 4727 4704 2583 489
7352 0 4 2584 490 4728 4706
7353 0 4 4729 4730 2587 477
7354 0 4 4731 4732 2589 483
7355 0 4 4733 4734 2591 485
7356 0 4 4735 4736 2593 483
7357 0 3 4737 2595 571
7358 0 3 4738 2597 572
7359 0 4 4739 4734 2599 489
7360 0 3 4740 2601 574
7361 0 4 4741 4742 2603 576
7362 0 4 4743 4744 2605 495
7363 0 4 4745 4704 2607 501
7364 0 4 2608 502 4746 4706
7365 0 4 4747 4725 2611 501
7366 0 4 4748 4749 2613 586
7367 0 4 4750 4751 2615 588
7368 0 4 2616 506 4752 4706
7369 0 4 4753 4754 2619 592
7370 0 4 2620 593 4755 4756
7373 0 2 2622 511
7376 0 2 2623 517
7377 0 2 2624 513
7378 0 2 2625 519
7379 0 3 4757 2627 520
7382 0 2 2628 517
7385 0 2 2629 540
7386 0 2 2630 519
7387 0 2 2631 542
7388 0 2 2632 543
7389 0 2 2633 522
7390 0 2 2634 526
7391 0 3 4758 2636 527
7392 0 2 2637 526
7393 0 2 2638 548
7394 0 2 2639 549
7395 0 4 4759 4760 2641 531
7396 0 3 4761 2643 551
7397 0 4 4762 4763 2645 553
7400 0 2 2646 535
7403 0 2 2647 540
7404 0 2 2648 537
7405 0 2 2649 542
7406 0 2 2650 543
7409 0 2 2651 540
7412 0 2 2652 860
7413 0 2 2653 542
7414 0 2 2654 862
7415 0 2 2655 863
7416 0 2 2656 545
7417 0 2 2657 548
7418 0 2 2658 549
7419 0 2 2659 548
7420 0 2 2660 868
7421 0 2 2661 869
7422 0 2 2662 551
7423 0 2 2663 871
7424 0 3 4764 2665 872
7425 0 2 2666 555
7426 0 2 2667 559
7427 0 3 4765 2669 560
7428 0 2 2670 559
7429 0 2 2671 571
7430 0 2 2672 572
7431 0 4 4766 4767 2674 564
7432 0 3 4768 2676 574
7433 0 4 4769 4763 2678 576
7434 0 2 2679 568
7435 0 2 2680 571
7436 0 2 2681 572
7437 0 2 2682 571
7438 0 2 2683 886
7439 0 2 2684 887
7440 0 2 2685 574
7441 0 2 2686 889
7442 0 3 4770 2688 890
7443 0 4 4771 4772 2690 580
7444 0 4 4773 4774 2692 586
7445 0 4 4775 4763 2694 588
7446 0 4 4776 4777 2696 586
7447 0 3 4778 2698 895
7448 0 3 4779 2700 896
7449 0 4 4780 4763 2702 592
7450 0 3 4781 2704 898
7451 0 3 2705 899 4782
7452 0 4 4783 4784 2708 598
7453 0 4 4785 4786 2710 604
7454 0 4 4787 4788 2712 606
7455 0 4 4789 4790 2714 604
7456 0 4 4791 4792 2716 622
7457 0 4 4793 4794 2718 624
7458 0 4 4795 4788 2720 610
7459 0 4 4796 4797 2722 628
7460 0 4 2723 629 4798 4799
7461 0 4 4800 4801 2726 616
7462 0 4 4802 4803 2728 622
7463 0 4 4804 4805 2730 624
7464 0 4 4806 4807 2732 622
7465 0 4 4808 4809 2734 676
7466 0 4 4810 4811 2736 678
7467 0 4 4812 4805 2738 628
7468 0 4 4813 4814 2740 682
7469 0 4 4815 4742 2742 684
7470 0 4 4816 4817 2744 634
7471 0 4 4818 4797 2746 640
7472 0 4 2747 641 4819 4799
7473 0 4 4820 4794 2750 640
7474 0 4 4821 4749 2752 694
7475 0 4 4822 4751 2754 696
7476 0 4 2755 645 4823 4799
7477 0 4 4824 4754 2758 700
7478 0 4 2759 701 4825 4756
7479 0 4 4826 4827 2762 652
7480 0 4 4828 4829 2764 658
7481 0 4 4830 4831 2766 660
7482 0 4 4832 4833 2768 658
7483 0 4 4834 4835 2770 676
7484 0 4 4836 4837 2772 678
7485 0 4 4838 4831 2774 664
7486 0 4 4839 4840 2776 682
7487 0 4 4841 4713 2778 684
7488 0 4 4842 4843 2780 670
7489 0 4 4844 4845 2782 676
7490 0 4 4846 4847 2784 678
7491 0 4 4848 4849 2786 676
7492 0 3 4850 2788 948
7493 0 3 4851 2790 949
7494 0 4 4852 4847 2792 682
7495 0 3 4853 2794 951
7496 0 3 4854 2796 952
7497 0 4 4855 4856 2798 688
7498 0 4 4857 4840 2800 694
7499 0 4 4858 4713 2802 696
7500 0 4 4859 4837 2804 694
7501 0 3 4860 2806 957
7502 0 3 4861 2808 958
7503 0 4 4862 4713 2810 700
7504 0 3 4863 2812 960
7505 0 3 2813 961 4864
7506 0 4 4865 4866 2816 706
7507 0 4 4867 4868 2818 712
7508 0 4 2819 713 4869 4870
7509 0 4 4871 4872 2822 712
7510 0 4 4873 4749 2824 730
7511 0 4 4874 4751 2826 732
7512 0 4 2827 717 4875 4870
7513 0 4 4876 4754 2830 736
7514 0 4 2831 737 4877 4756
7515 0 4 4878 4879 2834 724
7516 0 4 4880 4814 2836 730
7517 0 4 4881 4742 2838 732
7518 0 4 4882 4811 2840 730
7519 0 3 4883 2842 979
7520 0 3 4884 2844 980
7521 0 4 4885 4742 2846 736
7522 0 3 4886 2848 982
7523 0 3 2849 983 4887
7524 0 4 2851 741 4888 4889
7525 0 4 4890 4754 2854 748
7526 0 4 2855 749 4891 4756
7527 0 4 4892 4751 2858 748
7528 0 3 4893 2860 989
7529 0 3 2861 990 4894
7530 0 4 2863 753 4895 4756
7531 0 3 2865 992 4896
7532 0 3 2867 993 4897
7535 0 2 2869 758
7538 0 2 2870 764
7539 0 2 2871 760
7540 0 2 2872 766
7541 0 3 4898 2874 767
7544 0 2 2875 764
7547 0 2 2876 787
7548 0 2 2877 766
7549 0 2 2878 789
7550 0 2 2879 790
7551 0 2 2880 769
7552 0 2 2881 773
7553 0 3 4899 2883 774
7554 0 2 2884 773
7555 0 2 2885 795
7556 0 2 2886 796
7557 0 4 4900 4901 2888 778
7558 0 3 4902 2890 798
7559 0 3 4903 2892 799
7562 0 2 2893 782
7565 0 2 2894 787
7566 0 2 2895 784
7567 0 2 2896 789
7568 0 2 2897 790
7571 0 2 2898 787
7574 0 2 2899 860
7575 0 2 2900 789
7576 0 2 2901 862
7577 0 2 2902 863
7578 0 2 2903 792
7579 0 2 2904 795
7580 0 2 2905 796
7581 0 2 2906 795
7582 0 2 2907 868
7583 0 2 2908 869
7584 0 2 2909 798
7585 0 2 2910 871
7586 0 2 2911 872
7587 0 2 2912 801
7588 0 2 2913 805
7589 0 3 4904 2915 806
7590 0 2 2916 805
7591 0 2 2917 817
7592 0 2 2918 818
7593 0 4 4905 4906 2920 810
7594 0 3 4907 2922 820
7595 0 3 4908 2924 821
7596 0 2 2925 814
7597 0 2 2926 817
7598 0 2 2927 818
7599 0 2 2928 817
7600 0 2 2929 886
7601 0 2 2930 887
7602 0 2 2931 820
7603 0 2 2932 889
7604 0 2 2933 890
7605 0 4 4909 4910 2935 825
7606 0 3 4911 2937 829
7607 0 3 4912 2939 830
7608 0 2 2940 829
7609 0 2 2941 895
7610 0 2 2942 896
7611 0 3 4913 2944 833
7612 0 2 2945 898
7613 0 2 2946 899
7616 0 2 2947 836
7619 0 2 2948 841
7620 0 2 2949 838
7621 0 2 2950 843
7622 0 2 2951 844
7625 0 2 2952 841
7628 0 2 2953 860
7629 0 2 2954 843
7630 0 2 2955 862
7631 0 2 2956 863
7632 0 2 2957 846
7633 0 2 2958 849
7634 0 2 2959 850
7635 0 2 2960 849
7636 0 2 2961 868
7637 0 2 2962 869
7638 0 2 2963 852
7639 0 2 2964 871
7640 0 2 2965 872
7643 0 2 2966 855
7646 0 2 2967 860
7647 0 2 2968 857
7648 0 2 2969 862
7649 0 2 2970 863
7652 0 2 2971 860
7656 0 1 862
7659 0 2 2972 865
7660 0 1 868
7661 0 1 869
7662 0 1 868
7665 0 1 871
7668 0 2 2973 874
7669 0 2 2974 877
7670 0 2 2975 878
7671 0 2 2976 877
7672 0 1 886
7673 0 1 887
7674 0 1 880
7675 0 1 889
7676 0 1 890
7677 0 2 2977 883
7678 0 1 886
7679 0 1 887
7680 0 1 886
7683 0 1 889
7686 0 1 892
7687 0 1 895
7688 0 1 896
7689 0 1 895
7692 0 1 898
7695 0 2 2978 901
7696 0 2 2979 905
7697 0 3 4914 2981 906
7698 0 2 2982 905
7699 0 2 2983 917
7700 0 2 2984 918
7701 0 4 4915 4916 2986 910
7702 0 3 4917 2988 920
7703 0 3 4918 2990 921
7704 0 2 2991 914
7705 0 2 2992 917
7706 0 2 2993 918
7707 0 2 2994 917
7708 0 1 948
7709 0 1 949
7710 0 1 920
7711 0 1 951
7712 0 1 952
7713 0 4 4919 4920 2996 925
7714 0 2 4921 929
7715 0 2 4922 930
7716 0 1 929
7717 0 1 957
7718 0 1 958
7719 0 2 4923 933
7720 0 1 960
7721 0 1 961
7722 0 2 3000 936
7723 0 2 3001 939
7724 0 2 3002 940
7725 0 2 3003 939
7726 0 1 948
7727 0 1 949
7728 0 1 942
7729 0 1 951
7730 0 1 952
7731 0 2 3004 945
7732 0 1 948
7733 0 1 949
7734 0 1 948
7737 0 1 951
7740 0 1 954
7741 0 1 957
7742 0 1 958
7743 0 1 957
7746 0 1 960
7749 0 4 4924 4925 3006 965
7750 0 2 4926 969
7751 0 2 4927 970
7752 0 1 969
7753 0 1 979
7754 0 1 980
7755 0 2 4928 973
7756 0 1 982
7757 0 1 983
7758 0 1 976
7759 0 1 979
7760 0 1 980
7761 0 1 979
7764 0 1 982
7767 0 2 4929 986
7768 0 1 989
7769 0 1 990
7770 0 1 989
7773 0 1 992
7776 0 4 4930 4931 3012 997
7777 0 4 4932 4933 3014 1003
7778 0 4 4934 4935 3016 1005
7779 0 4 4936 4937 3018 1003
7780 0 4 4938 4939 3020 1021
7781 0 4 4940 4941 3022 1023
7782 0 4 4942 4935 3024 1009
7783 0 4 4943 4944 3026 1027
7784 0 4 3027 1028 4945 4946
7785 0 4 4947 4948 3030 1015
7786 0 4 4949 4950 3032 1021
7787 0 4 4951 4952 3034 1023
7788 0 4 4953 4954 3036 1021
7789 0 4 4955 4956 3038 1075
7790 0 4 4957 4958 3040 1077
7791 0 4 4959 4952 3042 1027
7792 0 4 4960 4961 3044 1081
7793 0 4 4962 4963 3046 1083
7794 0 4 4964 4965 3048 1033
7795 0 4 4966 4944 3050 1039
7796 0 4 3051 1040 4967 4946
7797 0 4 4968 4941 3054 1039
7798 0 4 4969 4970 3056 1093
7799 0 4 4971 4972 3058 1095
7800 0 4 3059 1044 4973 4946
7801 0 4 4974 4975 3062 1099
7802 0 4 3063 1100 4976 4977
7803 0 4 4978 4979 3066 1051
7804 0 4 4980 4981 3068 1057
7805 0 4 4982 4983 3070 1059
7806 0 4 4984 4985 3072 1057
7807 0 4 4986 4987 3074 1075
7808 0 4 4988 4989 3076 1077
7809 0 4 4990 4983 3078 1063
7810 0 4 4991 4992 3080 1081
7811 0 4 4993 4994 3082 1083
7812 0 4 4995 4996 3084 1069
7813 0 4 4997 4998 3086 1075
7814 0 4 4999 5000 3088 1077
7815 0 4 5001 5002 3090 1075
7816 0 2 5003 1211
7817 0 2 5004 1212
7818 0 3 5005 5000 1081
7819 0 2 5006 1214
7820 0 2 5007 1215
7821 0 4 5008 5009 3097 1087
7822 0 3 5010 4992 1093
7823 0 3 5011 4994 1095
7824 0 3 5012 4989 1093
7825 0 2 5013 1220
7826 0 2 5014 1221
7827 0 3 5015 4994 1099
7828 0 2 5016 1223
7829 0 2 1224 5017
7830 0 4 5018 5019 3107 1105
7831 0 4 5020 5021 3109 1111
7832 0 4 3110 1112 5022 5023
7833 0 4 5024 5025 3113 1111
7834 0 3 5026 4970 1129
7835 0 3 5027 4972 1131
7836 0 3 1116 5028 5023
7837 0 3 5029 4975 1135
7838 0 3 1136 5030 4977
7839 0 4 5031 5032 3120 1123
7840 0 3 5033 4961 1129
7841 0 3 5034 4963 1131
7842 0 3 5035 4958 1129
7843 0 2 5036 1242
7844 0 2 5037 1243
7845 0 3 5038 4963 1135
7846 0 2 5039 1245
7847 0 2 1246 5040
7848 0 3 1140 5041 5042
7849 0 3 5043 4975 1147
7850 0 3 1148 5044 4977
7851 0 3 5045 4972 1147
7852 0 2 5046 1252
7853 0 2 1253 5047
7854 0 3 1152 5048 4977
7855 0 2 1255 5049
7856 0 2 1256 5050
7857 0 4 5051 5052 3139 1159
7858 0 4 5053 5054 3141 1165
7859 0 4 5055 5056 3143 1167
7860 0 4 5057 5058 3145 1165
7861 0 3 5059 3147 1179
7862 0 3 5060 3149 1180
7863 0 4 5061 5056 3151 1171
7864 0 3 5062 3153 1182
7865 0 3 5063 3155 1183
7866 0 3 5064 3157 1176
7867 0 2 3158 1179
7868 0 2 3159 1180
7869 0 2 3160 1179
7870 0 1 1211
7871 0 1 1212
7872 0 1 1182
7873 0 1 1214
7874 0 1 1215
7875 0 4 5065 5066 3162 1187
7876 0 2 5067 1191
7877 0 2 5068 1192
7878 0 1 1191
7879 0 1 1220
7880 0 1 1221
7881 0 2 5069 1195
7882 0 1 1223
7883 0 1 1224
7884 0 3 5070 3167 1199
7885 0 2 3168 1202
7886 0 2 3169 1203
7887 0 2 3170 1202
7888 0 1 1211
7889 0 1 1212
7890 0 1 1205
7891 0 1 1214
7892 0 1 1215
7893 0 2 3171 1208
7894 0 1 1211
7895 0 1 1212
7896 0 1 1211
7899 0 1 1214
7902 0 1 1217
7903 0 1 1220
7904 0 1 1221
7905 0 1 1220
7908 0 1 1223
7911 0 4 5071 5072 3173 1228
7912 0 2 5073 1232
7913 0 2 5074 1233
7914 0 1 1232
7915 0 1 1242
7916 0 1 1243
7917 0 2 5075 1236
7918 0 1 1245
7919 0 1 1246
7920 0 1 1239
7921 0 1 1242
7922 0 1 1243
7923 0 1 1242
7926 0 1 1245
7929 0 2 5076 1249
7930 0 1 1252
7931 0 1 1253
7932 0 1 1252
7935 0 1 1255
7938 0 4 5077 5078 3179 1260
7939 0 4 5079 5080 3181 1266
7940 0 4 3182 1267 5081 5082
7941 0 4 5083 5084 3185 1266
7942 0 3 5085 5086 1284
7943 0 3 5087 5088 1286
7944 0 3 1271 5089 5082
7945 0 3 5090 5091 1290
7946 0 3 1291 5092 5093
7947 0 4 5094 5095 3192 1278
7948 0 3 5096 5097 1284
7949 0 3 5098 5099 1286
7950 0 3 5100 5101 1284
7951 0 2 5102 1328
7952 0 2 5103 1329
7953 0 3 5104 5099 1290
7954 0 2 5105 1331
7955 0 2 1332 5106
7956 0 3 1295 5107 5108
7957 0 3 5109 5091 1302
7958 0 3 1303 5110 5093
7959 0 3 5111 5088 1302
7960 0 2 5112 1338
7961 0 2 1339 5113
7962 0 3 1307 5114 5093
7963 0 2 1341 5115
7964 0 2 1342 5116
7965 0 4 5117 5118 3211 1314
7966 0 2 5119 1318
7967 0 2 5120 1319
7968 0 1 1318
7969 0 1 1328
7970 0 1 1329
7971 0 2 5121 1322
7972 0 1 1331
7973 0 1 1332
7974 0 1 1325
7975 0 1 1328
7976 0 1 1329
7977 0 1 1328
7980 0 1 1331
7983 0 2 5122 1335
7984 0 1 1338
7985 0 1 1339
7986 0 1 1338
7989 0 1 1341
7992 0 3 1345 5123 5124
7993 0 3 5125 5126 1352
7994 0 3 1353 5127 5128
7995 0 3 5129 5130 1352
7996 0 2 5131 1366
7997 0 2 1367 5132
7998 0 3 1357 5133 5128
7999 0 2 1369 5134
8000 0 2 1370 5135
8001 0 2 5136 1363
8002 0 1 1366
8003 0 1 1367
8004 0 1 1366
8007 0 1 1369
8010 0 3 1373 5137 5138
8011 0 2 1378 5139
8012 0 2 1379 5140
8013 0 1 1378
8016 0 2 1382 5141
8019 4 2 5142 5143
8020 4 4 5144 5145 3232 407
8021 4 2 5146 5147
8022 4 4 5148 5149 3235 407
8023 4 4 5150 5151 3237 431
8024 4 3 3238 5152 5153
8025 4 2 5154 5147
8026 4 2 5155 5156
8027 4 2 5157 5158
8028 4 4 5159 5160 3244 419
8029 4 4 5161 5162 3246 431
8030 4 4 3247 428 5163 5164
8031 4 4 5165 5166 3250 431
8032 4 4 5167 5168 3252 509
8033 4 4 5169 5170 3254 507
8034 4 4 3255 424 5171 5164
8035 4 4 5172 5173 3258 503
8036 4 3 3259 5174 5175
8037 4 2 5176 5177
8038 4 2 5178 5156
8039 4 2 5179 5158
8040 4 2 5180 5153
8041 4 4 5181 5182 3266 491
8042 4 2 5183 5184
8043 4 2 5185 5158
8044 4 2 5186 5187
8045 4 2 5188 5189
8046 4 4 5190 5191 3272 461
8047 4 4 5192 5193 3274 473
8048 4 4 3275 470 5194 5195
8049 4 4 5196 5197 3278 473
8050 4 4 5198 5199 3280 509
8051 4 4 5200 5201 3282 507
8052 4 4 3283 466 5202 5195
8053 4 4 5203 5204 3286 503
8054 4 4 3287 500 5205 5206
8055 4 4 5207 5208 3290 497
8056 4 4 5209 5210 3292 509
8057 4 4 5211 5212 3294 507
8058 4 4 5213 5214 3296 509
8059 4 4 5215 5216 3298 756
8060 4 4 5217 5218 3300 754
8061 4 4 5219 5212 3302 503
8062 4 4 5220 5221 3304 750
8063 4 4 3305 747 5222 5223
8064 4 4 3307 478 5224 5225
8065 4 4 5226 5204 3310 491
8066 4 4 3311 488 5227 5206
8067 4 4 5228 5201 3314 491
8068 4 4 5229 5230 3316 738
8069 4 3 3317 5231 5232
8070 4 4 3319 484 5233 5206
8071 4 3 3321 5234 5235
8072 4 3 3323 5236 5237
8073 4 2 5238 5239
8074 4 2 5240 5241
8075 4 2 5242 5243
8076 4 2 5244 5245
8077 4 4 5246 5182 3330 455
8078 4 2 5247 5184
8079 4 2 5248 5243
8080 4 2 5249 5187
8081 4 2 5250 5189
8082 4 2 5251 5252
8083 4 4 5253 5173 3337 455
8084 4 2 5254 5175
8085 4 4 5255 5170 3340 455
8086 4 4 5256 5257 3342 702
8087 4 3 3343 5258 5259
8088 4 2 5260 5175
8089 4 2 5261 5262
8090 4 2 5263 5264
8091 4 2 5265 5266
8092 4 2 5267 5187
8093 4 2 5268 5189
8094 4 2 5269 5184
8095 4 2 5270 5271
8096 4 2 5272 5273
8097 4 2 5274 5189
8098 4 2 5275 5276
8099 4 2 5277 5278
8100 4 4 5279 5280 3358 600
8101 4 4 5281 5282 3360 612
8102 4 4 3361 609 5283 5284
8103 4 4 5285 5286 3364 612
8104 4 4 5287 5288 3366 648
8105 4 4 5289 5290 3368 646
8106 4 4 3369 605 5291 5284
8107 4 4 5292 5293 3372 642
8108 4 4 3373 639 5294 5295
8109 4 4 5296 5297 3376 636
8110 4 4 5298 5299 3378 648
8111 4 4 5300 5301 3380 646
8112 4 4 5302 5303 3382 648
8113 4 4 5304 5305 3384 756
8114 4 4 5306 5307 3386 754
8115 4 4 5308 5301 3388 642
8116 4 4 5309 5310 3390 750
8117 4 4 3391 747 5311 5312
8118 4 4 3393 617 5313 5314
8119 4 4 5315 5293 3396 630
8120 4 4 3397 627 5316 5295
8121 4 4 5317 5290 3400 630
8122 4 4 5318 5319 3402 738
8123 4 4 3403 735 5320 5321
8124 4 4 3405 623 5322 5295
8125 4 4 3407 731 5323 5324
8126 4 4 3409 729 5325 5326
8127 4 4 5327 5328 3412 708
8128 4 4 5329 5330 3414 720
8129 4 4 5331 5332 3416 718
8130 4 4 5333 5334 3418 720
8131 4 4 5335 5336 3420 756
8132 4 4 5337 5338 3422 754
8133 4 4 5339 5332 3424 714
8134 4 4 5340 5341 3426 750
8135 4 4 3427 747 5342 5343
8136 4 4 5344 5345 3430 744
8137 4 4 5346 5347 3432 756
8138 4 4 5348 5349 3434 754
8139 4 4 5350 5351 3436 756
8140 4 3 5352 5353 3438
8141 4 3 5354 5355 3440
8142 4 4 5356 5349 3442 750
8143 4 3 5357 5358 3444
8144 4 3 5359 5360 3446
8145 4 4 5361 5362 3448 726
8146 4 4 5363 5341 3450 738
8147 4 4 3451 735 5364 5343
8148 4 4 5365 5338 3454 738
8149 4 3 5366 5367 3456
8150 4 3 5368 5369 3458
8151 4 4 3459 731 5370 5343
8152 4 3 5371 5372 3462
8153 4 3 3463 5373 5374
8154 4 4 3465 653 5375 5376
8155 4 4 5377 5378 3468 666
8156 4 4 3469 663 5379 5380
8157 4 4 5381 5382 3472 666
8158 4 4 5383 5319 3474 702
8159 4 4 3475 699 5384 5321
8160 4 4 3477 659 5385 5380
8161 4 4 3479 695 5386 5324
8162 4 4 3481 693 5387 5326
8163 4 4 5388 5389 3484 690
8164 4 4 5390 5310 3486 702
8165 4 4 3487 699 5391 5312
8166 4 4 5392 5307 3490 702
8167 4 3 5393 5394 3492
8168 4 3 5395 5396 3494
8169 4 4 3495 695 5397 5312
8170 4 3 5398 5399 3498
8171 4 3 3499 5400 5401
8172 4 4 3501 671 5402 5403
8173 4 4 3503 683 5404 5324
8174 4 4 3505 681 5405 5326
8175 4 4 3507 683 5406 5321
8176 4 3 5407 5408 3510
8177 4 3 3511 5409 5410
8178 4 4 3513 677 5411 5326
8179 4 3 3515 5412 5413
8180 4 3 3517 5414 5415
8181 4 2 5416 5417
8182 4 2 5418 5419
8183 4 2 5420 5421
8184 4 2 5422 5423
8185 4 4 5424 5425 3524 533
8186 4 2 5426 5427
8187 4 2 5428 5421
8188 4 2 5429 5430
8189 4 2 5431 5432
8190 4 2 5433 5434
8191 4 4 5435 5436 3531 533
8192 4 2 5437 5438
8193 4 4 5439 5440 3534 533
8194 4 4 5441 5257 3536 594
8195 4 3 3537 5442 5259
8196 4 2 5443 5438
8197 4 2 5444 5262
8198 4 2 5445 5264
8199 4 2 5446 5447
8200 4 2 5448 5430
8201 4 2 5449 5432
8202 4 2 5450 5427
8203 4 2 5451 5271
8204 4 2 5452 5273
8205 4 2 5453 5432
8206 4 2 5454 5276
8207 4 2 5455 5278
8208 4 2 5456 5457
8209 4 4 5458 5459 3553 566
8210 4 2 5460 5461
8211 4 4 5462 5463 3556 566
8212 4 4 5464 5230 3558 594
8213 4 3 3559 5465 5232
8214 4 2 5466 5461
8215 4 2 5467 5235
8216 4 2 5468 5237
8217 4 4 5469 5470 3565 582
8218 4 4 5471 5221 3567 594
8219 4 4 3568 591 5472 5223
8220 4 4 5473 5218 3571 594
8221 4 3 5474 5475 3573
8222 4 3 5476 5477 3575
8223 4 4 3576 587 5478 5223
8224 4 3 5479 5480 3579
8225 4 3 3580 5481 5482
8226 4 2 5483 5484
8227 4 2 5485 5235
8228 4 2 5486 5237
8229 4 2 5487 5232
8230 4 3 5488 5489 3587
8231 4 2 5490 5491
8232 4 2 5492 5237
8233 4 2 5493 5494
8234 4 2 5495 5496
8235 4 2 5497 5498
8236 4 2 5499 5500
8237 4 2 5501 5502
8238 4 2 5503 5504
8239 4 2 5505 5271
8240 4 2 5506 5273
8241 4 2 5507 5502
8242 4 2 5508 5276
8243 4 2 5509 5278
8244 4 2 5510 5511
8245 4 2 5512 5262
8246 4 2 5513 5264
8247 4 2 5514 5259
8248 4 3 5515 5516 3606
8249 4 2 5517 5518
8250 4 2 5519 5264
8251 4 2 5520 5521
8252 4 2 5522 5523
8253 4 2 5524 5525
8254 4 2 5526 5276
8255 4 2 5527 5278
8256 4 2 5528 5273
8257 4 2 5529 5530
8258 4 2 5531 5532
8259 4 2 5533 5278
8260 4 2 5534 5535
8261 4 2 5536 5537
8262 4 4 5538 5539 3621 999
8263 4 4 5540 5541 3623 1011
8264 4 4 3624 1008 5542 5543
8265 4 4 5544 5545 3627 1011
8266 4 4 5546 5547 3629 1047
8267 4 4 5548 5549 3631 1045
8268 4 4 3632 1004 5550 5543
8269 4 4 5551 5552 3635 1041
8270 4 4 3636 1038 5553 5554
8271 4 4 5555 5556 3639 1035
8272 4 4 5557 5558 3641 1047
8273 4 4 5559 5560 3643 1045
8274 4 4 5561 5562 3645 1047
8275 4 4 5563 5564 3647 1155
8276 4 4 5565 5566 3649 1153
8277 4 4 5567 5560 3651 1041
8278 4 4 5568 5569 3653 1149
8279 4 4 3654 1146 5570 5571
8280 4 4 3656 1016 5572 5573
8281 4 4 5574 5552 3659 1029
8282 4 4 3660 1026 5575 5554
8283 4 4 5576 5549 3663 1029
8284 4 4 5577 5578 3665 1137
8285 4 4 3666 1134 5579 5580
8286 4 4 3668 1022 5581 5554
8287 4 4 3670 1130 5582 5583
8288 4 4 3672 1128 5584 5585
8289 4 4 5586 5587 3675 1107
8290 4 4 5588 5589 3677 1119
8291 4 4 5590 5591 3679 1117
8292 4 3 5592 3680 1119
8293 4 3 5593 3681 1155
8294 4 3 5594 3682 1153
8295 4 4 5595 5591 3684 1113
8296 4 3 5596 3685 1149
8297 4 3 3686 1146 5597
8298 4 3 5598 3687 1143
8299 4 3 5599 3688 1155
8300 4 3 5600 3689 1153
8301 4 3 5601 3690 1155
8302 4 2 5602 3691
8303 4 2 5603 3692
8304 4 3 5600 3693 1149
8305 4 2 5604 3694
8306 4 2 5605 3695
8307 4 4 5606 5607 3697 1125
8308 4 3 5596 3698 1137
8309 4 3 3699 1134 5597
8310 4 3 5594 3700 1137
8311 4 2 5608 3701
8312 4 2 5609 3702
8313 4 3 3703 1130 5597
8314 4 2 5610 3704
8315 4 2 3705 5611
8316 4 4 3706 1052 5612 5613
8317 4 4 5614 5615 3709 1065
8318 4 4 3710 1062 5616 5617
8319 4 4 5618 5619 3713 1065
8320 4 4 5620 5578 3715 1101
8321 4 4 3716 1098 5621 5580
8322 4 4 3718 1058 5622 5617
8323 4 4 3720 1094 5623 5583
8324 4 4 3722 1092 5624 5585
8325 4 4 5625 5626 3725 1089
8326 4 3 5569 3726 1101
8327 4 3 3727 1098 5571
8328 4 3 5566 3728 1101
8329 4 2 5627 3729
8330 4 2 5628 3730
8331 4 3 3731 1094 5571
8332 4 2 5629 3732
8333 4 2 3733 5630
8334 4 4 3734 1070 5631 5632
8335 4 4 3736 1082 5633 5583
8336 4 4 3738 1080 5634 5585
8337 4 3 3740 1082 5580
8338 4 2 5635 3741
8339 4 2 3742 5636
8340 4 4 3743 1076 5637 5585
8341 4 2 3745 5638
8342 4 2 3746 5639
8343 4 4 5640 5641 3748 1262
8344 4 4 5642 5643 3750 1274
8345 4 4 5644 5645 3752 1272
8346 4 3 5646 3753 1274
8347 4 3 5647 3754 1310
8348 4 3 5648 3755 1308
8349 4 4 5649 5645 3757 1268
8350 4 3 5650 3758 1304
8351 4 3 3759 1301 5651
8352 4 3 5652 3760 1298
8353 4 3 5653 3761 1310
8354 4 3 5654 3762 1308
8355 4 3 5655 3763 1310
8356 4 2 5656 3764
8357 4 2 5657 3765
8358 4 3 5654 3766 1304
8359 4 2 5658 3767
8360 4 2 5659 3768
8361 4 4 5660 5661 3770 1280
8362 4 3 5650 3771 1292
8363 4 3 3772 1289 5651
8364 4 3 5648 3773 1292
8365 4 2 5662 3774
8366 4 2 5663 3775
8367 4 3 3776 1285 5651
8368 4 2 5664 3777
8369 4 2 3778 5665
8370 4 3 5666 3779 1348
8371 4 3 5667 3780 1360
8372 4 3 5668 3781 1358
8373 4 3 5669 3782 1360
8374 4 2 5670 3783
8375 4 2 5671 3784
8376 4 3 5668 3785 1354
8377 4 2 5672 3786
8378 4 2 5673 3787
8379 4 3 5674 3788 1376
8380 4 2 5675 3789
8381 4 2 5676 3790
8382 4 2 5677 3791
8385 4 1 5676
8388 4 2 5678 3792
8389 4 1 5672
8390 4 1 5673
8391 4 1 5671
8394 4 1 5673
8397 4 4 5679 5680 3794 1316
8398 4 2 5681 3795
8399 4 2 3796 5682
8400 4 2 5683 3797
8401 4 1 5662
8402 4 1 5663
8403 4 1 5682
8404 4 1 5664
8405 4 1 5665
8406 4 2 5684 3798
8407 4 1 5658
8408 4 1 5659
8409 4 1 5657
8412 4 1 5659
8415 4 1 5685
8416 4 1 5664
8417 4 1 5665
8418 4 1 5663
8421 4 1 5665
8424 4 4 3799 1160 5686 5687
8425 4 4 5688 5689 3802 1173
8426 4 4 3803 1170 5690 5691
8427 4 4 5692 5693 3806 1173
8428 4 3 5694 5695 3808
8429 4 3 3809 5696 5697
8430 4 4 3811 1166 5698 5691
8431 4 3 3813 5699 5700
8432 4 3 3815 5701 5702
8433 4 4 5703 5704 3818 1189
8434 4 2 5705 3819
8435 4 2 3820 5706
8436 4 2 5707 3821
8437 4 1 5627
8438 4 1 5628
8439 4 1 5706
8440 4 1 5629
8441 4 1 5630
8442 4 3 3822 5708 5709
8443 4 2 5710 5700
8444 4 2 5711 5702
8445 4 1 5697
8446 4 1 5635
8447 4 1 5636
8448 4 2 5712 5702
8449 4 1 5638
8450 4 1 5639
8451 4 4 5713 5714 3828 1230
8452 4 2 5715 3829
8453 4 2 3830 5716
8454 4 2 5717 3831
8455 4 1 5608
8456 4 1 5609
8457 4 1 5716
8458 4 1 5610
8459 4 1 5611
8460 4 2 5718 3832
8461 4 1 5604
8462 4 1 5605
8463 4 1 5603
8466 4 1 5605
8469 4 1 5719
8470 4 1 5610
8471 4 1 5611
8472 4 1 5609
8475 4 1 5611
8478 4 3 3833 5720 5721
8479 4 2 5722 5723
8480 4 2 5724 5725
8481 4 1 5726
8482 4 1 5635
8483 4 1 5636
8484 4 2 5727 5725
8485 4 1 5638
8486 4 1 5639
8487 4 1 5728
8488 4 1 5629
8489 4 1 5630
8490 4 1 5628
8493 4 1 5630
8496 4 2 5729 5730
8497 4 1 5638
8498 4 1 5639
8499 4 1 5636
8502 4 1 5639
8505 4 2 5731 5732
8506 4 2 5733 5734
8507 4 2 5735 5736
8508 4 2 5737 5738
8509 4 4 5739 5740 3844 780
8510 4 2 5741 5742
8511 4 2 5743 5736
8512 4 2 5744 5745
8513 4 2 5746 5747
8514 4 2 5748 5749
8515 4 4 5750 5751 3851 780
8516 4 2 5752 5753
8517 4 4 5754 5755 3854 780
8518 4 3 5756 5757 3856
8519 4 3 3857 5758 5759
8520 4 2 5760 5753
8521 4 2 5761 5762
8522 4 2 5763 5764
8523 4 2 5765 5766
8524 4 2 5767 5745
8525 4 2 5768 5747
8526 4 2 5769 5742
8527 4 2 5770 5771
8528 4 2 5772 5773
8529 4 2 5774 5747
8530 4 2 5775 5776
8531 4 2 5777 5778
8532 4 2 5779 5780
8533 4 4 5781 5782 3873 812
8534 4 2 5783 5784
8535 4 4 5785 5786 3876 812
8536 4 3 5787 5788 3878
8537 4 3 3879 5789 5790
8538 4 2 5791 5784
8539 4 2 5792 5793
8540 4 2 5794 5795
8541 4 4 5796 5797 3885 827
8542 4 3 5798 5799 3887
8543 4 3 3888 5800 5801
8544 4 3 5802 5803 3891
8545 4 2 5804 5475
8546 4 2 5805 5477
8547 4 2 5806 5801
8548 4 2 5807 5480
8549 4 2 5808 5482
8550 4 2 5809 5810
8551 4 2 5811 5793
8552 4 2 5812 5795
8553 4 2 5813 5790
8554 4 2 5814 5489
8555 4 2 5815 5491
8556 4 2 5816 5795
8557 4 2 5817 5494
8558 4 2 5818 5496
8559 4 2 5819 5820
8560 4 2 5821 5822
8561 4 2 5823 5824
8562 4 2 5825 5826
8563 4 2 5827 5771
8564 4 2 5828 5773
8565 4 2 5829 5824
8566 4 2 5830 5776
8567 4 2 5831 5778
8568 4 2 5832 5833
8569 4 2 5834 5762
8570 4 2 5835 5764
8571 4 2 5836 5759
8572 4 2 5837 5516
8573 4 2 5838 5518
8574 4 2 5839 5764
8575 4 2 5840 5521
8576 4 2 5841 5523
8577 4 2 5842 5843
8578 4 2 5844 5776
8579 4 2 5845 5778
8580 4 2 5846 5773
8581 4 2 5847 5530
8582 4 2 5848 5532
8583 4 2 5849 5778
8584 4 2 5850 5535
8585 4 2 5851 5537
8586 4 2 5852 5853
8587 4 4 5854 5855 3935 912
8588 4 2 5856 5857
8589 4 4 5858 5859 3938 912
8590 4 3 5860 5861 3940
8591 4 3 3941 5862 5863
8592 4 2 5864 5857
8593 4 2 5865 5866
8594 4 2 5867 5868
8595 4 4 5869 5870 3947 927
8596 4 2 5871 3948
8597 4 2 3949 5872
8598 4 2 5873 3950
8599 4 1 5394
8600 4 1 5396
8601 4 1 5872
8602 4 1 5399
8603 4 1 5401
8604 4 2 5874 5875
8605 4 2 5876 5866
8606 4 2 5877 5868
8607 4 1 5863
8608 4 1 5408
8609 4 1 5410
8610 4 2 5878 5868
8611 4 1 5413
8612 4 1 5415
8613 4 4 5879 5880 3956 967
8614 4 2 5881 3957
8615 4 2 3958 5882
8616 4 2 5883 3959
8617 4 1 5367
8618 4 1 5369
8619 4 1 5882
8620 4 1 5372
8621 4 1 5374
8622 4 2 5884 3960
8623 4 1 5358
8624 4 1 5360
8625 4 1 5355
8628 4 1 5360
8631 4 1 5885
8632 4 1 5372
8633 4 1 5374
8634 4 1 5369
8637 4 1 5374
8640 4 2 5886 5887
8641 4 2 5888 5889
8642 4 2 5890 5891
8643 4 1 5892
8644 4 1 5408
8645 4 1 5410
8646 4 2 5893 5891
8647 4 1 5413
8648 4 1 5415
8649 4 1 5894
8650 4 1 5399
8651 4 1 5401
8652 4 1 5396
8655 4 1 5401
8658 4 2 5895 5896
8659 4 1 5413
8660 4 1 5415
8661 4 1 5410
8664 4 1 5415
8667 4 2 5897 5898
8668 4 2 5899 5900
8669 4 2 5901 5902
8670 4 2 5903 5904
8671 4 2 5905 5906
8672 4 2 5907 5908
8673 4 2 5909 5902
8674 4 2 5910 5911
8675 4 2 5912 5913
8676 4 2 5914 5915
8677 4 2 5916 5917
8678 4 2 5918 5919
8679 4 2 5920 5921
8680 4 2 5922 5516
8681 4 2 5923 5518
8682 4 2 5924 5919
8683 4 2 5925 5521
8684 4 2 5926 5523
8685 4 2 5927 5928
8686 4 2 5929 5911
8687 4 2 5930 5913
8688 4 2 5931 5908
8689 4 2 5932 5530
8690 4 2 5933 5532
8691 4 2 5934 5913
8692 4 2 5935 5535
8693 4 2 5936 5537
8694 4 2 5937 5938
8695 4 2 5939 5940
8696 4 2 5941 5942
8697 4 1 5943
8698 4 1 5489
8699 4 1 5491
8700 4 2 5944 5942
8701 4 1 5494
8702 4 1 5496
8703 4 1 5945
8704 4 1 5480
8705 4 1 5482
8706 4 1 5477
8709 4 1 5482
8712 4 2 5946 5947
8713 4 1 5494
8714 4 1 5496
8715 4 1 5491
8718 4 1 5496
8721 4 2 5948 5949
8722 4 2 5950 5951
8723 4 2 5952 5953
8724 4 2 5954 5955
8725 4 2 5956 5530
8726 4 2 5957 5532
8727 4 2 5958 5953
8728 4 2 5959 5535
8729 4 2 5960 5537
8730 4 2 5961 5962
8731 4 1 5521
8732 4 1 5523
8733 4 1 5518
8736 4 1 5523
8739 4 2 5963 5964
8740 4 2 5965 5535
8741 4 2 5966 5537
8742 4 1 5532
8745 4 2 5967 5537
8750 2 4 5968 5969 2512 1386
8753 2 2 2513 1394
8754 2 4 5970 5969 2515 1390
8755 2 4 5971 5972 2517 1396
8756 2 4 5973 2519 5974 1398
8759 2 2 2520 1394
8762 2 2 2521 1424
8763 2 2 2522 1396
8764 2 2 2523 1426
8765 2 4 5975 5976 2525 1427
8766 2 4 5977 5978 2527 1402
8767 2 4 5979 5972 2529 1408
8768 2 3 5980 5974 1410
8769 2 4 5981 5982 2533 1408
8770 2 4 5983 5984 2535 1433
8771 2 4 5985 5986 2537 1434
8772 2 3 5987 5974 1414
8773 2 4 5988 5989 2541 1438
8774 2 4 2542 1439 5990 5991
8777 2 2 2544 1418
8780 2 2 2545 1424
8781 2 2 2546 1420
8782 2 2 2547 1426
8783 2 4 5992 5993 2549 1427
8786 2 2 2550 1424
8789 2 2 2551 1525
8790 2 2 2552 1426
8791 2 2 2553 1527
8792 2 2 2554 1528
8793 2 2 2555 1429
8794 2 2 2556 1433
8795 2 4 5994 5993 2558 1434
8796 2 2 2559 1433
8797 2 2 2560 1533
8798 2 2 2561 1534
8799 2 4 5995 5993 2563 1438
8800 2 4 5996 5997 2565 1536
8801 2 4 5998 2567 5999 1538
8802 2 4 6000 6001 2569 1444
8803 2 4 6002 6003 2571 1450
8804 2 3 6004 6005 1452
8805 2 4 6006 6007 2575 1450
8806 2 4 6008 5984 2577 1468
8807 2 4 6009 5986 2579 1470
8808 2 3 6010 6005 1456
8809 2 4 6011 5989 2583 1474
8810 2 3 1475 6012 5991
8811 2 4 6013 6014 2587 1462
8812 2 4 6015 6016 2589 1468
8813 2 4 6017 5976 2591 1470
8814 2 4 6018 6019 2593 1468
8815 2 4 6020 6021 2595 1556
8816 2 4 6022 6023 2597 1557
8817 2 4 6024 5976 2599 1474
8818 2 4 6025 6026 2601 1559
8819 2 4 6027 2603 6028 1561
8820 2 3 6029 6030 1480
8821 2 4 6031 5989 2607 1486
8822 2 3 1487 6032 5991
8823 2 4 6033 5986 2611 1486
8824 2 4 6034 6035 2613 1571
8825 2 4 6036 2615 6037 1573
8826 2 3 1491 6038 5991
8827 2 4 6039 2619 6040 1577
8828 2 4 2620 1578 6041 6042
8831 2 2 2622 1496
8834 2 2 2623 1502
8835 2 2 2624 1498
8836 2 2 2625 1504
8837 2 4 6043 6044 2627 1505
8840 2 2 2628 1502
8843 2 2 2629 1525
8844 2 2 2630 1504
8845 2 2 2631 1527
8846 2 2 2632 1528
8847 2 2 2633 1507
8848 2 2 2634 1511
8849 2 4 6045 6044 2636 1512
8850 2 2 2637 1511
8851 2 2 2638 1533
8852 2 2 2639 1534
8853 2 4 6046 6044 2641 1516
8854 2 4 6047 6048 2643 1536
8855 2 4 6049 2645 6050 1538
8858 2 2 2646 1520
8861 2 2 2647 1525
8862 2 2 2648 1522
8863 2 2 2649 1527
8864 2 2 2650 1528
8867 2 2 2651 1525
8870 2 2 2652 1853
8871 2 2 2653 1527
8872 2 2 2654 1855
8873 2 2 2655 1856
8874 2 2 2656 1530
8875 2 2 2657 1533
8876 2 2 2658 1534
8877 2 2 2659 1533
8878 2 2 2660 1861
8879 2 2 2661 1862
8880 2 2 2662 1536
8881 2 2 2663 1864
8882 2 4 6051 6052 2665 1865
8883 2 2 2666 1540
8884 2 2 2667 1544
8885 2 4 6053 6054 2669 1545
8886 2 2 2670 1544
8887 2 2 2671 1556
8888 2 2 2672 1557
8889 2 4 6055 6054 2674 1549
8890 2 4 6056 6048 2676 1559
8891 2 4 6057 2678 6050 1561
8892 2 2 2679 1553
8893 2 2 2680 1556
8894 2 2 2681 1557
8895 2 2 2682 1556
8896 2 2 2683 1880
8897 2 2 2684 1881
8898 2 2 2685 1559
8899 2 2 2686 1883
8900 2 4 6058 6059 2688 1884
8901 2 4 6060 6061 2690 1565
8902 2 4 6062 6048 2692 1571
8903 2 4 6063 2694 6050 1573
8904 2 4 6064 6065 2696 1571
8905 2 4 6066 6067 2698 1890
8906 2 4 6068 6069 2700 1891
8907 2 4 6070 2702 6050 1577
8908 2 4 6071 6072 2704 1895
8909 2 4 2705 1896 6073 6074
8910 2 4 6075 6076 2708 1583
8911 2 4 6077 6078 2710 1589
8912 2 3 6079 6080 1591
8913 2 4 6081 6082 2714 1589
8914 2 4 6083 6084 2716 1607
8915 2 4 6085 6086 2718 1609
8916 2 3 6087 6080 1595
8917 2 4 6088 6089 2722 1613
8918 2 3 1614 6090 6091
8919 2 4 6092 6093 2726 1601
8920 2 4 6094 6095 2728 1607
8921 2 4 6096 6097 2730 1609
8922 2 4 6098 6099 2732 1607
8923 2 4 6100 6021 2734 1661
8924 2 4 6101 6023 2736 1663
8925 2 4 6102 6097 2738 1613
8926 2 4 6103 6026 2740 1667
8927 2 4 6104 2742 6028 1669
8928 2 3 6105 6106 1619
8929 2 4 6107 6089 2746 1625
8930 2 3 1626 6108 6091
8931 2 4 6109 6086 2750 1625
8932 2 4 6110 6035 2752 1679
8933 2 3 6111 6037 1681
8934 2 3 1630 6112 6091
8935 2 3 6113 6040 1685
8936 2 3 1686 6114 6042
8937 2 4 6115 6116 2762 1637
8938 2 4 6117 6118 2764 1643
8939 2 4 6119 6120 2766 1645
8940 2 4 6121 6122 2768 1643
8941 2 4 6123 6124 2770 1661
8942 2 4 6125 6126 2772 1663
8943 2 4 6127 6120 2774 1649
8944 2 4 6128 5997 2776 1667
8945 2 4 6129 2778 5999 1669
8946 2 4 6130 6131 2780 1655
8947 2 4 6132 6133 2782 1661
8948 2 4 6134 6135 2784 1663
8949 2 4 6136 6137 2786 1661
8950 2 4 6138 6139 2788 1953
8951 2 4 6140 6141 2790 1954
8952 2 4 6142 6135 2792 1667
8953 2 4 6143 6144 2794 1956
8954 2 4 6145 6146 2796 1957
8955 2 4 6147 6148 2798 1673
8956 2 4 6149 5997 2800 1679
8957 2 3 6150 5999 1681
8958 2 4 6151 6126 2804 1679
8959 2 4 6152 6153 2806 1963
8960 2 4 6154 6155 2808 1964
8961 2 3 6156 5999 1685
8962 2 4 6157 6158 2812 1968
8963 2 4 2813 1969 6159 6160
8964 2 3 6161 6162 1691
8965 2 4 6163 6164 2818 1697
8966 2 3 1698 6165 6166
8967 2 4 6167 6168 2822 1697
8968 2 4 6169 6035 2824 1715
8969 2 3 6170 6037 1717
8970 2 3 1702 6171 6166
8971 2 3 6172 6040 1721
8972 2 3 1722 6173 6042
8973 2 4 6174 6175 2834 1709
8974 2 4 6176 6026 2836 1715
8975 2 3 6177 6028 1717
8976 2 4 6178 6023 2840 1715
8977 2 4 6179 6180 2842 1998
8978 2 4 6181 6182 2844 2000
8979 2 3 6183 6028 1721
8980 2 4 6184 6185 2848 2004
8981 2 4 2849 2005 6186 6187
8982 2 3 1726 6188 6189
8983 2 3 6190 6040 1733
8984 2 3 1734 6191 6042
8985 2 3 6192 6037 1733
8986 2 4 6193 6194 2860 2016
8987 2 4 2861 2017 6195 6196
8988 2 3 1738 6197 6042
8989 2 4 2865 2021 6198 6199
8990 2 4 2867 2023 6200 6201
8993 2 2 2869 1743
8996 2 2 2870 1749
8997 2 2 2871 1745
8998 2 2 2872 1751
8999 2 4 6202 6203 2874 1752
9002 2 2 2875 1749
9005 2 2 2876 1772
9006 2 2 2877 1751
9007 2 2 2878 1774
9008 2 2 2879 1775
9009 2 2 2880 1754
9010 2 2 2881 1758
9011 2 4 6204 6203 2883 1759
9012 2 2 2884 1758
9013 2 2 2885 1780
9014 2 2 2886 1781
9015 2 4 6205 6203 2888 1763
9016 2 4 6206 6207 2890 1783
9017 2 4 6208 2892 6209 1785
9020 2 2 2893 1767
9023 2 2 2894 1772
9024 2 2 2895 1769
9025 2 2 2896 1774
9026 2 2 2897 1775
9029 2 2 2898 1772
9032 2 2 2899 1853
9033 2 2 2900 1774
9034 2 2 2901 1855
9035 2 2 2902 1856
9036 2 2 2903 1777
9037 2 2 2904 1780
9038 2 2 2905 1781
9039 2 2 2906 1780
9040 2 2 2907 1861
9041 2 2 2908 1862
9042 2 2 2909 1783
9043 2 2 2910 1864
9044 2 3 6210 2911 1865
9045 2 2 2912 1787
9046 2 2 2913 1791
9047 2 4 6211 6212 2915 1792
9048 2 2 2916 1791
9049 2 2 2917 1803
9050 2 2 2918 1804
9051 2 4 6213 6212 2920 1796
9052 2 4 6214 6207 2922 1806
9053 2 4 6215 2924 6209 1808
9054 2 2 2925 1800
9055 2 2 2926 1803
9056 2 2 2927 1804
9057 2 2 2928 1803
9058 2 2 2929 1880
9059 2 2 2930 1881
9060 2 2 2931 1806
9061 2 2 2932 1883
9062 2 3 6216 2933 1884
9063 2 4 6217 6218 2935 1812
9064 2 4 6219 6207 2937 1818
9065 2 4 6220 2939 6209 1820
9066 2 3 6221 2940 1818
9067 2 3 6222 2941 1890
9068 2 3 6223 2942 1891
9069 2 4 6224 2944 6209 1824
9070 2 3 6225 2945 1895
9071 2 3 2946 1896 6226
9074 2 2 2947 1828
9077 2 2 2948 1833
9078 2 2 2949 1830
9079 2 2 2950 1835
9080 2 2 2951 1836
9083 2 2 2952 1833
9086 2 2 2953 1853
9087 2 2 2954 1835
9088 2 2 2955 1855
9089 2 2 2956 1856
9090 2 2 2957 1838
9091 2 2 2958 1841
9092 2 2 2959 1842
9093 2 2 2960 1841
9094 2 2 2961 1861
9095 2 2 2962 1862
9096 2 2 2963 1844
9097 2 2 2964 1864
9098 2 3 6227 2965 1865
9101 2 2 2966 1848
9104 2 2 2967 1853
9105 2 2 2968 1850
9106 2 2 2969 1855
9107 2 2 2970 1856
9110 2 2 2971 1853
9114 2 1 1855
9117 2 2 2972 1858
9118 2 1 1861
9119 2 1 1862
9120 2 1 1861
9123 2 1 1864
9126 2 2 2973 1867
9127 2 2 2974 1870
9128 2 2 2975 1871
9129 2 2 2976 1870
9130 2 1 1880
9131 2 1 1881
9132 2 1 1873
9133 2 1 1883
9134 2 2 6227 1884
9135 2 2 2977 1877
9136 2 1 1880
9137 2 1 1881
9138 2 1 1880
9141 2 1 1883
9144 2 1 1886
9145 2 1 1890
9146 2 2 6227 1891
9147 2 1 1890
9150 2 2 6227 1895
9153 2 2 2978 1899
9154 2 2 2979 1903
9155 2 4 6228 6229 2981 1904
9156 2 2 2982 1903
9157 2 2 2983 1915
9158 2 2 2984 1916
9159 2 4 6230 6229 2986 1908
9160 2 4 6231 6232 2988 1918
9161 2 4 6233 2990 6234 1920
9162 2 2 2991 1912
9163 2 2 2992 1915
9164 2 2 2993 1916
9165 2 2 2994 1915
9166 2 1 1953
9167 2 1 1954
9168 2 1 1918
9169 2 1 1956
9170 2 2 6216 1957
9171 2 4 6235 6236 2996 1924
9172 2 3 6237 6232 1930
9173 2 3 6238 6234 1932
9174 2 2 6239 1930
9175 2 2 6222 1963
9176 2 2 6223 1964
9177 2 3 6240 6234 1936
9178 2 2 6225 1968
9179 2 2 1969 6226
9180 2 2 3000 1940
9181 2 2 3001 1943
9182 2 2 3002 1944
9183 2 2 3003 1943
9184 2 1 1953
9185 2 1 1954
9186 2 1 1946
9187 2 1 1956
9188 2 2 6210 1957
9189 2 2 3004 1950
9190 2 1 1953
9191 2 1 1954
9192 2 1 1953
9195 2 1 1956
9198 2 1 1959
9199 2 1 1963
9200 2 2 6210 1964
9201 2 1 1963
9204 2 2 6210 1968
9207 2 4 6241 6242 3006 1974
9208 2 3 6243 6244 1980
9209 2 3 6245 6246 1982
9210 2 2 6247 1980
9211 2 2 6222 1998
9212 2 2 6223 2000
9213 2 3 6248 6246 1986
9214 2 2 6225 2004
9215 2 2 2005 6226
9216 2 2 6249 1992
9217 2 2 6250 1998
9218 2 2 6216 2000
9219 2 2 6251 1998
9222 2 2 6216 2004
9225 2 3 6252 6253 2010
9226 2 2 6225 2016
9227 2 2 2017 6226
9228 2 2 6223 2016
9231 2 2 2021 6226
9234 2 4 6254 6255 3012 2028
9235 2 4 6256 6257 3014 2034
9236 2 3 6258 6259 2036
9237 2 4 6260 6261 3018 2034
9238 2 4 6262 6263 3020 2052
9239 2 4 6264 6265 3022 2054
9240 2 3 6266 6259 2040
9241 2 4 6267 6268 3026 2058
9242 2 3 2059 6269 6270
9243 2 4 6271 6272 3030 2046
9244 2 4 6273 6274 3032 2052
9245 2 4 6275 6276 3034 2054
9246 2 4 6277 6278 3036 2052
9247 2 4 6279 6280 3038 2106
9248 2 4 6281 6282 3040 2108
9249 2 4 6283 6276 3042 2058
9250 2 4 6284 6285 3044 2112
9251 2 4 6286 3046 6287 2114
9252 2 3 6288 6289 2064
9253 2 4 6290 6268 3050 2070
9254 2 3 2071 6291 6270
9255 2 4 6292 6265 3054 2070
9256 2 4 6293 6294 3056 2124
9257 2 3 6295 6296 2126
9258 2 3 2075 6297 6270
9259 2 3 6298 6299 2130
9260 2 3 2131 6300 6301
9261 2 4 6302 6303 3066 2082
9262 2 4 6304 6305 3068 2088
9263 2 4 6306 6307 3070 2090
9264 2 4 6308 6309 3072 2088
9265 2 4 6310 6311 3074 2106
9266 2 4 6312 6313 3076 2108
9267 2 4 6314 6307 3078 2094
9268 2 4 6315 6316 3080 2112
9269 2 4 6317 3082 6318 2114
9270 2 4 6319 6320 3084 2100
9271 2 4 6321 6322 3086 2106
9272 2 4 6323 6324 3088 2108
9273 2 4 6325 6326 3090 2106
9274 2 3 6327 6139 2268
9275 2 3 6328 6141 2270
9276 2 3 6329 6324 2112
9277 2 3 6330 6144 2274
9278 2 3 6331 6146 2276
9279 2 4 6332 6333 3097 2118
9280 2 3 6334 6316 2124
9281 2 3 6335 6318 2126
9282 2 3 6336 6313 2124
9283 2 3 6337 6153 2286
9284 2 3 6338 6155 2288
9285 2 3 6339 6318 2130
9286 2 3 6340 6158 2292
9287 2 3 2293 6341 6160
9288 2 3 6342 6343 2136
9289 2 4 6344 6345 3109 2142
9290 2 3 2143 6346 6347
9291 2 4 6348 6349 3113 2142
9292 2 3 6350 6294 2160
9293 2 3 6351 6296 2162
9294 2 3 2147 6352 6347
9295 2 3 6353 6299 2166
9296 2 3 2167 6354 6301
9297 2 4 6355 6356 3120 2154
9298 2 3 6357 6285 2160
9299 2 3 6358 6287 2162
9300 2 3 6359 6282 2160
9301 2 3 6360 6180 2322
9302 2 3 6361 6182 2324
9303 2 3 6362 6287 2166
9304 2 3 6363 6185 2328
9305 2 3 2329 6364 6187
9306 2 3 2171 6365 6366
9307 2 3 6367 6299 2178
9308 2 3 2179 6368 6301
9309 2 3 6369 6296 2178
9310 2 3 6370 6194 2340
9311 2 3 2341 6371 6196
9312 2 3 2183 6372 6301
9313 2 3 2345 6373 6199
9314 2 3 2347 6374 6201
9315 2 4 6375 6376 3139 2190
9316 2 4 6377 6378 3141 2196
9317 2 4 6379 6380 3143 2198
9318 2 4 6381 6382 3145 2196
9319 2 4 6383 6384 3147 2214
9320 2 4 6385 6386 3149 2216
9321 2 4 6387 6380 3151 2202
9322 2 4 6388 6389 3153 2220
9323 2 4 6390 3155 6391 2222
9324 2 4 6392 6393 3157 2208
9325 2 3 6394 3158 2214
9326 2 3 6395 3159 2216
9327 2 3 6396 3160 2214
9328 2 2 6397 2268
9329 2 2 6398 2270
9330 2 2 6395 2220
9331 2 2 6399 2274
9332 2 2 6059 2276
9333 2 4 6400 6401 3162 2226
9334 2 3 6402 6389 2232
9335 2 3 6403 6391 2234
9336 2 2 6386 2232
9337 2 2 6067 2286
9338 2 2 6069 2288
9339 2 3 6404 6391 2238
9340 2 2 6072 2292
9341 2 2 2293 6074
9342 2 4 6405 6406 3167 2244
9343 2 3 6407 3168 2250
9344 2 3 6408 3169 2252
9345 2 3 6409 3170 2250
9346 2 2 6410 2268
9347 2 2 6411 2270
9348 2 2 6408 2256
9349 2 2 6412 2274
9350 2 2 6052 2276
9351 2 3 6413 3171 2262
9352 2 2 6414 2268
9353 2 2 6415 2270
9354 2 2 6416 2268
9357 2 2 6415 2274
9360 2 2 6417 2280
9361 2 2 6412 2286
9362 2 2 6052 2288
9363 2 2 6411 2286
9366 2 2 6052 2292
9369 2 4 6418 6419 3173 2298
9370 2 3 6420 6421 2304
9371 2 3 6422 6423 2306
9372 2 2 6424 2304
9373 2 2 6067 2322
9374 2 2 6069 2324
9375 2 3 6425 6423 2310
9376 2 2 6072 2328
9377 2 2 2329 6074
9378 2 2 6426 2316
9379 2 2 6399 2322
9380 2 2 6059 2324
9381 2 2 6398 2322
9384 2 2 6059 2328
9387 2 3 6427 6428 2334
9388 2 2 6072 2340
9389 2 2 2341 6074
9390 2 2 6069 2340
9393 2 2 2345 6074
9396 2 3 6429 6430 2352
9397 2 4 6431 6432 3181 2358
9398 2 3 2359 6433 6434
9399 2 4 6435 6436 3185 2358
9400 2 3 6437 6438 2376
9401 2 3 6439 6440 2378
9402 2 3 2363 6441 6434
9403 2 3 6442 6443 2382
9404 2 3 2383 6444 6445
9405 2 4 6446 6447 3192 2370
9406 2 3 6448 6449 2376
9407 2 3 6450 6451 2378
9408 2 3 6452 6453 2376
9409 2 3 6454 6180 2430
9410 2 3 6455 6182 2432
9411 2 3 6456 6451 2382
9412 2 3 6457 6185 2436
9413 2 3 2437 6458 6187
9414 2 3 2387 6459 6460
9415 2 3 6461 6443 2394
9416 2 3 2395 6462 6445
9417 2 3 6463 6440 2394
9418 2 3 6464 6194 2448
9419 2 3 2449 6465 6196
9420 2 3 2399 6466 6445
9421 2 3 2453 6467 6199
9422 2 3 2455 6468 6201
9423 2 4 6469 6470 3211 2406
9424 2 3 6471 6472 2412
9425 2 3 6473 6474 2414
9426 2 2 6475 2412
9427 2 2 6153 2430
9428 2 2 6155 2432
9429 2 3 6476 6474 2418
9430 2 2 6158 2436
9431 2 2 2437 6160
9432 2 2 6477 2424
9433 2 2 6144 2430
9434 2 2 6146 2432
9435 2 2 6141 2430
9438 2 2 6146 2436
9441 2 3 6478 6479 2442
9442 2 2 6158 2448
9443 2 2 2449 6160
9444 2 2 6155 2448
9447 2 2 2453 6160
9450 2 3 2459 6480 6481
9451 2 3 6482 6483 2466
9452 2 3 2467 6484 6485
9453 2 3 6486 6487 2466
9454 2 3 6488 6194 2484
9455 2 3 2485 6489 6196
9456 2 3 2471 6490 6485
9457 2 3 2489 6491 6199
9458 2 3 2491 6492 6201
9459 2 3 6493 6494 2478
9460 2 2 6185 2484
9461 2 2 2485 6187
9462 2 2 6182 2484
9465 2 2 2489 6187
9468 2 3 2495 6495 6496
9469 2 3 2501 6497 6199
9470 2 3 2503 6498 6201
9471 2 2 2501 6196
9474 2 3 2507 6499 6201
9479 2 2 6500 2513
9482 2 1 2521
9483 2 2 6500 2517
9484 2 2 6501 2523
9485 2 2 6502 2525
9488 2 1 2521
9491 2 1 2551
9492 2 1 2523
9493 2 1 2553
9494 2 2 6503 2554
9495 2 2 6504 2529
9496 2 2 6501 2535
9497 2 2 6502 2537
9498 2 2 6505 2535
9499 2 2 6506 2560
9500 2 2 6507 2561
9501 2 2 6502 2541
9502 2 2 6508 2565
9503 2 2 6509 2567
9506 2 1 2545
9509 2 1 2551
9510 2 1 2547
9511 2 1 2553
9512 2 2 6510 2554
9515 2 1 2551
9518 2 1 2652
9519 2 1 2553
9520 2 1 2654
9521 2 1 2655
9522 2 1 2556
9523 2 1 2560
9524 2 2 6510 2561
9525 2 1 2560
9526 2 1 2660
9527 2 1 2661
9528 2 2 6510 2565
9529 2 2 6511 2663
9530 2 2 6512 2665
9531 2 2 6513 2571
9532 2 2 6514 2577
9533 2 2 6515 2579
9534 2 2 6516 2577
9535 2 2 6506 2595
9536 2 2 6507 2597
9537 2 2 6515 2583
9538 2 2 6508 2601
9539 2 2 6509 2603
9540 2 2 6517 2589
9541 2 2 6518 2595
9542 2 2 6503 2597
9543 2 2 6519 2595
9544 2 2 6520 2683
9545 2 2 6521 2684
9546 2 2 6503 2601
9547 2 2 6522 2686
9548 2 2 6523 2688
9549 2 2 6524 2607
9550 2 2 6508 2613
9551 2 2 6509 2615
9552 2 2 6507 2613
9553 2 2 6525 2698
9554 2 2 6526 2700
9555 2 2 6509 2619
9556 2 2 6527 2704
9557 2 2 2705 6528
9560 2 1 2623
9563 2 1 2629
9564 2 1 2625
9565 2 1 2631
9566 2 2 6529 2632
9569 2 1 2629
9572 2 1 2652
9573 2 1 2631
9574 2 1 2654
9575 2 1 2655
9576 2 1 2634
9577 2 1 2638
9578 2 2 6529 2639
9579 2 1 2638
9580 2 1 2660
9581 2 1 2661
9582 2 2 6529 2643
9583 2 2 6530 2663
9584 2 2 6531 2665
9587 2 1 2647
9590 2 1 2652
9591 2 1 2649
9592 2 1 2654
9593 2 1 2655
9596 2 1 2652
9600 2 1 2654
9603 2 1 2657
9604 2 1 2660
9605 2 1 2661
9606 2 1 2660
9609 2 1 2663
9612 2 1 2667
9613 2 1 2671
9614 2 2 6532 2672
9615 2 1 2671
9616 2 1 2683
9617 2 1 2684
9618 2 2 6532 2676
9619 2 2 6530 2686
9620 2 2 6531 2688
9621 2 1 2680
9622 2 1 2683
9623 2 1 2684
9624 2 1 2683
9627 2 1 2686
9630 2 2 6533 2692
9631 2 2 6530 2698
9632 2 2 6531 2700
9633 2 2 6534 2698
9636 2 2 6531 2704
9639 2 2 6535 2710
9640 2 2 6536 2716
9641 2 2 6537 2718
9642 2 2 6538 2716
9643 2 2 6539 2734
9644 2 2 6540 2736
9645 2 2 6537 2722
9646 2 2 6541 2740
9647 2 2 6542 2742
9648 2 2 6543 2728
9649 2 2 6544 2734
9650 2 2 6545 2736
9651 2 2 6546 2734
9652 2 2 6520 2788
9653 2 2 6521 2790
9654 2 2 6545 2740
9655 2 2 6522 2794
9656 2 2 6523 2796
9657 2 2 6547 2746
9658 2 2 6541 2752
9659 2 2 6542 2754
9660 2 2 6540 2752
9661 2 2 6525 2806
9662 2 2 6526 2808
9663 2 2 6542 2758
9664 2 2 6527 2812
9665 2 2 2813 6528
9666 2 2 6548 2764
9667 2 2 6549 2770
9668 2 2 6550 2772
9669 2 2 6551 2770
9670 2 2 6552 2788
9671 2 2 6553 2790
9672 2 2 6550 2776
9673 2 2 6511 2794
9674 2 2 6512 2796
9675 2 2 6554 2782
9676 2 2 6555 2788
9677 2 2 6556 2790
9678 2 2 6557 2788
9681 2 2 6556 2794
9684 2 2 6558 2800
9685 2 2 6511 2806
9686 2 2 6512 2808
9687 2 2 6553 2806
9690 2 2 6512 2812
9693 2 2 6559 2818
9694 2 2 6560 2824
9695 2 2 6561 2826
9696 2 2 6562 2824
9697 2 2 6525 2842
9698 2 2 6526 2844
9699 2 2 6561 2830
9700 2 2 6527 2848
9701 2 2 2849 6528
9702 2 2 6563 2836
9703 2 2 6522 2842
9704 2 2 6523 2844
9705 2 2 6521 2842
9708 2 2 6523 2848
9711 2 2 6564 2854
9712 2 2 6527 2860
9713 2 2 2861 6528
9714 2 2 6526 2860
9717 2 2 2865 6528
9722 2 1 2870
9725 2 1 2876
9726 2 1 2872
9727 2 1 2878
9728 2 2 6565 2879
9731 2 1 2876
9734 2 1 2899
9735 2 1 2878
9736 2 1 2901
9737 2 1 2902
9738 2 1 2881
9739 2 1 2885
9740 2 2 6565 2886
9741 2 1 2885
9742 2 1 2907
9743 2 1 2908
9744 2 2 6565 2890
9745 2 1 2910
9746 2 1 2911
9749 2 1 2894
9752 2 1 2899
9753 2 1 2896
9754 2 1 2901
9755 2 1 2902
9758 2 1 2899
9762 2 1 2901
9765 2 1 2904
9766 2 1 2907
9767 2 1 2908
9768 2 1 2907
9771 2 1 2910
9774 2 1 2913
9775 2 1 2917
9776 2 2 6566 2918
9777 2 1 2917
9778 2 1 2929
9779 2 1 2930
9780 2 2 6566 2922
9781 2 1 2932
9782 2 1 2933
9783 2 1 2926
9784 2 1 2929
9785 2 1 2930
9786 2 1 2929
9789 2 1 2932
9792 2 2 6567 2937
9793 2 1 2941
9794 2 1 2942
9795 2 1 2941
9798 2 1 2945
9803 2 1 2948
9806 2 1 2953
9807 2 1 2950
9808 2 1 2955
9809 2 1 2956
9812 2 1 2953
9816 2 1 2955
9819 2 1 2958
9820 2 1 2961
9821 2 1 2962
9822 2 1 2961
9825 2 1 2964
9830 2 1 2967
9834 2 1 2969
9855 2 1 2974
9882 2 1 2979
9883 2 1 2983
9884 2 2 6568 2984
9885 2 1 2983
9888 2 2 6568 2988
9891 2 1 2992
9900 2 1 6569
9909 2 1 3001
9936 2 1 6570
9963 2 2 6571 3014
9964 2 2 6572 3020
9965 2 2 6573 3022
9966 2 2 6574 3020
9967 2 2 6575 3038
9968 2 2 6576 3040
9969 2 2 6573 3026
9970 2 2 6577 3044
9971 2 2 6578 3046
9972 2 2 6579 3032
9973 2 2 6580 3038
9974 2 2 6581 3040
9975 2 2 6582 3038
9976 2 1 6583
9977 2 1 6584
9978 2 2 6581 3044
9979 2 1 6585
9980 2 1 6586
9981 2 2 6587 3050
9982 2 2 6577 3056
9983 2 2 6578 3058
9984 2 2 6576 3056
9985 2 1 6588
9986 2 1 6589
9987 2 2 6578 3062
9988 2 1 6590
9989 2 1 6591
9990 2 2 6592 3068
9991 2 2 6593 3074
9992 2 2 6594 3076
9993 2 2 6595 3074
9994 2 1 6596
9995 2 1 6597
9996 2 2 6594 3080
9997 2 1 6598
9998 2 1 6599
9999 2 2 6600 3086
10000 2 1 6601
10001 2 1 6602
10002 2 1 6603
10005 2 1 6602
10008 2 1 6604
10009 2 1 6598
10010 2 1 6599
10011 2 1 6597
10014 2 1 6599
10017 2 2 6605 3109
10018 2 1 6606
10019 2 1 6607
10020 2 1 6608
10021 2 1 6588
10022 2 1 6589
10023 2 1 6607
10024 2 1 6590
10025 2 1 6591
10026 2 1 6609
10027 2 1 6585
10028 2 1 6586
10029 2 1 6584
10032 2 1 6586
10035 2 1 6610
10036 2 1 6590
10037 2 1 6591
10038 2 1 6589
10041 2 1 6591
10044 2 2 6611 3141
10045 2 2 6612 3147
10046 2 2 6613 3149
10047 2 2 6614 3147
10050 2 2 6613 3153
10053 2 1 3158
10062 2 1 6615
10071 2 1 3168
10098 2 1 6616
10125 2 2 6617 3181
10126 2 1 6618
10127 2 1 6619
10128 2 1 6620
10129 2 1 6621
10130 2 1 6622
10131 2 1 6619
10132 2 1 6623
10133 2 1 6624
10134 2 1 6625
10135 2 1 6626
10136 2 1 6627
10137 2 1 6628
10140 2 1 6627
10143 2 1 6629
10144 2 1 6623
10145 2 1 6624
10146 2 1 6622
10149 2 1 6624
10152 2 1 6630
10179 2 1 6631
10180 2 1 6632
10181 2 1 6633
10182 2 1 6634
10185 2 1 6633
10197 2 1 6635
10206 6 2 5968 3232
10207 6 2 5971 3237
10208 6 1 5973
10209 6 2 6636 3237
10210 6 2 5983 3252
10211 6 2 5985 3254
10212 6 1 5973
10213 6 2 5988 3258
10214 6 1 5990
10215 6 2 6637 3246
10216 6 2 6638 3252
10217 6 2 5975 3254
10218 6 2 6639 3252
10219 6 2 6020 3298
10220 6 2 6022 3300
10221 6 2 5975 3258
10222 6 2 6025 3304
10223 6 2 3305 6027
10224 6 1 5980
10225 6 2 5988 3266
10226 6 1 5990
10227 6 2 5985 3266
10228 6 2 6034 3316
10229 6 1 6036
10230 6 1 5990
10231 6 1 6039
10232 6 1 6041
10233 6 2 6640 3274
10234 6 2 6641 3280
10235 6 2 5992 3282
10236 6 2 6642 3280
10237 6 2 6643 3298
10238 6 2 6644 3300
10239 6 2 5992 3286
10240 6 2 5996 3304
10241 6 2 3305 5998
10242 6 2 6645 3292
10243 6 2 6646 3298
10244 6 2 6647 3300
10245 6 2 6648 3298
10246 6 2 6138 3438
10247 6 2 6140 3440
10248 6 2 6647 3304
10249 6 2 6143 3444
10250 6 2 6145 3446
10251 6 2 5994 3310
10252 6 2 5996 3316
10253 6 2 3317 5998
10254 6 2 6644 3316
10255 6 2 6152 3456
10256 6 2 6154 3458
10257 6 2 3321 5998
10258 6 2 6157 3462
10259 6 2 3463 6159
10260 6 1 6004
10261 6 2 6011 3330
10262 6 1 6012
10263 6 2 6009 3330
10264 6 2 6034 3342
10265 6 1 6036
10266 6 1 6012
10267 6 1 6039
10268 6 1 6041
10269 6 2 6017 3337
10270 6 2 6025 3342
10271 6 1 6027
10272 6 2 6022 3342
10273 6 2 6179 3492
10274 6 2 6181 3494
10275 6 1 6027
10276 6 2 6184 3498
10277 6 1 6186
10278 6 1 6032
10279 6 1 6039
10280 6 1 6041
10281 6 1 6036
10282 6 2 6193 3510
10283 6 1 6195
10284 6 1 6041
10285 6 1 6198
10286 6 1 6200
10287 6 2 6649 3360
10288 6 2 6650 3366
10289 6 2 6043 3368
10290 6 2 6651 3366
10291 6 2 6652 3384
10292 6 2 6653 3386
10293 6 2 6043 3372
10294 6 2 6047 3390
10295 6 2 3391 6049
10296 6 2 6654 3378
10297 6 2 6655 3384
10298 6 2 6656 3386
10299 6 2 6657 3384
10300 6 2 6658 3438
10301 6 2 6659 3440
10302 6 2 6656 3390
10303 6 2 6660 3444
10304 6 2 6058 3446
10305 6 2 6045 3396
10306 6 2 6047 3402
10307 6 2 3403 6049
10308 6 2 6653 3402
10309 6 2 6066 3456
10310 6 2 6068 3458
10311 6 2 3407 6049
10312 6 2 6071 3462
10313 6 2 3463 6073
10314 6 2 6661 3414
10315 6 2 6662 3420
10316 6 2 6663 3422
10317 6 2 6664 3420
10318 6 2 6665 3438
10319 6 2 6666 3440
10320 6 2 6663 3426
10321 6 2 6667 3444
10322 6 2 6051 3446
10323 6 2 6668 3432
10324 6 2 6669 3438
10325 6 2 6670 3440
10326 6 2 6671 3438
10329 6 2 6670 3444
10332 6 2 6672 3450
10333 6 2 6667 3456
10334 6 2 6051 3458
10335 6 2 6666 3456
10338 6 2 6051 3462
10341 6 2 6053 3468
10342 6 2 6056 3474
10343 6 2 3475 6057
10344 6 2 6673 3474
10345 6 2 6066 3492
10346 6 2 6068 3494
10347 6 2 3479 6057
10348 6 2 6071 3498
10349 6 2 3499 6073
10350 6 2 6674 3486
10351 6 2 6660 3492
10352 6 2 6058 3494
10353 6 2 6659 3492
10356 6 2 6058 3498
10359 6 2 3503 6063
10360 6 2 6071 3510
10361 6 2 3511 6073
10362 6 2 6068 3510
10365 6 2 3515 6073
10368 6 1 6079
10369 6 2 6088 3524
10370 6 1 6090
10371 6 2 6085 3524
10372 6 2 6110 3536
10373 6 1 6111
10374 6 1 6090
10375 6 1 6113
10376 6 1 6114
10377 6 2 6096 3531
10378 6 2 6103 3536
10379 6 1 6104
10380 6 2 6101 3536
10381 6 2 6179 3573
10382 6 2 6181 3575
10383 6 1 6104
10384 6 2 6184 3579
10385 6 1 6186
10386 6 1 6108
10387 6 1 6113
10388 6 1 6114
10389 6 1 6111
10390 6 2 6193 3587
10391 6 1 6195
10392 6 1 6114
10393 6 1 6198
10394 6 1 6200
10395 6 2 6119 3553
10396 6 2 6128 3558
10397 6 1 6129
10398 6 2 6125 3558
10399 6 2 6152 3573
10400 6 2 6154 3575
10401 6 1 6129
10402 6 2 6157 3579
10403 6 1 6159
10404 6 2 6134 3567
10405 6 2 6143 3573
10406 6 2 6145 3575
10407 6 2 6140 3573
10410 6 2 6145 3579
10413 6 1 6150
10414 6 2 6157 3587
10415 6 1 6159
10416 6 2 6154 3587
10419 6 1 6159
10422 6 1 6165
10423 6 1 6172
10424 6 1 6173
10425 6 1 6170
10426 6 2 6193 3606
10427 6 1 6195
10428 6 1 6173
10429 6 1 6198
10430 6 1 6200
10431 6 1 6177
10432 6 2 6184 3606
10433 6 1 6186
10434 6 2 6181 3606
10437 6 1 6186
10440 6 1 6191
10441 6 1 6198
10442 6 1 6200
10443 6 1 6195
10446 6 1 6200
10449 6 2 6675 3623
10450 6 2 6676 3629
10451 6 2 6202 3631
10452 6 2 6677 3629
10453 6 2 6678 3647
10454 6 2 6679 3649
10455 6 2 6202 3635
10456 6 2 6206 3653
10457 6 2 3654 6208
10458 6 2 6680 3641
10459 6 2 6681 3647
10460 6 2 6682 3649
10461 6 2 6683 3647
10462 6 1 3691
10463 6 1 3692
10464 6 2 6682 3653
10465 6 1 3694
10466 6 1 3695
10467 6 2 6204 3659
10468 6 2 6206 3665
10469 6 2 3666 6208
10470 6 2 6679 3665
10471 6 1 3701
10472 6 1 3702
10473 6 2 3670 6208
10474 6 1 3704
10475 6 1 3705
10476 6 2 6684 3677
10477 6 1 3681
10478 6 1 3682
10479 6 1 3681
10480 6 1 3691
10481 6 1 3692
10482 6 1 3685
10483 6 1 3694
10484 6 1 3695
10485 6 1 3688
10486 6 1 3691
10487 6 1 3692
10488 6 1 3691
10491 6 1 3694
10494 6 1 3698
10495 6 1 3701
10496 6 1 3702
10497 6 1 3701
10500 6 1 3704
10503 6 2 6211 3709
10504 6 2 6214 3715
10505 6 2 3716 6215
10506 6 2 6685 3715
10507 6 1 3729
10508 6 1 3730
10509 6 2 3720 6215
10510 6 1 3732
10511 6 1 3733
10512 6 1 3726
10513 6 1 3729
10514 6 1 3730
10515 6 1 3729
10518 6 1 3732
10521 6 2 3736 6220
10522 6 1 3741
10523 6 1 3742
10524 6 1 3741
10527 6 1 3745
10530 6 2 6686 3750
10531 6 1 3754
10532 6 1 3755
10533 6 1 3754
10534 6 1 3764
10535 6 1 3765
10536 6 1 3758
10537 6 1 3767
10538 6 1 3768
10539 6 1 3761
10540 6 1 3764
10541 6 1 3765
10542 6 1 3764
10545 6 1 3767
10548 6 1 3771
10549 6 1 3774
10550 6 1 3775
10551 6 1 3774
10554 6 1 3777
10557 6 1 3780
10558 6 1 3783
10559 6 1 3784
10560 6 1 3783
10563 6 1 3786
10566 6 1 3789
10584 6 1 3795
10611 6 2 6228 3802
10612 6 2 6231 3808
10613 6 2 3809 6233
10614 6 2 6687 3808
10617 6 2 3813 6233
10620 6 1 3819
10629 6 1 6238
10638 6 1 3829
10665 6 1 6245
10692 6 1 6258
10693 6 2 6267 3844
10694 6 1 6269
10695 6 2 6264 3844
10696 6 2 6293 3856
10697 6 1 6295
10698 6 1 6269
10699 6 1 6298
10700 6 1 6300
10701 6 2 6275 3851
10702 6 2 6284 3856
10703 6 1 6286
10704 6 2 6281 3856
10705 6 1 6360
10706 6 1 6361
10707 6 1 6286
10708 6 1 6363
10709 6 1 6364
10710 6 1 6291
10711 6 1 6298
10712 6 1 6300
10713 6 1 6295
10714 6 1 6370
10715 6 1 6371
10716 6 1 6300
10717 6 1 6373
10718 6 1 6374
10719 6 2 6306 3873
10720 6 2 6315 3878
10721 6 1 6317
10722 6 2 6312 3878
10723 6 1 6337
10724 6 1 6338
10725 6 1 6317
10726 6 1 6340
10727 6 1 6341
10728 6 2 6323 3887
10729 6 1 6330
10730 6 1 6331
10731 6 1 6328
10734 6 1 6331
10737 6 1 6335
10738 6 1 6340
10739 6 1 6341
10740 6 1 6338
10743 6 1 6341
10746 6 1 6346
10747 6 1 6353
10748 6 1 6354
10749 6 1 6351
10750 6 1 6370
10751 6 1 6371
10752 6 1 6354
10753 6 1 6373
10754 6 1 6374
10755 6 1 6358
10756 6 1 6363
10757 6 1 6364
10758 6 1 6361
10761 6 1 6364
10764 6 1 6368
10765 6 1 6373
10766 6 1 6374
10767 6 1 6371
10770 6 1 6374
10773 6 2 6379 3935
10774 6 2 6388 3940
10775 6 1 6390
10776 6 2 6385 3940
10779 6 1 6390
10782 6 1 3948
10791 6 1 6403
10800 6 1 3957
10827 6 1 6422
10854 6 1 6433
10855 6 1 6442
10856 6 1 6444
10857 6 1 6439
10858 6 1 6464
10859 6 1 6465
10860 6 1 6444
10861 6 1 6467
10862 6 1 6468
10863 6 1 6450
10864 6 1 6457
10865 6 1 6458
10866 6 1 6455
10869 6 1 6458
10872 6 1 6462
10873 6 1 6467
10874 6 1 6468
10875 6 1 6465
10878 6 1 6468
10881 6 1 6473
10908 6 1 6484
10909 6 1 6491
10910 6 1 6492
10911 6 1 6489
10914 6 1 6492
10926 6 1 6498
10935 0 2 5142 4012
10936 0 4 5144 4015 3233 1392
10937 0 2 5146 4017
10938 0 3 6688 3240 1392
10939 0 4 5150 4027 3242 1416
10940 0 4 3241 5152 1413 4029
10941 0 2 5154 4017
10942 0 2 5155 4032
10943 0 2 5157 4034
10944 0 3 6689 3261 1404
10945 0 3 6690 3263 1416
10946 0 4 3262 5163 1413 4019
10947 0 3 6691 3268 1416
10948 0 4 5167 4064 3270 1494
10949 0 4 5169 4066 3269 1492
10950 0 4 3264 5171 1409 4019
10951 0 4 5172 4069 3267 1488
10952 0 4 3265 1485 5174 4071
10953 0 2 5176 4024
10954 0 2 5178 4032
10955 0 2 5179 4034
10956 0 2 5180 4029
10957 0 4 5181 4078 3260 1476
10958 0 2 5183 4080
10959 0 2 5185 4034
10960 0 2 5186 4083
10961 0 2 5188 4085
10962 0 3 6692 3325 1446
10963 0 3 6693 3327 1458
10964 0 4 3326 5194 1455 4036
10965 0 3 6694 3332 1458
10966 0 3 6695 3334 1494
10967 0 3 6696 3333 1492
10968 0 4 3328 5202 1451 4036
10969 0 4 5203 4040 3331 1488
10970 0 4 3329 1485 5205 4042
10971 0 3 6697 3348 1482
10972 0 3 6698 3350 1494
10973 0 3 6699 3349 1492
10974 0 3 6700 3354 1494
10975 0 4 5215 4182 3356 1741
10976 0 4 5217 4184 3355 1739
10977 0 3 6699 3351 1488
10978 0 4 5220 4187 3353 1735
10979 0 4 3352 5222 1732 4189
10980 0 4 3335 5224 1463 4038
10981 0 4 5226 4040 3338 1476
10982 0 4 3336 1473 5227 4042
10983 0 3 6696 3345 1476
10984 0 4 5229 4196 3347 1723
10985 0 4 3346 5231 1720 4198
10986 0 4 3339 1469 5233 4042
10987 0 4 3344 5234 1716 4201
10988 0 4 3341 1714 5236 4203
10989 0 2 5238 4048
10990 0 2 5240 4055
10991 0 2 5242 4056
10992 0 2 5244 4053
10993 0 4 5246 4078 3288 1440
10994 0 2 5247 4080
10995 0 2 5248 4056
10996 0 2 5249 4083
10997 0 2 5250 4085
10998 0 2 5251 4061
10999 0 4 5253 4069 3312 1440
11000 0 2 5254 4071
11001 0 4 5255 4066 3320 1440
11002 0 4 5256 4223 3324 1687
11003 0 4 3322 5258 1684 4225
11004 0 2 5260 4071
11005 0 2 5261 4228
11006 0 2 5263 4230
11007 0 2 5265 4076
11008 0 2 5267 4083
11009 0 2 5268 4085
11010 0 2 5269 4080
11011 0 2 5270 4237
11012 0 2 5272 4239
11013 0 2 5274 4085
11014 0 2 5275 4242
11015 0 2 5277 4244
11016 0 3 6701 3519 1585
11017 0 3 6702 3521 1597
11018 0 4 3520 5283 1594 4087
11019 0 3 6703 3526 1597
11020 0 3 6704 3528 1633
11021 0 3 6705 3527 1631
11022 0 4 3522 5291 1590 4087
11023 0 4 5292 4091 3525 1627
11024 0 4 3523 1624 5294 4093
11025 0 3 6706 3542 1621
11026 0 3 6707 3544 1633
11027 0 3 6708 3543 1631
11028 0 3 6709 3548 1633
11029 0 3 6710 3550 1741
11030 0 3 6711 3549 1739
11031 0 3 6708 3545 1627
11032 0 3 6712 3547 1735
11033 0 4 3546 5311 1732 4102
11034 0 4 3529 5313 1602 4089
11035 0 4 5315 4091 3532 1615
11036 0 4 3530 1612 5316 4093
11037 0 3 6705 3539 1615
11038 0 4 5318 4110 3541 1723
11039 0 4 3540 5320 1720 4112
11040 0 4 3533 1608 5322 4093
11041 0 4 3538 5323 1716 4115
11042 0 4 3535 1714 5325 4117
11043 0 3 6713 3592 1693
11044 0 3 6714 3594 1705
11045 0 3 6715 3593 1703
11046 0 3 6716 3598 1705
11047 0 3 6717 3600 1741
11048 0 3 6718 3599 1739
11049 0 3 6715 3595 1699
11050 0 3 6719 3597 1735
11051 0 4 3596 5342 1732 4095
11052 0 3 6720 3611 1729
11053 0 3 6721 3613 1741
11054 0 3 6722 3612 1739
11055 0 3 6723 3617 1741
11056 0 4 5352 4532 3619 2510
11057 0 4 5354 4533 3618 2508
11058 0 3 6722 3614 1735
11059 0 4 5357 4535 3616 2504
11060 0 4 5359 4536 3615 2502
11061 0 3 6724 3601 1711
11062 0 3 6719 3603 1723
11063 0 4 3602 5364 1720 4095
11064 0 3 6718 3608 1723
11065 0 4 5366 4542 3610 2492
11066 0 4 5368 4543 3609 2490
11067 0 4 3604 5370 1716 4095
11068 0 4 5371 4545 3607 2486
11069 0 4 3605 2483 5373 4546
11070 0 4 3551 5375 1638 4097
11071 0 4 5377 4100 3554 1651
11072 0 4 3552 1648 5379 4101
11073 0 3 6725 3561 1651
11074 0 4 5383 4110 3563 1687
11075 0 4 3562 5384 1684 4112
11076 0 4 3555 1644 5385 4101
11077 0 4 3560 5386 1680 4115
11078 0 4 3557 1678 5387 4117
11079 0 3 6726 3582 1675
11080 0 3 6712 3584 1687
11081 0 4 3583 5391 1684 4102
11082 0 3 6711 3589 1687
11083 0 4 5393 4565 3591 2456
11084 0 4 5395 4566 3590 2454
11085 0 4 3585 5397 1680 4102
11086 0 4 5398 4568 3588 2450
11087 0 4 3586 2447 5400 4569
11088 0 4 3564 1656 5402 4107
11089 0 4 3569 5404 1668 4115
11090 0 4 3566 1666 5405 4117
11091 0 4 3577 5406 1668 4112
11092 0 4 5407 4575 3581 2438
11093 0 4 3578 2435 5409 4576
11094 0 4 3570 1662 5411 4117
11095 0 4 3574 2431 5412 4578
11096 0 4 3572 2429 5414 4579
11097 0 2 5416 4123
11098 0 2 5418 4132
11099 0 2 5420 4134
11100 0 2 5422 4129
11101 0 4 5424 4154 3374 1518
11102 0 2 5426 4155
11103 0 2 5428 4134
11104 0 2 5429 4157
11105 0 2 5431 4158
11106 0 2 5433 4140
11107 0 4 5435 4147 3398 1518
11108 0 2 5437 4148
11109 0 4 5439 4145 3406 1518
11110 0 4 5441 4223 3410 1579
11111 0 4 3408 5442 1576 4225
11112 0 2 5443 4148
11113 0 2 5444 4228
11114 0 2 5445 4230
11115 0 2 5446 4152
11116 0 2 5448 4157
11117 0 2 5449 4158
11118 0 2 5450 4155
11119 0 2 5451 4237
11120 0 2 5452 4239
11121 0 2 5453 4158
11122 0 2 5454 4242
11123 0 2 5455 4244
11124 0 2 5456 4163
11125 0 4 5458 4172 3470 1551
11126 0 2 5460 4173
11127 0 4 5462 4169 3478 1551
11128 0 4 5464 4196 3482 1579
11129 0 4 3480 5465 1576 4198
11130 0 2 5466 4173
11131 0 2 5467 4201
11132 0 2 5468 4203
11133 0 4 5469 4178 3502 1567
11134 0 4 5471 4187 3506 1579
11135 0 4 3504 5472 1576 4189
11136 0 4 5473 4184 3514 1579
11137 0 4 5474 4638 3518 2348
11138 0 4 5476 4639 3516 2346
11139 0 4 3508 5478 1572 4189
11140 0 4 5479 4641 3512 2342
11141 0 4 3509 2339 5481 4642
11142 0 2 5483 4194
11143 0 2 5485 4201
11144 0 2 5486 4203
11145 0 2 5487 4198
11146 0 4 5488 4648 3500 2330
11147 0 2 5490 4649
11148 0 2 5492 4203
11149 0 2 5493 4651
11150 0 2 5495 4652
11151 0 2 5497 4209
11152 0 2 5499 4216
11153 0 2 5501 4217
11154 0 2 5503 4214
11155 0 2 5505 4237
11156 0 2 5506 4239
11157 0 2 5507 4217
11158 0 2 5508 4242
11159 0 2 5509 4244
11160 0 2 5510 4221
11161 0 2 5512 4228
11162 0 2 5513 4230
11163 0 2 5514 4225
11164 0 4 5515 4671 3464 2294
11165 0 2 5517 4672
11166 0 2 5519 4230
11167 0 2 5520 4674
11168 0 2 5522 4675
11169 0 2 5524 4235
11170 0 2 5526 4242
11171 0 2 5527 4244
11172 0 2 5528 4239
11173 0 2 5529 4681
11174 0 2 5531 4682
11175 0 2 5533 4244
11176 0 2 5534 4684
11177 0 2 5536 4685
11178 0 3 6727 3839 2030
11179 0 3 6728 3841 2042
11180 0 4 3840 5542 2039 4246
11181 0 3 6729 3846 2042
11182 0 3 6730 3848 2078
11183 0 3 6731 3847 2076
11184 0 4 3842 5550 2035 4246
11185 0 4 5551 4250 3845 2072
11186 0 4 3843 2069 5553 4252
11187 0 3 6732 3862 2066
11188 0 3 6733 3864 2078
11189 0 3 6734 3863 2076
11190 0 3 6735 3868 2078
11191 0 3 6736 3870 2186
11192 0 3 6737 3869 2184
11193 0 3 6734 3865 2072
11194 0 3 6738 3867 2180
11195 0 4 3866 5570 2177 4261
11196 0 4 3849 5572 2047 4248
11197 0 4 5574 4250 3852 2060
11198 0 4 3850 2057 5575 4252
11199 0 3 6731 3859 2060
11200 0 4 5577 4269 3861 2168
11201 0 4 3860 5579 2165 4271
11202 0 4 3853 2053 5581 4252
11203 0 4 3858 5582 2161 4274
11204 0 4 3855 2159 5584 4276
11205 0 3 6739 3906 2138
11206 0 3 6740 3908 2150
11207 0 3 6741 3907 2148
11208 0 3 6742 3912 2150
11209 0 3 6743 3914 2186
11210 0 3 6744 3913 2184
11211 0 3 6741 3909 2144
11212 0 3 6745 3911 2180
11213 0 3 3910 2177 4254
11214 0 3 6746 3924 2174
11215 0 3 6747 3926 2186
11216 0 3 6748 3925 2184
11217 0 3 6749 3930 2186
11218 0 3 6750 3932 2510
11219 0 3 6751 3931 2508
11220 0 3 6748 3927 2180
11221 0 3 6752 3929 2504
11222 0 3 6753 3928 2502
11223 0 3 6754 3915 2156
11224 0 3 6745 3917 2168
11225 0 3 3916 2165 4254
11226 0 3 6744 3921 2168
11227 0 3 6755 3923 2492
11228 0 3 6756 3922 2490
11229 0 3 3918 2161 4254
11230 0 3 4307 3920 2486
11231 0 3 3919 2483 4308
11232 0 4 3871 5612 2083 4256
11233 0 4 5614 4259 3874 2096
11234 0 4 3872 2093 5616 4260
11235 0 3 6757 3881 2096
11236 0 4 5620 4269 3883 2132
11237 0 4 3882 5621 2129 4271
11238 0 4 3875 2089 5622 4260
11239 0 4 3880 5623 2125 4274
11240 0 4 3877 2123 5624 4276
11241 0 3 6758 3897 2120
11242 0 3 6738 3899 2132
11243 0 3 3898 2129 4261
11244 0 3 6737 3903 2132
11245 0 3 4329 3905 2456
11246 0 3 4330 3904 2454
11247 0 3 3900 2125 4261
11248 0 3 4332 3902 2450
11249 0 3 3901 2447 4333
11250 0 4 3884 2101 5631 4266
11251 0 4 3889 5633 2113 4274
11252 0 4 3886 2111 5634 4276
11253 0 3 3894 2113 4271
11254 0 3 4339 3896 2438
11255 0 3 3895 2435 4340
11256 0 4 3890 2107 5637 4276
11257 0 3 3893 2431 4342
11258 0 3 3892 2429 4343
11259 0 3 6759 3966 2354
11260 0 3 6760 3968 2366
11261 0 3 6761 3967 2364
11262 0 3 6762 3972 2366
11263 0 3 6763 3974 2402
11264 0 3 6764 3973 2400
11265 0 3 6761 3969 2360
11266 0 3 6765 3971 2396
11267 0 3 3970 2393 4278
11268 0 3 6766 3984 2390
11269 0 3 6767 3986 2402
11270 0 3 6768 3985 2400
11271 0 3 6769 3990 2402
11272 0 3 6770 3992 2510
11273 0 3 6771 3991 2508
11274 0 3 6768 3987 2396
11275 0 3 6772 3989 2504
11276 0 3 6773 3988 2502
11277 0 3 6774 3975 2372
11278 0 3 6765 3977 2384
11279 0 3 3976 2381 4278
11280 0 3 6764 3981 2384
11281 0 3 6775 3983 2492
11282 0 3 6776 3982 2490
11283 0 3 3978 2377 4278
11284 0 3 4283 3980 2486
11285 0 3 3979 2483 4284
11286 0 3 6777 3998 2462
11287 0 3 6778 4000 2474
11288 0 3 6779 3999 2472
11289 0 3 6780 4004 2474
11290 0 3 6781 4006 2510
11291 0 3 6782 4005 2508
11292 0 3 6779 4001 2468
11293 0 3 6783 4003 2504
11294 0 3 6784 4002 2502
11295 0 3 6785 4008 2498
11296 0 3 6786 4010 2510
11297 0 3 6787 4009 2508
11298 0 3 6788 4011 2510
11301 0 2 6787 2504
11304 0 3 6789 4007 2480
11305 0 2 6783 2492
11306 0 2 6784 2490
11307 0 2 6782 2492
11310 0 2 6784 2486
11313 0 3 6790 3993 2408
11314 0 3 6791 3995 2420
11315 0 3 3994 2417 4280
11316 0 3 6792 3996 2420
11317 0 2 6775 2456
11318 0 2 6776 2454
11319 0 2 2413 4280
11320 0 2 4283 2450
11321 0 2 2447 4284
11322 0 3 6793 3997 2444
11323 0 2 6772 2456
11324 0 2 6773 2454
11325 0 2 6771 2456
11328 0 2 6773 2450
11331 0 2 2425 4281
11332 0 2 4283 2438
11333 0 2 2435 4284
11334 0 2 6776 2438
11337 0 2 2431 4284
11340 0 4 3933 5686 2191 4285
11341 0 4 5688 4288 3936 2204
11342 0 4 3934 2201 5690 4290
11343 0 3 6794 3943 2204
11344 0 4 5694 4299 3945 2240
11345 0 4 3944 5696 2237 4300
11346 0 4 3937 2197 5698 4290
11347 0 4 3942 5699 2233 4302
11348 0 4 3939 2231 5701 4303
11349 0 3 6795 3951 2228
11350 0 3 6796 3953 2240
11351 0 3 3952 2237 4292
11352 0 3 6797 3954 2240
11353 0 2 4329 2348
11354 0 2 4330 2346
11355 0 2 2233 4292
11356 0 2 4332 2342
11357 0 2 2339 4333
11358 0 4 3946 2209 5708 4296
11359 0 3 5710 2221 4302
11360 0 3 2219 5711 4303
11361 0 2 2221 4300
11362 0 2 4339 2330
11363 0 2 2327 4340
11364 0 3 2215 5712 4303
11365 0 2 2323 4342
11366 0 2 2321 4343
11367 0 3 6798 3961 2300
11368 0 3 6799 3963 2312
11369 0 3 3962 2309 4304
11370 0 3 6800 3964 2312
11371 0 2 6755 2348
11372 0 2 6756 2346
11373 0 2 2305 4304
11374 0 2 4307 2342
11375 0 2 2339 4308
11376 0 3 6801 3965 2336
11377 0 2 6752 2348
11378 0 2 6753 2346
11379 0 2 6751 2348
11382 0 2 6753 2342
11385 0 2 2317 4305
11386 0 2 4307 2330
11387 0 2 2327 4308
11388 0 2 6756 2330
11391 0 2 2323 4308
11394 0 4 3955 2245 5720 4313
11395 0 3 5722 2257 4320
11396 0 3 2255 5724 4321
11397 0 2 2257 4318
11398 0 2 4339 2294
11399 0 2 2291 4340
11400 0 3 2251 5727 4321
11401 0 2 2287 4342
11402 0 2 2285 4343
11403 0 2 2281 4326
11404 0 2 4332 2294
11405 0 2 2291 4333
11406 0 2 4330 2294
11409 0 2 2287 4333
11412 0 3 2263 5729 4337
11413 0 2 2275 4342
11414 0 2 2273 4343
11415 0 2 2275 4340
11418 0 2 2269 4343
11421 0 2 5731 4348
11422 0 2 5733 4357
11423 0 2 5735 4359
11424 0 2 5737 4354
11425 0 4 5739 4383 3637 1765
11426 0 2 5741 4385
11427 0 2 5743 4359
11428 0 2 5744 4388
11429 0 2 5746 4390
11430 0 2 5748 4365
11431 0 4 5750 4374 3661 1765
11432 0 2 5752 4376
11433 0 4 5754 4371 3669 1765
11434 0 4 5756 4450 3673 1826
11435 0 4 3671 5758 1823 4451
11436 0 2 5760 4376
11437 0 2 5761 4453
11438 0 2 5763 4454
11439 0 2 5765 4381
11440 0 2 5767 4388
11441 0 2 5768 4390
11442 0 2 5769 4385
11443 0 2 5770 4460
11444 0 2 5772 4461
11445 0 2 5774 4390
11446 0 2 5775 4463
11447 0 2 5777 4464
11448 0 2 5779 4396
11449 0 4 5781 4405 3711 1798
11450 0 2 5783 4407
11451 0 4 5785 4402 3719 1798
11452 0 4 5787 4427 3723 1826
11453 0 4 3721 5789 1823 4428
11454 0 2 5791 4407
11455 0 2 5792 4430
11456 0 2 5794 4431
11457 0 4 5796 4413 3735 1814
11458 0 4 5798 4420 3739 1826
11459 0 4 3737 5800 1823 4421
11460 0 4 5802 4418 3744 1826
11461 0 3 5804 4638 2024
11462 0 3 5805 4639 2022
11463 0 3 5806 1819 4421
11464 0 3 5807 4641 2018
11465 0 3 2015 5808 4642
11466 0 2 5809 4425
11467 0 2 5811 4430
11468 0 2 5812 4431
11469 0 2 5813 4428
11470 0 3 5814 4648 2006
11471 0 2 5815 4649
11472 0 2 5816 4431
11473 0 2 5817 4651
11474 0 2 5818 4652
11475 0 2 5819 4436
11476 0 2 5821 4443
11477 0 2 5823 4444
11478 0 2 5825 4441
11479 0 2 5827 4460
11480 0 2 5828 4461
11481 0 2 5829 4444
11482 0 2 5830 4463
11483 0 2 5831 4464
11484 0 2 5832 4448
11485 0 2 5834 4453
11486 0 2 5835 4454
11487 0 2 5836 4451
11488 0 3 5837 4671 1970
11489 0 2 5838 4672
11490 0 2 5839 4454
11491 0 2 5840 4674
11492 0 2 5841 4675
11493 0 2 5842 4458
11494 0 2 5844 4463
11495 0 2 5845 4464
11496 0 2 5846 4461
11497 0 2 5847 4681
11498 0 2 5848 4682
11499 0 2 5849 4464
11500 0 2 5850 4684
11501 0 2 5851 4685
11502 0 2 5852 4469
11503 0 4 5854 4478 3804 1910
11504 0 2 5856 4480
11505 0 4 5858 4475 3812 1910
11506 0 4 5860 4503 3816 1938
11507 0 4 3814 5862 1935 4504
11508 0 2 5864 4480
11509 0 2 5865 4506
11510 0 2 5867 4507
11511 0 4 5869 4486 3823 1926
11512 0 3 4495 3825 1938
11513 0 3 3824 1935 4497
11514 0 3 4492 3826 1938
11515 0 2 4565 2024
11516 0 2 4566 2022
11517 0 2 1931 4497
11518 0 2 4568 2018
11519 0 2 2015 4569
11520 0 2 5874 4501
11521 0 2 5876 4506
11522 0 2 5877 4507
11523 0 1 4504
11524 0 2 4575 2006
11525 0 1 4576
11526 0 2 5878 4507
11527 0 1 4578
11528 0 1 4579
11529 0 4 5879 4512 3834 1976
11530 0 3 4521 3836 1988
11531 0 3 3835 1985 4523
11532 0 3 4518 3837 1988
11533 0 2 4542 2024
11534 0 2 4543 2022
11535 0 2 1981 4523
11536 0 2 4545 2018
11537 0 2 2015 4546
11538 0 3 4528 3838 2012
11539 0 2 4535 2024
11540 0 2 4536 2022
11541 0 2 4533 2024
11544 0 2 4536 2018
11547 0 2 1993 4540
11548 0 2 4545 2006
11549 0 2 2003 4546
11550 0 2 4543 2006
11553 0 2 1999 4546
11556 0 2 5886 4551
11557 0 2 5888 4558
11558 0 2 5890 4559
11559 0 1 4556
11560 0 2 4575 1970
11561 0 1 4576
11562 0 2 5893 4559
11563 0 1 4578
11564 0 1 4579
11565 0 1 4563
11566 0 2 4568 1970
11567 0 1 4569
11568 0 2 4566 1970
11571 0 1 4569
11574 0 2 5895 4573
11575 0 1 4578
11576 0 1 4579
11577 0 1 4576
11580 0 1 4579
11583 0 2 5897 4584
11584 0 2 5899 4593
11585 0 2 5901 4595
11586 0 2 5903 4590
11587 0 2 5905 4615
11588 0 2 5907 4616
11589 0 2 5909 4595
11590 0 2 5910 4618
11591 0 2 5912 4619
11592 0 2 5914 4601
11593 0 2 5916 4608
11594 0 2 5918 4609
11595 0 2 5920 4606
11596 0 3 5922 4671 1897
11597 0 2 5923 4672
11598 0 2 5924 4609
11599 0 2 5925 4674
11600 0 2 5926 4675
11601 0 2 5927 4613
11602 0 2 5929 4618
11603 0 2 5930 4619
11604 0 2 5931 4616
11605 0 2 5932 4681
11606 0 2 5933 4682
11607 0 2 5934 4619
11608 0 2 5935 4684
11609 0 2 5936 4685
11610 0 2 5937 4624
11611 0 2 5939 4631
11612 0 2 5941 4632
11613 0 1 4629
11614 0 2 4648 1897
11615 0 1 4649
11616 0 2 5944 4632
11617 0 1 4651
11618 0 1 4652
11619 0 1 4636
11620 0 2 4641 1897
11621 0 1 4642
11622 0 2 4639 1897
11625 0 1 4642
11628 0 2 5946 4646
11629 0 1 4651
11630 0 1 4652
11631 0 1 4649
11634 0 1 4652
11637 0 2 5948 4657
11638 0 2 5950 4664
11639 0 2 5952 4665
11640 0 2 5954 4662
11641 0 2 5956 4681
11642 0 2 5957 4682
11643 0 2 5958 4665
11644 0 2 5959 4684
11645 0 2 5960 4685
11646 0 2 5961 4669
11647 0 1 4674
11648 0 1 4675
11649 0 1 4672
11652 0 1 4675
11655 0 2 5963 4679
11656 0 2 5965 4684
11657 0 2 5966 4685
11658 0 1 4682
11661 0 2 5967 4685
11664 0 1 3233
11665 0 1 3242
11666 0 2 4690 3241
11667 0 1 3242
11668 0 1 3270
11669 0 1 3269
11670 0 2 4690 3239
11671 0 2 4703 3267
11672 0 2 3265 4705
11673 0 1 3263
11674 0 1 3270
11675 0 1 3269
11676 0 1 3270
11677 0 1 3356
11678 0 1 3355
11679 0 1 3267
11680 0 1 3353
11681 0 2 4741 3352
11682 0 2 4697 3248
11683 0 2 4703 3260
11684 0 2 3257 4705
11685 0 2 4701 3260
11686 0 2 4748 3347
11687 0 2 4750 3346
11688 0 2 3253 4705
11689 0 2 4753 3344
11690 0 2 3341 4755
11691 0 1 3327
11692 0 1 3334
11693 0 1 3333
11694 0 1 3334
11695 0 1 3356
11696 0 1 3355
11697 0 1 3331
11698 0 1 3353
11699 0 2 4712 3352
11700 0 1 3350
11701 0 1 3356
11702 0 1 3355
11703 0 1 3356
11704 0 1 3619
11705 0 1 3618
11706 0 1 3353
11707 0 1 3616
11708 0 1 3615
11709 0 1 3338
11710 0 1 3347
11711 0 2 4712 3346
11712 0 1 3347
11713 0 1 3610
11714 0 1 3609
11715 0 2 4712 3344
11716 0 2 4863 3607
11717 0 2 3605 4864
11718 0 2 4718 3276
11719 0 2 4727 3288
11720 0 2 3285 4728
11721 0 2 4724 3288
11722 0 2 4748 3324
11723 0 2 4750 3322
11724 0 2 3281 4728
11725 0 2 4753 3318
11726 0 2 3315 4755
11727 0 2 4733 3312
11728 0 2 4740 3324
11729 0 2 4741 3322
11730 0 2 4738 3324
11731 0 2 4883 3591
11732 0 2 4884 3590
11733 0 2 4741 3318
11734 0 2 4886 3588
11735 0 2 3586 4887
11736 0 2 3293 4746
11737 0 2 4753 3306
11738 0 2 3303 4755
11739 0 2 4750 3306
11740 0 2 4893 3581
11741 0 2 3578 4894
11742 0 2 3299 4755
11743 0 2 3574 4896
11744 0 2 3572 4897
11745 0 1 3521
11746 0 1 3528
11747 0 1 3527
11748 0 1 3528
11749 0 1 3550
11750 0 1 3549
11751 0 1 3525
11752 0 1 3547
11753 0 2 4762 3546
11754 0 1 3544
11755 0 1 3550
11756 0 1 3549
11757 0 1 3550
11758 0 1 3619
11759 0 1 3618
11760 0 1 3547
11761 0 1 3616
11762 0 1 3615
11763 0 1 3532
11764 0 1 3541
11765 0 2 4762 3540
11766 0 1 3541
11767 0 1 3610
11768 0 1 3609
11769 0 2 4762 3538
11770 0 2 4781 3607
11771 0 2 3605 4782
11772 0 1 3594
11773 0 1 3600
11774 0 1 3599
11775 0 1 3600
11776 0 1 3619
11777 0 1 3618
11778 0 1 3597
11779 0 1 3616
11780 0 1 3615
11781 0 1 3613
11782 0 1 3619
11783 0 1 3618
11784 0 1 3619
11787 0 1 3616
11790 0 1 3603
11791 0 1 3610
11792 0 1 3609
11793 0 1 3610
11796 0 1 3607
11799 0 1 3554
11800 0 1 3563
11801 0 2 4769 3562
11802 0 1 3563
11803 0 1 3591
11804 0 1 3590
11805 0 2 4769 3560
11806 0 2 4781 3588
11807 0 2 3586 4782
11808 0 1 3584
11809 0 1 3591
11810 0 1 3590
11811 0 1 3591
11814 0 1 3588
11817 0 2 4775 3569
11818 0 2 4781 3581
11819 0 2 3578 4782
11820 0 2 4779 3581
11823 0 2 3574 4782
11826 0 2 4787 3362
11827 0 2 4796 3374
11828 0 2 3371 4798
11829 0 2 4793 3374
11830 0 2 4821 3410
11831 0 2 4822 3408
11832 0 2 3367 4798
11833 0 2 4824 3404
11834 0 2 3401 4825
11835 0 2 4804 3398
11836 0 2 4813 3410
11837 0 2 4815 3408
11838 0 2 4810 3410
11839 0 2 4883 3518
11840 0 2 4884 3516
11841 0 2 4815 3404
11842 0 2 4886 3512
11843 0 2 3509 4887
11844 0 2 3379 4819
11845 0 2 4824 3392
11846 0 2 3389 4825
11847 0 2 4822 3392
11848 0 2 4893 3500
11849 0 2 3497 4894
11850 0 2 3385 4825
11851 0 2 3493 4896
11852 0 2 3491 4897
11853 0 2 4830 3470
11854 0 2 4839 3482
11855 0 2 4841 3480
11856 0 2 4836 3482
11857 0 2 4860 3518
11858 0 2 4861 3516
11859 0 2 4841 3476
11860 0 2 4863 3512
11861 0 2 3509 4864
11862 0 2 4846 3506
11863 0 2 4853 3518
11864 0 2 4854 3516
11865 0 2 4851 3518
11868 0 2 4854 3512
11871 0 2 4858 3488
11872 0 2 4863 3500
11873 0 2 3497 4864
11874 0 2 4861 3500
11877 0 2 3493 4864
11880 0 2 3415 4869
11881 0 2 4876 3428
11882 0 2 3425 4877
11883 0 2 4874 3428
11884 0 2 4893 3464
11885 0 2 3461 4894
11886 0 2 3421 4877
11887 0 2 3457 4896
11888 0 2 3455 4897
11889 0 2 4881 3452
11890 0 2 4886 3464
11891 0 2 3461 4887
11892 0 2 4884 3464
11895 0 2 3457 4887
11898 0 2 3433 4891
11899 0 2 3445 4896
11900 0 2 3443 4897
11901 0 2 3445 4894
11904 0 2 3439 4897
11907 0 1 3841
11908 0 1 3848
11909 0 1 3847
11910 0 1 3848
11911 0 1 3870
11912 0 1 3869
11913 0 1 3845
11914 0 1 3867
11915 0 2 4903 3866
11916 0 1 3864
11917 0 1 3870
11918 0 1 3869
11919 0 1 3870
11920 0 1 3932
11921 0 1 3931
11922 0 1 3867
11923 0 1 3929
11924 0 1 3928
11925 0 1 3852
11926 0 1 3861
11927 0 2 4903 3860
11928 0 1 3861
11929 0 1 3923
11930 0 1 3922
11931 0 2 4903 3858
11932 0 1 3920
11933 0 1 3919
11934 0 1 3908
11935 0 1 3914
11936 0 1 3913
11937 0 1 3914
11938 0 1 3932
11939 0 1 3931
11940 0 1 3911
11941 0 1 3929
11942 0 1 3928
11943 0 1 3926
11944 0 1 3932
11945 0 1 3931
11946 0 1 3932
11949 0 1 3929
11952 0 1 3917
11953 0 1 3923
11954 0 1 3922
11955 0 1 3923
11958 0 1 3920
11961 0 1 3874
11962 0 1 3883
11963 0 2 4908 3882
11964 0 1 3883
11965 0 1 3905
11966 0 1 3904
11967 0 2 4908 3880
11968 0 1 3902
11969 0 1 3901
11970 0 1 3899
11971 0 1 3905
11972 0 1 3904
11973 0 1 3905
11976 0 1 3902
11979 0 2 4912 3889
11980 0 1 3896
11981 0 1 3895
11982 0 1 3896
11985 0 1 3893
11988 0 1 3968
11989 0 1 3974
11990 0 1 3973
11991 0 1 3974
11992 0 1 3992
11993 0 1 3991
11994 0 1 3971
11995 0 1 3989
11996 0 1 3988
11997 0 1 3986
11998 0 1 3992
11999 0 1 3991
12000 0 1 3992
12003 0 1 3989
12006 0 1 3977
12007 0 1 3983
12008 0 1 3982
12009 0 1 3983
12012 0 1 3980
12015 0 1 4000
12016 0 1 4006
12017 0 1 4005
12018 0 1 4006
12021 0 1 4003
12024 0 1 4010
12042 0 1 3995
12069 0 1 3936
12070 0 1 3945
12071 0 2 4918 3944
12072 0 1 3945
12075 0 2 4918 3942
12078 0 1 3953
12087 0 1 4922
12096 0 1 3963
12123 0 1 4927
12150 0 2 4934 3625
12151 0 2 4943 3637
12152 0 2 3634 4945
12153 0 2 4940 3637
12154 0 2 4969 3673
12155 0 2 4971 3671
12156 0 2 3630 4945
12157 0 2 4974 3667
12158 0 2 3664 4976
12159 0 2 4951 3661
12160 0 2 4960 3673
12161 0 2 4962 3671
12162 0 2 4957 3673
12163 0 1 5036
12164 0 1 5037
12165 0 2 4962 3667
12166 0 1 5039
12167 0 1 5040
12168 0 2 3642 4967
12169 0 2 4974 3655
12170 0 2 3652 4976
12171 0 2 4971 3655
12172 0 1 5046
12173 0 1 5047
12174 0 2 3648 4976
12175 0 1 5049
12176 0 1 5050
12177 0 2 4982 3711
12178 0 2 4991 3723
12179 0 2 4993 3721
12180 0 2 4988 3723
12181 0 1 5013
12182 0 1 5014
12183 0 2 4993 3717
12184 0 1 5016
12185 0 1 5017
12186 0 2 4999 3739
12187 0 1 5006
12188 0 1 5007
12189 0 1 5004
12192 0 1 5007
12195 0 1 5011
12196 0 1 5016
12197 0 1 5017
12198 0 1 5014
12201 0 1 5017
12204 0 2 3678 5022
12205 0 1 5029
12206 0 1 5030
12207 0 1 5027
12208 0 1 5046
12209 0 1 5047
12210 0 1 5030
12211 0 1 5049
12212 0 1 5050
12213 0 1 5034
12214 0 1 5039
12215 0 1 5040
12216 0 1 5037
12219 0 1 5040
12222 0 1 5044
12223 0 1 5049
12224 0 1 5050
12225 0 1 5047
12228 0 1 5050
12231 0 2 5055 3804
12232 0 2 5062 3816
12233 0 2 5063 3814
12234 0 2 5060 3816
12237 0 2 5063 3810
12240 0 1 3825
12249 0 1 5068
12258 0 1 3836
12285 0 1 5074
12312 0 2 3751 5081
12313 0 1 5090
12314 0 1 5092
12315 0 1 5087
12316 0 1 5112
12317 0 1 5113
12318 0 1 5092
12319 0 1 5115
12320 0 1 5116
12321 0 1 5098
12322 0 1 5105
12323 0 1 5106
12324 0 1 5103
12327 0 1 5106
12330 0 1 5110
12331 0 1 5115
12332 0 1 5116
12333 0 1 5113
12336 0 1 5116
12339 0 1 5120
12366 0 1 5127
12367 0 1 5134
12368 0 1 5135
12369 0 1 5132
12372 0 1 5135
12384 0 1 5140
12393 4 1 5146
12394 4 2 2518 5155
12395 4 1 5157
12396 4 2 2518 5152
12397 4 2 5181 2543
12398 4 2 2540 5183
12399 4 1 5157
12400 4 1 5186
12401 4 1 5188
12402 4 2 2530 5163
12403 4 2 5172 2543
12404 4 2 2540 5174
12405 4 2 5169 2543
12406 4 2 5256 2621
12407 4 2 2618 5258
12408 4 2 2536 5174
12409 4 2 2614 5261
12410 4 2 2612 5263
12411 4 1 5179
12412 4 1 5186
12413 4 1 5188
12414 4 1 5183
12415 4 2 2602 5270
12416 4 1 5272
12417 4 1 5188
12418 4 1 5275
12419 4 1 5277
12420 4 2 2572 5194
12421 4 2 5203 2585
12422 4 2 2582 5205
12423 4 2 5200 2585
12424 4 2 5229 2621
12425 4 2 2618 5231
12426 4 2 2578 5205
12427 4 2 2614 5234
12428 4 2 2612 5236
12429 4 2 5211 2609
12430 4 2 5220 2621
12431 4 2 2618 5222
12432 4 2 5217 2621
12433 4 2 5474 2868
12434 4 2 5476 2866
12435 4 2 2614 5222
12436 4 2 5479 2862
12437 4 2 2859 5481
12438 4 2 2590 5227
12439 4 2 2602 5234
12440 4 2 2600 5236
12441 4 2 2602 5231
12442 4 2 5488 2850
12443 4 2 2847 5490
12444 4 2 2596 5236
12445 4 2 2843 5493
12446 4 2 2841 5495
12447 4 1 5242
12448 4 1 5249
12449 4 1 5250
12450 4 1 5247
12451 4 2 2566 5270
12452 4 1 5272
12453 4 1 5250
12454 4 1 5275
12455 4 1 5277
12456 4 1 5254
12457 4 2 2566 5261
12458 4 1 5263
12459 4 2 2566 5258
12460 4 2 5515 2814
12461 4 2 2811 5517
12462 4 1 5263
12463 4 1 5520
12464 4 1 5522
12465 4 1 5268
12466 4 1 5275
12467 4 1 5277
12468 4 1 5272
12469 4 1 5529
12470 4 1 5531
12471 4 1 5277
12472 4 1 5534
12473 4 1 5536
12474 4 2 2711 5283
12475 4 2 5292 2724
12476 4 2 2721 5294
12477 4 2 5289 2724
12478 4 2 5318 2760
12479 4 2 2757 5320
12480 4 2 2717 5294
12481 4 2 2753 5323
12482 4 2 2751 5325
12483 4 2 5300 2748
12484 4 2 5309 2760
12485 4 2 2757 5311
12486 4 2 5306 2760
12487 4 2 5393 2868
12488 4 2 5395 2866
12489 4 2 2753 5311
12490 4 2 5398 2862
12491 4 2 2859 5400
12492 4 2 2729 5316
12493 4 2 2741 5323
12494 4 2 2739 5325
12495 4 2 2741 5320
12496 4 2 5407 2850
12497 4 2 2847 5409
12498 4 2 2735 5325
12499 4 2 2843 5412
12500 4 2 2841 5414
12501 4 2 5331 2820
12502 4 2 5340 2832
12503 4 2 2829 5342
12504 4 2 5337 2832
12505 4 2 5366 2868
12506 4 2 5368 2866
12507 4 2 2825 5342
12508 4 2 5371 2862
12509 4 2 2859 5373
12510 4 2 5348 2856
12511 4 2 5357 2868
12512 4 2 5359 2866
12513 4 2 5354 2868
12516 4 2 5359 2862
12519 4 2 2837 5364
12520 4 2 5371 2850
12521 4 2 2847 5373
12522 4 2 5368 2850
12525 4 2 2843 5373
12528 4 2 2765 5379
12529 4 2 2777 5386
12530 4 2 2775 5387
12531 4 2 2777 5384
12532 4 2 5407 2814
12533 4 2 2811 5409
12534 4 2 2771 5387
12535 4 2 2807 5412
12536 4 2 2805 5414
12537 4 2 2801 5391
12538 4 2 5398 2814
12539 4 2 2811 5400
12540 4 2 5395 2814
12543 4 2 2807 5400
12546 4 2 2783 5405
12547 4 2 2795 5412
12548 4 2 2793 5414
12549 4 2 2795 5409
12552 4 2 2789 5414
12555 4 1 5420
12556 4 1 5429
12557 4 1 5431
12558 4 1 5426
12559 4 2 2644 5451
12560 4 1 5452
12561 4 1 5431
12562 4 1 5454
12563 4 1 5455
12564 4 1 5437
12565 4 2 2644 5444
12566 4 1 5445
12567 4 2 2644 5442
12568 4 2 5515 2706
12569 4 2 2703 5517
12570 4 1 5445
12571 4 1 5520
12572 4 1 5522
12573 4 1 5449
12574 4 1 5454
12575 4 1 5455
12576 4 1 5452
12577 4 1 5529
12578 4 1 5531
12579 4 1 5455
12580 4 1 5534
12581 4 1 5536
12582 4 1 5460
12583 4 2 2677 5467
12584 4 1 5468
12585 4 2 2677 5465
12586 4 2 5488 2706
12587 4 2 2703 5490
12588 4 1 5468
12589 4 1 5493
12590 4 1 5495
12591 4 2 2693 5472
12592 4 2 5479 2706
12593 4 2 2703 5481
12594 4 2 5476 2706
12597 4 2 2699 5481
12600 4 1 5486
12601 4 1 5493
12602 4 1 5495
12603 4 1 5490
12606 4 1 5495
12609 4 1 5501
12610 4 1 5508
12611 4 1 5509
12612 4 1 5506
12613 4 1 5529
12614 4 1 5531
12615 4 1 5509
12616 4 1 5534
12617 4 1 5536
12618 4 1 5513
12619 4 1 5520
12620 4 1 5522
12621 4 1 5517
12624 4 1 5522
12627 4 1 5527
12628 4 1 5534
12629 4 1 5536
12630 4 1 5531
12633 4 1 5536
12636 4 2 3015 5542
12637 4 2 5551 3028
12638 4 2 3025 5553
12639 4 2 5548 3028
12640 4 2 5577 3064
12641 4 2 3061 5579
12642 4 2 3021 5553
12643 4 2 3057 5582
12644 4 2 3055 5584
12645 4 2 5559 3052
12646 4 2 5568 3064
12647 4 2 3061 5570
12648 4 2 5565 3064
12649 4 1 3137
12650 4 1 3136
12651 4 2 3057 5570
12652 4 1 3134
12653 4 1 3133
12654 4 2 3033 5575
12655 4 2 3045 5582
12656 4 2 3043 5584
12657 4 2 3045 5579
12658 4 1 3128
12659 4 1 3127
12660 4 2 3039 5584
12661 4 1 3125
12662 4 1 3124
12663 4 2 5590 3111
12664 4 1 3118
12665 4 1 3117
12666 4 1 3118
12667 4 1 3137
12668 4 1 3136
12669 4 1 3115
12670 4 1 3134
12671 4 1 3133
12672 4 1 3131
12673 4 1 3137
12674 4 1 3136
12675 4 1 3137
12678 4 1 3134
12681 4 1 3122
12682 4 1 3128
12683 4 1 3127
12684 4 1 3128
12687 4 1 3125
12690 4 2 3069 5616
12691 4 2 3081 5623
12692 4 2 3079 5624
12693 4 2 3081 5621
12694 4 1 3105
12695 4 1 3104
12696 4 2 3075 5624
12697 4 1 3102
12698 4 1 3101
12699 4 1 3099
12700 4 1 3105
12701 4 1 3104
12702 4 1 3105
12705 4 1 3102
12708 4 2 3087 5634
12709 4 1 3095
12710 4 1 3094
12711 4 1 3095
12714 4 1 3092
12717 4 2 5644 3183
12718 4 1 3190
12719 4 1 3189
12720 4 1 3190
12721 4 1 3209
12722 4 1 3208
12723 4 1 3187
12724 4 1 3206
12725 4 1 3205
12726 4 1 3203
12727 4 1 3209
12728 4 1 3208
12729 4 1 3209
12732 4 1 3206
12735 4 1 3194
12736 4 1 3200
12737 4 1 3199
12738 4 1 3200
12741 4 1 3197
12744 4 1 3218
12745 4 1 3224
12746 4 1 3223
12747 4 1 3224
12750 4 1 3221
12753 4 1 3228
12771 4 1 3213
12798 4 2 3142 5690
12799 4 2 3154 5699
12800 4 2 3152 5701
12801 4 2 3154 5696
12804 4 2 3148 5701
12807 4 1 3164
12816 4 1 5711
12825 4 1 3175
12852 4 1 5724
12879 4 1 5735
12880 4 1 5744
12881 4 1 5746
12882 4 1 5741
12883 4 2 2891 5770
12884 4 1 5772
12885 4 1 5746
12886 4 1 5775
12887 4 1 5777
12888 4 1 5752
12889 4 2 2891 5761
12890 4 1 5763
12891 4 2 2891 5758
12892 4 1 5837
12893 4 1 5838
12894 4 1 5763
12895 4 1 5840
12896 4 1 5841
12897 4 1 5768
12898 4 1 5775
12899 4 1 5777
12900 4 1 5772
12901 4 1 5847
12902 4 1 5848
12903 4 1 5777
12904 4 1 5850
12905 4 1 5851
12906 4 1 5783
12907 4 2 2923 5792
12908 4 1 5794
12909 4 2 2923 5789
12910 4 1 5814
12911 4 1 5815
12912 4 1 5794
12913 4 1 5817
12914 4 1 5818
12915 4 2 2938 5800
12916 4 1 5807
12917 4 1 5808
12918 4 1 5805
12921 4 1 5808
12924 4 1 5812
12925 4 1 5817
12926 4 1 5818
12927 4 1 5815
12930 4 1 5818
12933 4 1 5823
12934 4 1 5830
12935 4 1 5831
12936 4 1 5828
12937 4 1 5847
12938 4 1 5848
12939 4 1 5831
12940 4 1 5850
12941 4 1 5851
12942 4 1 5835
12943 4 1 5840
12944 4 1 5841
12945 4 1 5838
12948 4 1 5841
12951 4 1 5845
12952 4 1 5850
12953 4 1 5851
12954 4 1 5848
12957 4 1 5851
12960 4 1 5856
12961 4 2 2989 5865
12962 4 1 5867
12963 4 2 2989 5862
12966 4 1 5867
12969 4 1 2998
12978 4 1 5877
12987 4 1 3008
13014 4 1 5890
13041 4 1 5901
13042 4 1 5910
13043 4 1 5912
13044 4 1 5907
13045 4 1 5932
13046 4 1 5933
13047 4 1 5912
13048 4 1 5935
13049 4 1 5936
13050 4 1 5918
13051 4 1 5925
13052 4 1 5926
13053 4 1 5923
13056 4 1 5926
13059 4 1 5930
13060 4 1 5935
13061 4 1 5936
13062 4 1 5933
13065 4 1 5936
13068 4 1 5941
13095 4 1 5952
13096 4 1 5959
13097 4 1 5960
13098 4 1 5957
13101 4 1 5960
13113 4 1 5966
13123 0 2 4012 4013
13125 0 2 4014 4013
13126 0 2 4017 4018
13127 0 4 4015 4016 1390 4
13129 0 2 1386 2
13131 0 2 4021 4022
13132 0 2 4024 4018
13133 0 4 4023 4016 1402 6
13134 0 2 4031 4018
13135 0 2 4034 4035
13136 0 2 4032 4033
13137 0 4 4025 4026 1406 6
13138 0 2 4029 4030
13139 0 4 4027 4028 1408 23
13141 0 2 1393 2
13143 0 2 1395 4
13144 0 4 1398 4019 17 4020
13145 0 2 1396 16
13147 0 2 1394 14
13149 0 2 4044 4045
13150 0 2 4048 4049
13151 0 4 4046 4047 1444 12
13152 0 2 4054 4049
13153 0 2 4056 4035
13154 0 2 4055 4033
13155 0 4 4050 4051 1448 12
13156 0 2 4053 4030
13157 0 4 4052 4028 1450 30
13158 0 2 4073 4074
13159 0 2 4076 4035
13160 0 2 4075 4033
13161 0 2 4082 4035
13162 0 2 4085 4086
13163 0 2 4083 4084
13164 0 2 4077 4030
13165 0 2 4080 4081
13166 0 4 4078 4079 1486 107
13167 0 4 4057 4058 1460 21
13168 0 2 4061 4020
13169 0 4 4059 4060 1462 30
13170 0 2 4068 4020
13171 0 2 4071 4072
13172 0 4 4069 4070 1474 95
13173 0 4 4062 4063 1466 30
13174 0 4 4066 4067 1470 93
13175 0 4 4064 4065 1468 92
13177 0 2 1417 8
13179 0 2 1419 10
13180 0 4 1422 4036 17 4037
13181 0 2 1420 16
13183 0 2 1418 14
13185 0 2 1428 19
13186 0 4 1431 4038 24 4037
13187 0 2 1429 23
13188 0 4 1436 4039 27 4037
13189 0 4 1439 73 4042 4043
13190 0 4 4040 4041 1438 72
13191 0 2 1432 23
13192 0 2 1434 70
13193 0 2 1433 69
13195 0 2 1423 14
13197 0 2 1425 16
13198 0 2 1427 64
13199 0 2 1426 63
13201 0 2 1424 61
13203 0 2 4119 4120
13204 0 2 4123 4124
13205 0 4 4121 4122 1583 36
13206 0 2 4131 4124
13207 0 2 4134 4135
13208 0 2 4132 4133
13209 0 4 4125 4126 1587 36
13210 0 2 4129 4130
13211 0 4 4127 4128 1589 54
13212 0 2 4149 4150
13213 0 2 4152 4135
13214 0 2 4151 4133
13215 0 2 4156 4135
13216 0 2 4158 4086
13217 0 2 4157 4084
13218 0 2 4153 4130
13219 0 2 4155 4081
13220 0 4 4154 4079 1625 97
13221 0 4 4136 4137 1599 45
13222 0 2 4140 4141
13223 0 4 4138 4139 1601 54
13224 0 2 4146 4141
13225 0 2 4148 4072
13226 0 4 4147 4070 1613 109
13227 0 4 4142 4143 1605 54
13228 0 4 4145 4067 1609 113
13229 0 4 4144 4065 1607 115
13230 0 2 4205 4206
13231 0 2 4209 4210
13232 0 2 4207 4208
13233 0 2 4215 4210
13234 0 2 4217 4086
13235 0 2 4216 4084
13236 0 2 4211 4212
13237 0 2 4214 4081
13238 0 4 4213 4079 1697 74
13239 0 2 4232 4233
13240 0 2 4235 4086
13241 0 2 4234 4084
13242 0 2 4241 4086
13243 0 2 4244 4245
13244 0 2 4242 4243
13245 0 2 4236 4081
13246 0 2 4239 4240
13247 0 2 4237 4238
13248 0 2 4218 4219
13249 0 2 4221 4072
13250 0 4 4220 4070 1709 74
13251 0 2 4227 4072
13252 0 2 4230 4231
13253 0 2 4228 4229
13254 0 4 4222 4067 1713 74
13255 0 2 4225 4226
13256 0 4 4223 4224 1715 372
13257 0 4 4159 4160 1635 78
13258 0 2 4163 4164
13259 0 4 4161 4162 1637 87
13260 0 2 4171 4164
13261 0 2 4173 4043
13262 0 4 4172 4041 1649 109
13263 0 4 4165 4166 1641 87
13264 0 4 4169 4170 1645 113
13265 0 4 4167 4168 1643 115
13266 0 2 4191 4192
13267 0 2 4194 4043
13268 0 4 4193 4041 1673 97
13269 0 2 4200 4043
13270 0 2 4203 4204
13271 0 2 4201 4202
13272 0 4 4195 4170 1677 97
13273 0 2 4198 4199
13274 0 4 4196 4197 1679 337
13275 0 4 4174 4175 1653 103
13276 0 4 4178 4179 1657 113
13277 0 4 4176 4177 1655 115
13278 0 4 4186 4179 1665 109
13279 0 4 1669 4189 331 4190
13280 0 4 4187 4188 1667 330
13281 0 4 4180 4181 1659 115
13282 0 4 4184 4185 1663 328
13283 0 4 4182 4183 1661 327
13285 0 2 1495 32
13287 0 2 1497 34
13288 0 4 1500 4087 41 4088
13289 0 2 1498 40
13291 0 2 1496 38
13293 0 2 1506 43
13294 0 4 1509 4089 48 4088
13295 0 2 1507 47
13296 0 4 1514 4090 51 4088
13297 0 4 1517 73 4093 4094
13298 0 4 4091 4092 1516 72
13299 0 2 1510 47
13300 0 2 1512 70
13301 0 2 1511 69
13303 0 2 1501 38
13305 0 2 1503 40
13306 0 2 1505 64
13307 0 2 1504 63
13309 0 2 1502 61
13311 0 2 1539 76
13312 0 4 1542 4097 81 4098
13313 0 2 1540 80
13314 0 4 1547 4099 84 4098
13315 0 4 1550 96 4101 4094
13316 0 4 4100 4092 1549 95
13317 0 2 1543 80
13318 0 2 1545 93
13319 0 2 1544 92
13320 0 4 1563 4104 100 4105
13321 0 4 1566 108 4107 4094
13322 0 4 4106 4092 1565 107
13323 0 4 1574 112 4114 4094
13324 0 4 1578 270 4117 4118
13325 0 4 1577 4115 268 4116
13326 0 4 4108 4109 1569 107
13327 0 4 1573 4112 265 4113
13328 0 4 4110 4111 1571 264
13329 0 2 1552 89
13330 0 2 1554 93
13331 0 2 1553 92
13332 0 2 1558 95
13333 0 4 1561 4102 258 4103
13334 0 2 1559 257
13335 0 2 1555 92
13336 0 2 1557 255
13337 0 2 1556 254
13339 0 2 1519 56
13341 0 2 1521 58
13342 0 2 1523 64
13343 0 2 1522 63
13345 0 2 1520 61
13347 0 2 1529 66
13348 0 2 1531 70
13349 0 2 1530 69
13350 0 2 1535 72
13351 0 4 1538 4095 239 4096
13352 0 2 1536 238
13353 0 2 1532 69
13354 0 2 1534 236
13355 0 2 1533 235
13357 0 2 1524 61
13359 0 2 1526 63
13360 0 2 1528 230
13361 0 2 1527 229
13363 0 2 1525 227
13365 0 2 4344 4345
13366 0 2 4348 4349
13367 0 4 4346 4347 2028 121
13368 0 2 4356 4349
13369 0 2 4359 4360
13370 0 2 4357 4358
13371 0 4 4350 4351 2032 121
13372 0 2 4354 4355
13373 0 4 4352 4353 2034 139
13374 0 2 4378 4379
13375 0 2 4381 4360
13376 0 2 4380 4358
13377 0 2 4387 4360
13378 0 2 4390 4391
13379 0 2 4388 4389
13380 0 2 4382 4355
13381 0 2 4385 4386
13382 0 4 4383 4384 2070 182
13383 0 4 4361 4362 2044 130
13384 0 2 4365 4366
13385 0 4 4363 4364 2046 139
13386 0 2 4373 4366
13387 0 2 4376 4377
13388 0 4 4374 4375 2058 194
13389 0 4 4367 4368 2050 139
13390 0 4 4371 4372 2054 198
13391 0 4 4369 4370 2052 200
13392 0 2 4432 4433
13393 0 2 4436 4437
13394 0 2 4434 4435
13395 0 2 4442 4437
13396 0 2 4444 4391
13397 0 2 4443 4389
13398 0 2 4438 4439
13399 0 2 4441 4386
13400 0 4 4440 4384 2142 159
13401 0 2 4455 4456
13402 0 2 4458 4391
13403 0 2 4457 4389
13404 0 2 4462 4391
13405 0 2 4464 4245
13406 0 2 4463 4243
13407 0 2 4459 4386
13408 0 2 4461 4240
13409 0 2 4460 4238
13410 0 2 4445 4446
13411 0 2 4448 4377
13412 0 4 4447 4375 2154 159
13413 0 2 4452 4377
13414 0 2 4454 4231
13415 0 2 4453 4229
13416 0 4 4449 4372 2158 159
13417 0 2 4451 4226
13418 0 4 4450 4224 2160 344
13419 0 4 4392 4393 2080 163
13420 0 2 4396 4397
13421 0 4 4394 4395 2082 172
13422 0 2 4404 4397
13423 0 2 4407 4408
13424 0 4 4405 4406 2094 194
13425 0 4 4398 4399 2086 172
13426 0 4 4402 4403 2090 198
13427 0 4 4400 4401 2088 200
13428 0 2 4422 4423
13429 0 2 4425 4408
13430 0 4 4424 4406 2118 182
13431 0 2 4429 4408
13432 0 2 4431 4204
13433 0 2 4430 4202
13434 0 4 4426 4403 2122 182
13435 0 2 4428 4199
13436 0 4 4427 4197 2124 380
13437 0 4 4409 4410 2098 188
13438 0 4 4413 4414 2102 198
13439 0 4 4411 4412 2100 200
13440 0 4 4419 4414 2110 194
13441 0 4 2114 4421 390 4190
13442 0 4 4420 4188 2112 392
13443 0 4 4415 4416 2104 200
13444 0 4 4418 4185 2108 396
13445 0 4 4417 4183 2106 398
13446 0 2 4580 4581
13447 0 2 4584 4585
13448 0 2 4582 4583
13449 0 2 4592 4585
13450 0 2 4595 4596
13451 0 2 4593 4594
13452 0 2 4586 4587
13453 0 2 4590 4591
13454 0 4 4588 4589 2358 220
13455 0 2 4610 4611
13456 0 2 4613 4596
13457 0 2 4612 4594
13458 0 2 4617 4596
13459 0 2 4619 4245
13460 0 2 4618 4243
13461 0 2 4614 4591
13462 0 2 4616 4240
13463 0 2 4615 4238
13464 0 2 4597 4598
13465 0 2 4601 4602
13466 0 4 4599 4600 2370 220
13467 0 2 4607 4602
13468 0 2 4609 4231
13469 0 2 4608 4229
13470 0 4 4603 4604 2374 220
13471 0 2 4606 4226
13472 0 4 4605 4224 2376 271
13473 0 2 4653 4654
13474 0 2 4657 4658
13475 0 2 4655 4656
13476 0 2 4663 4658
13477 0 2 4665 4245
13478 0 2 4664 4243
13479 0 2 4659 4660
13480 0 2 4662 4240
13481 0 2 4661 4238
13482 0 2 4676 4677
13483 0 2 4679 4245
13484 0 2 4678 4243
13485 0 2 4683 4245
13486 0 1 4685
13487 0 1 4684
13488 0 2 4680 4240
13489 0 1 4682
13490 0 1 4681
13491 0 2 4666 4667
13492 0 2 4669 4231
13493 0 2 4668 4229
13494 0 2 4673 4231
13495 0 1 4675
13496 0 1 4674
13497 0 2 4670 4226
13498 0 1 4672
13499 0 2 4671 2484
13500 0 2 4620 4621
13501 0 2 4624 4625
13502 0 4 4622 4623 2406 249
13503 0 2 4630 4625
13504 0 2 4632 4204
13505 0 2 4631 4202
13506 0 4 4626 4627 2410 249
13507 0 2 4629 4199
13508 0 4 4628 4197 2412 271
13509 0 2 4643 4644
13510 0 2 4646 4204
13511 0 2 4645 4202
13512 0 2 4650 4204
13513 0 1 4652
13514 0 1 4651
13515 0 2 4647 4199
13516 0 1 4649
13517 0 2 4648 2448
13518 0 4 4633 4634 2422 262
13519 0 2 4636 4190
13520 0 4 4635 4188 2424 271
13521 0 2 4640 4190
13522 0 1 4642
13523 0 2 4641 2436
13524 0 4 4637 4185 2428 271
13525 0 2 4639 2432
13526 0 2 4638 2430
13527 0 4 4465 4466 2188 275
13528 0 2 4469 4470
13529 0 4 4467 4468 2190 284
13530 0 2 4477 4470
13531 0 2 4480 4481
13532 0 4 4478 4479 2202 306
13533 0 4 4471 4472 2194 284
13534 0 4 4475 4476 2198 310
13535 0 4 4473 4474 2196 312
13536 0 2 4498 4499
13537 0 2 4501 4481
13538 0 4 4500 4479 2226 294
13539 0 2 4505 4481
13540 0 2 4507 4118
13541 0 2 4506 4116
13542 0 4 4502 4476 2230 294
13543 0 2 4504 4113
13544 0 4 4503 4111 2232 380
13545 0 4 4482 4483 2206 300
13546 0 4 4486 4487 2210 310
13547 0 4 4484 4485 2208 312
13548 0 4 4494 4487 2218 306
13549 0 4 2222 4497 390 4103
13550 0 4 4495 4496 2220 392
13551 0 4 4488 4489 2212 312
13552 0 4 4492 4493 2216 396
13553 0 4 4490 4491 2214 398
13554 0 2 4547 4548
13555 0 2 4551 4552
13556 0 4 4549 4550 2298 322
13557 0 2 4557 4552
13558 0 2 4559 4118
13559 0 2 4558 4116
13560 0 4 4553 4554 2302 322
13561 0 2 4556 4113
13562 0 4 4555 4111 2304 344
13563 0 2 4570 4571
13564 0 2 4573 4118
13565 0 2 4572 4116
13566 0 2 4577 4118
13567 0 1 4579
13568 0 1 4578
13569 0 2 4574 4113
13570 0 1 4576
13571 0 2 4575 2340
13572 0 4 4560 4561 2314 335
13573 0 2 4563 4103
13574 0 4 4562 4496 2316 344
13575 0 2 4567 4103
13576 0 1 4569
13577 0 2 4568 2328
13578 0 4 4564 4493 2320 344
13579 0 2 4566 2324
13580 0 2 4565 2322
13581 0 4 4508 4509 2242 350
13582 0 4 4512 4513 2246 360
13583 0 4 4510 4511 2244 362
13584 0 4 4520 4513 2254 356
13585 0 4 2258 4523 390 4096
13586 0 4 4521 4522 2256 392
13587 0 4 4514 4515 2248 362
13588 0 4 4518 4519 2252 396
13589 0 4 4516 4517 2250 398
13590 0 4 4537 4538 2278 368
13591 0 4 2282 4540 378 4096
13592 0 4 4539 4522 2280 380
13593 0 4 2290 4544 373 4096
13594 0 2 2293 4546
13595 0 2 4545 2292
13596 0 4 4541 4519 2284 380
13597 0 2 4543 2288
13598 0 2 4542 2286
13599 0 4 4524 4525 2260 386
13600 0 4 4528 4529 2264 396
13601 0 4 4526 4527 2262 398
13602 0 4 4534 4529 2272 392
13603 0 2 4536 2276
13604 0 2 4535 2274
13605 0 4 4530 4531 2266 398
13606 0 2 4533 2270
13607 0 2 4532 2268
13609 0 2 1742 117
13611 0 2 1744 119
13612 0 4 1747 4246 126 4247
13613 0 2 1745 125
13615 0 2 1743 123
13617 0 2 1753 128
13618 0 4 1756 4248 133 4247
13619 0 2 1754 132
13620 0 4 1761 4249 136 4247
13621 0 4 1764 158 4252 4253
13622 0 4 4250 4251 1763 157
13623 0 2 1757 132
13624 0 2 1759 155
13625 0 2 1758 154
13627 0 2 1748 123
13629 0 2 1750 125
13630 0 2 1752 149
13631 0 2 1751 148
13633 0 2 1749 146
13635 0 2 1786 161
13636 0 4 1789 4256 166 4257
13637 0 2 1787 165
13638 0 4 1794 4258 169 4257
13639 0 4 1797 181 4260 4253
13640 0 4 4259 4251 1796 180
13641 0 2 1790 165
13642 0 2 1792 178
13643 0 2 1791 177
13644 0 4 1810 4263 185 4264
13645 0 4 1813 193 4266 4253
13646 0 4 4265 4251 1812 192
13647 0 4 1821 197 4273 4253
13648 0 4 1825 270 4276 4277
13649 0 4 1824 4274 268 4275
13650 0 4 4267 4268 1816 192
13651 0 4 1820 4271 265 4272
13652 0 4 4269 4270 1818 264
13653 0 2 1799 174
13654 0 2 1801 178
13655 0 2 1800 177
13656 0 2 1805 180
13657 0 4 1808 4261 258 4262
13658 0 2 1806 257
13659 0 2 1802 177
13660 0 2 1804 255
13661 0 2 1803 254
13663 0 2 1766 141
13665 0 2 1768 143
13666 0 2 1770 149
13667 0 2 1769 148
13669 0 2 1767 146
13671 0 2 1776 151
13672 0 2 1778 155
13673 0 2 1777 154
13674 0 2 1782 157
13675 0 4 1785 4254 239 4255
13676 0 2 1783 238
13677 0 2 1779 154
13678 0 2 1781 236
13679 0 2 1780 235
13681 0 2 1771 146
13683 0 2 1773 148
13684 0 2 1775 230
13685 0 2 1774 229
13687 0 2 1772 227
13689 0 2 1898 273
13690 0 4 1901 4285 278 4286
13691 0 2 1899 277
13692 0 4 1906 4287 281 4286
13693 0 4 1909 293 4290 4291
13694 0 4 4288 4289 1908 292
13695 0 2 1902 277
13696 0 2 1904 290
13697 0 2 1903 289
13698 0 4 1922 4293 297 4294
13699 0 4 1925 305 4296 4291
13700 0 4 4295 4289 1924 304
13701 0 4 1933 309 4301 4291
13702 0 4 1937 343 4303 4277
13703 0 4 1936 4302 341 4275
13704 0 4 4297 4298 1928 304
13705 0 4 1932 4300 338 4272
13706 0 4 4299 4270 1930 337
13707 0 2 1911 286
13708 0 2 1913 290
13709 0 2 1912 289
13710 0 2 1917 292
13711 0 4 1920 4292 331 4262
13712 0 2 1918 330
13713 0 2 1914 289
13714 0 2 1916 328
13715 0 2 1915 327
13716 0 4 1972 4309 347 4310
13717 0 4 1975 355 4313 4314
13718 0 4 4311 4312 1974 354
13719 0 4 1983 359 4319 4314
13720 0 4 1987 379 4321 4277
13721 0 4 1986 4320 377 4275
13722 0 4 4315 4316 1978 354
13723 0 4 1982 4318 374 4272
13724 0 4 4317 4270 1980 372
13725 0 4 2007 383 4334 4335
13726 0 4 2011 391 4337 4277
13727 0 4 2010 4336 389 4275
13728 0 4 2019 395 4341 4277
13729 0 2 2023 4343
13730 0 2 2021 4342
13731 0 4 2014 4338 389 4272
13732 0 2 2017 4340
13733 0 2 4339 2016
13734 0 4 4322 4323 1990 366
13735 0 4 1994 4326 374 4262
13736 0 4 4324 4325 1992 372
13737 0 4 2002 4331 377 4262
13738 0 2 2005 4333
13739 0 2 4332 2004
13740 0 4 4327 4328 1996 372
13741 0 2 4330 2000
13742 0 2 4329 1998
13743 0 2 1939 314
13744 0 2 1941 318
13745 0 2 1940 317
13746 0 2 1945 320
13747 0 4 1948 4304 331 4255
13748 0 2 1946 330
13749 0 2 1942 317
13750 0 2 1944 328
13751 0 2 1943 327
13752 0 2 1958 333
13753 0 4 1961 4305 338 4255
13754 0 2 1959 337
13755 0 4 1966 4306 341 4255
13756 0 2 1969 4308
13757 0 2 4307 1968
13758 0 2 1962 337
13759 0 1 1964
13760 0 1 1963
13761 0 2 1949 324
13762 0 2 1951 328
13763 0 2 1950 327
13764 0 2 1955 330
13765 0 1 1957
13766 0 1 1956
13767 0 2 1952 327
13768 0 1 1954
13769 0 1 1953
13771 0 2 1827 202
13773 0 2 1829 204
13774 0 2 1831 210
13775 0 2 1830 209
13777 0 2 1828 207
13779 0 2 1837 212
13780 0 2 1839 216
13781 0 2 1838 215
13782 0 2 1843 218
13783 0 4 1846 4278 239 4279
13784 0 2 1844 238
13785 0 2 1840 215
13786 0 2 1842 236
13787 0 2 1841 235
13789 0 2 1832 207
13791 0 2 1834 209
13792 0 2 1836 230
13793 0 2 1835 229
13795 0 2 1833 227
13797 0 2 1866 241
13798 0 2 1868 245
13799 0 2 1867 244
13800 0 2 1872 247
13801 0 4 1875 4280 258 4279
13802 0 2 1873 257
13803 0 2 1869 244
13804 0 2 1871 255
13805 0 2 1870 254
13806 0 2 1885 260
13807 0 4 1888 4281 265 4279
13808 0 2 1886 264
13809 0 4 1893 4282 268 4279
13810 0 2 1896 4284
13811 0 2 4283 1895
13812 0 2 1889 264
13813 0 1 1891
13814 0 1 1890
13815 0 2 1876 251
13816 0 2 1878 255
13817 0 2 1877 254
13818 0 2 1882 257
13819 0 1 1884
13820 0 1 1883
13821 0 2 1879 254
13822 0 1 1881
13823 0 1 1880
13825 0 2 1847 222
13827 0 2 1849 224
13828 0 2 1851 230
13829 0 2 1850 229
13831 0 2 1848 227
13833 0 2 1857 232
13834 0 2 1859 236
13835 0 2 1858 235
13836 0 2 1863 238
13837 0 1 1865
13838 0 1 1864
13839 0 2 1860 235
13840 0 1 1862
13841 0 1 1861
13843 0 2 1852 227
13845 0 2 1854 229
13846 0 1 1856
13847 0 1 1855
13849 0 1 1853
13851 0 2 5142 5143
13852 0 2 5146 5147
13853 0 4 5144 5145 3232 407
13854 0 2 5154 5147
13855 0 2 5157 5158
13856 0 2 5155 5156
13857 0 4 5148 5149 3235 407
13858 0 3 3238 5152 5153
13859 0 4 5150 5151 3237 431
13860 0 2 5176 5177
13861 0 2 5179 5158
13862 0 2 5178 5156
13863 0 2 5185 5158
13864 0 2 5188 5189
13865 0 2 5186 5187
13866 0 2 5180 5153
13867 0 2 5183 5184
13868 0 4 5181 5182 3266 491
13869 0 4 5159 5160 3244 419
13870 0 4 3247 428 5163 5164
13871 0 4 5161 5162 3246 431
13872 0 4 3255 424 5171 5164
13873 0 3 3259 5174 5175
13874 0 4 5172 5173 3258 503
13875 0 4 5165 5166 3250 431
13876 0 4 5169 5170 3254 507
13877 0 4 5167 5168 3252 509
13878 0 2 5238 5239
13879 0 2 5242 5243
13880 0 2 5240 5241
13881 0 2 5248 5243
13882 0 2 5250 5189
13883 0 2 5249 5187
13884 0 2 5244 5245
13885 0 2 5247 5184
13886 0 4 5246 5182 3330 455
13887 0 2 5265 5266
13888 0 2 5268 5189
13889 0 2 5267 5187
13890 0 2 5274 5189
13891 0 2 5277 5278
13892 0 2 5275 5276
13893 0 2 5269 5184
13894 0 2 5272 5273
13895 0 2 5270 5271
13896 0 2 5251 5252
13897 0 2 5254 5175
13898 0 4 5253 5173 3337 455
13899 0 2 5260 5175
13900 0 2 5263 5264
13901 0 2 5261 5262
13902 0 4 5255 5170 3340 455
13903 0 3 3343 5258 5259
13904 0 4 5256 5257 3342 702
13905 0 4 5190 5191 3272 461
13906 0 4 3275 470 5194 5195
13907 0 4 5192 5193 3274 473
13908 0 4 3283 466 5202 5195
13909 0 4 3287 500 5205 5206
13910 0 4 5203 5204 3286 503
13911 0 4 5196 5197 3278 473
13912 0 4 5200 5201 3282 507
13913 0 4 5198 5199 3280 509
13914 0 4 3307 478 5224 5225
13915 0 4 3311 488 5227 5206
13916 0 4 5226 5204 3310 491
13917 0 4 3319 484 5233 5206
13918 0 3 3323 5236 5237
13919 0 3 3321 5234 5235
13920 0 4 5228 5201 3314 491
13921 0 3 3317 5231 5232
13922 0 4 5229 5230 3316 738
13923 0 4 5207 5208 3290 497
13924 0 4 5211 5212 3294 507
13925 0 4 5209 5210 3292 509
13926 0 4 5219 5212 3302 503
13927 0 4 3305 747 5222 5223
13928 0 4 5220 5221 3304 750
13929 0 4 5213 5214 3296 509
13930 0 4 5217 5218 3300 754
13931 0 4 5215 5216 3298 756
13932 0 2 5416 5417
13933 0 2 5420 5421
13934 0 2 5418 5419
13935 0 2 5428 5421
13936 0 2 5431 5432
13937 0 2 5429 5430
13938 0 2 5422 5423
13939 0 2 5426 5427
13940 0 4 5424 5425 3524 533
13941 0 2 5446 5447
13942 0 2 5449 5432
13943 0 2 5448 5430
13944 0 2 5453 5432
13945 0 2 5455 5278
13946 0 2 5454 5276
13947 0 2 5450 5427
13948 0 2 5452 5273
13949 0 2 5451 5271
13950 0 2 5433 5434
13951 0 2 5437 5438
13952 0 4 5435 5436 3531 533
13953 0 2 5443 5438
13954 0 2 5445 5264
13955 0 2 5444 5262
13956 0 4 5439 5440 3534 533
13957 0 3 3537 5442 5259
13958 0 4 5441 5257 3536 594
13959 0 2 5497 5498
13960 0 2 5501 5502
13961 0 2 5499 5500
13962 0 2 5507 5502
13963 0 2 5509 5278
13964 0 2 5508 5276
13965 0 2 5503 5504
13966 0 2 5506 5273
13967 0 2 5505 5271
13968 0 2 5524 5525
13969 0 2 5527 5278
13970 0 2 5526 5276
13971 0 2 5533 5278
13972 0 2 5536 5537
13973 0 2 5534 5535
13974 0 2 5528 5273
13975 0 2 5531 5532
13976 0 2 5529 5530
13977 0 2 5510 5511
13978 0 2 5513 5264
13979 0 2 5512 5262
13980 0 2 5519 5264
13981 0 2 5522 5523
13982 0 2 5520 5521
13983 0 2 5514 5259
13984 0 2 5517 5518
13985 0 3 5515 5516 3606
13986 0 2 5456 5457
13987 0 2 5460 5461
13988 0 4 5458 5459 3553 566
13989 0 2 5466 5461
13990 0 2 5468 5237
13991 0 2 5467 5235
13992 0 4 5462 5463 3556 566
13993 0 3 3559 5465 5232
13994 0 4 5464 5230 3558 594
13995 0 2 5483 5484
13996 0 2 5486 5237
13997 0 2 5485 5235
13998 0 2 5492 5237
13999 0 2 5495 5496
14000 0 2 5493 5494
14001 0 2 5487 5232
14002 0 2 5490 5491
14003 0 3 5488 5489 3587
14004 0 4 5469 5470 3565 582
14005 0 4 3568 591 5472 5223
14006 0 4 5471 5221 3567 594
14007 0 4 3576 587 5478 5223
14008 0 3 3580 5481 5482
14009 0 3 5479 5480 3579
14010 0 4 5473 5218 3571 594
14011 0 3 5476 5477 3575
14012 0 3 5474 5475 3573
14013 0 4 5279 5280 3358 600
14014 0 4 3361 609 5283 5284
14015 0 4 5281 5282 3360 612
14016 0 4 3369 605 5291 5284
14017 0 4 3373 639 5294 5295
14018 0 4 5292 5293 3372 642
14019 0 4 5285 5286 3364 612
14020 0 4 5289 5290 3368 646
14021 0 4 5287 5288 3366 648
14022 0 4 3393 617 5313 5314
14023 0 4 3397 627 5316 5295
14024 0 4 5315 5293 3396 630
14025 0 4 3405 623 5322 5295
14026 0 4 3409 729 5325 5326
14027 0 4 3407 731 5323 5324
14028 0 4 5317 5290 3400 630
14029 0 4 3403 735 5320 5321
14030 0 4 5318 5319 3402 738
14031 0 4 5296 5297 3376 636
14032 0 4 5300 5301 3380 646
14033 0 4 5298 5299 3378 648
14034 0 4 5308 5301 3388 642
14035 0 4 3391 747 5311 5312
14036 0 4 5309 5310 3390 750
14037 0 4 5302 5303 3382 648
14038 0 4 5306 5307 3386 754
14039 0 4 5304 5305 3384 756
14040 0 4 3465 653 5375 5376
14041 0 4 3469 663 5379 5380
14042 0 4 5377 5378 3468 666
14043 0 4 3477 659 5385 5380
14044 0 4 3481 693 5387 5326
14045 0 4 3479 695 5386 5324
14046 0 4 5381 5382 3472 666
14047 0 4 3475 699 5384 5321
14048 0 4 5383 5319 3474 702
14049 0 4 3501 671 5402 5403
14050 0 4 3505 681 5405 5326
14051 0 4 3503 683 5404 5324
14052 0 4 3513 677 5411 5326
14053 0 3 3517 5414 5415
14054 0 3 3515 5412 5413
14055 0 4 3507 683 5406 5321
14056 0 3 3511 5409 5410
14057 0 3 5407 5408 3510
14058 0 4 5388 5389 3484 690
14059 0 4 3487 699 5391 5312
14060 0 4 5390 5310 3486 702
14061 0 4 3495 695 5397 5312
14062 0 3 3499 5400 5401
14063 0 3 5398 5399 3498
14064 0 4 5392 5307 3490 702
14065 0 3 5395 5396 3494
14066 0 3 5393 5394 3492
14067 0 4 5327 5328 3412 708
14068 0 4 5331 5332 3416 718
14069 0 4 5329 5330 3414 720
14070 0 4 5339 5332 3424 714
14071 0 4 3427 747 5342 5343
14072 0 4 5340 5341 3426 750
14073 0 4 5333 5334 3418 720
14074 0 4 5337 5338 3422 754
14075 0 4 5335 5336 3420 756
14076 0 4 5361 5362 3448 726
14077 0 4 3451 735 5364 5343
14078 0 4 5363 5341 3450 738
14079 0 4 3459 731 5370 5343
14080 0 3 3463 5373 5374
14081 0 3 5371 5372 3462
14082 0 4 5365 5338 3454 738
14083 0 3 5368 5369 3458
14084 0 3 5366 5367 3456
14085 0 4 5344 5345 3430 744
14086 0 4 5348 5349 3434 754
14087 0 4 5346 5347 3432 756
14088 0 4 5356 5349 3442 750
14089 0 3 5359 5360 3446
14090 0 3 5357 5358 3444
14091 0 4 5350 5351 3436 756
14092 0 3 5354 5355 3440
14093 0 3 5352 5353 3438
14094 0 2 5731 5732
14095 0 2 5735 5736
14096 0 2 5733 5734
14097 0 2 5743 5736
14098 0 2 5746 5747
14099 0 2 5744 5745
14100 0 2 5737 5738
14101 0 2 5741 5742
14102 0 4 5739 5740 3844 780
14103 0 2 5765 5766
14104 0 2 5768 5747
14105 0 2 5767 5745
14106 0 2 5774 5747
14107 0 2 5777 5778
14108 0 2 5775 5776
14109 0 2 5769 5742
14110 0 2 5772 5773
14111 0 2 5770 5771
14112 0 2 5748 5749
14113 0 2 5752 5753
14114 0 4 5750 5751 3851 780
14115 0 2 5760 5753
14116 0 2 5763 5764
14117 0 2 5761 5762
14118 0 4 5754 5755 3854 780
14119 0 3 3857 5758 5759
14120 0 3 5756 5757 3856
14121 0 2 5819 5820
14122 0 2 5823 5824
14123 0 2 5821 5822
14124 0 2 5829 5824
14125 0 2 5831 5778
14126 0 2 5830 5776
14127 0 2 5825 5826
14128 0 2 5828 5773
14129 0 2 5827 5771
14130 0 2 5842 5843
14131 0 2 5845 5778
14132 0 2 5844 5776
14133 0 2 5849 5778
14134 0 2 5851 5537
14135 0 2 5850 5535
14136 0 2 5846 5773
14137 0 2 5848 5532
14138 0 2 5847 5530
14139 0 2 5832 5833
14140 0 2 5835 5764
14141 0 2 5834 5762
14142 0 2 5839 5764
14143 0 2 5841 5523
14144 0 2 5840 5521
14145 0 2 5836 5759
14146 0 2 5838 5518
14147 0 2 5837 5516
14148 0 2 5779 5780
14149 0 2 5783 5784
14150 0 4 5781 5782 3873 812
14151 0 2 5791 5784
14152 0 2 5794 5795
14153 0 2 5792 5793
14154 0 4 5785 5786 3876 812
14155 0 3 3879 5789 5790
14156 0 3 5787 5788 3878
14157 0 2 5809 5810
14158 0 2 5812 5795
14159 0 2 5811 5793
14160 0 2 5816 5795
14161 0 2 5818 5496
14162 0 2 5817 5494
14163 0 2 5813 5790
14164 0 2 5815 5491
14165 0 2 5814 5489
14166 0 4 5796 5797 3885 827
14167 0 3 3888 5800 5801
14168 0 3 5798 5799 3887
14169 0 2 5806 5801
14170 0 2 5808 5482
14171 0 2 5807 5480
14172 0 3 5802 5803 3891
14173 0 2 5805 5477
14174 0 2 5804 5475
14175 0 2 5897 5898
14176 0 2 5901 5902
14177 0 2 5899 5900
14178 0 2 5909 5902
14179 0 2 5912 5913
14180 0 2 5910 5911
14181 0 2 5903 5904
14182 0 2 5907 5908
14183 0 2 5905 5906
14184 0 2 5927 5928
14185 0 2 5930 5913
14186 0 2 5929 5911
14187 0 2 5934 5913
14188 0 2 5936 5537
14189 0 2 5935 5535
14190 0 2 5931 5908
14191 0 2 5933 5532
14192 0 2 5932 5530
14193 0 2 5914 5915
14194 0 2 5918 5919
14195 0 2 5916 5917
14196 0 2 5924 5919
14197 0 2 5926 5523
14198 0 2 5925 5521
14199 0 2 5920 5921
14200 0 2 5923 5518
14201 0 2 5922 5516
14202 0 2 5948 5949
14203 0 2 5952 5953
14204 0 2 5950 5951
14205 0 2 5958 5953
14206 0 2 5960 5537
14207 0 2 5959 5535
14208 0 2 5954 5955
14209 0 2 5957 5532
14210 0 2 5956 5530
14211 0 2 5963 5964
14212 0 2 5966 5537
14213 0 2 5965 5535
14214 0 2 5967 5537
14217 0 1 5532
14220 0 2 5961 5962
14221 0 1 5523
14222 0 1 5521
14223 0 1 5523
14226 0 1 5518
14229 0 2 5937 5938
14230 0 2 5941 5942
14231 0 2 5939 5940
14232 0 2 5944 5942
14233 0 1 5496
14234 0 1 5494
14235 0 1 5943
14236 0 1 5491
14237 0 1 5489
14238 0 2 5946 5947
14239 0 1 5496
14240 0 1 5494
14241 0 1 5496
14244 0 1 5491
14247 0 1 5945
14248 0 1 5482
14249 0 1 5480
14250 0 1 5482
14253 0 1 5477
14256 0 2 5852 5853
14257 0 2 5856 5857
14258 0 4 5854 5855 3935 912
14259 0 2 5864 5857
14260 0 2 5867 5868
14261 0 2 5865 5866
14262 0 4 5858 5859 3938 912
14263 0 3 3941 5862 5863
14264 0 3 5860 5861 3940
14265 0 2 5874 5875
14266 0 2 5877 5868
14267 0 2 5876 5866
14268 0 2 5878 5868
14269 0 1 5415
14270 0 1 5413
14271 0 1 5863
14272 0 1 5410
14273 0 1 5408
14274 0 4 5869 5870 3947 927
14275 0 2 3949 5872
14276 0 2 5871 3948
14277 0 1 5872
14278 0 1 5401
14279 0 1 5399
14280 0 2 5873 3950
14281 0 1 5396
14282 0 1 5394
14283 0 2 5886 5887
14284 0 2 5890 5891
14285 0 2 5888 5889
14286 0 2 5893 5891
14287 0 1 5415
14288 0 1 5413
14289 0 1 5892
14290 0 1 5410
14291 0 1 5408
14292 0 2 5895 5896
14293 0 1 5415
14294 0 1 5413
14295 0 1 5415
14298 0 1 5410
14301 0 1 5894
14302 0 1 5401
14303 0 1 5399
14304 0 1 5401
14307 0 1 5396
14310 0 4 5879 5880 3956 967
14311 0 2 3958 5882
14312 0 2 5881 3957
14313 0 1 5882
14314 0 1 5374
14315 0 1 5372
14316 0 2 5883 3959
14317 0 1 5369
14318 0 1 5367
14319 0 1 5885
14320 0 1 5374
14321 0 1 5372
14322 0 1 5374
14325 0 1 5369
14328 0 2 5884 3960
14329 0 1 5360
14330 0 1 5358
14331 0 1 5360
14334 0 1 5355
14337 0 4 5538 5539 3621 999
14338 0 4 3624 1008 5542 5543
14339 0 4 5540 5541 3623 1011
14340 0 4 3632 1004 5550 5543
14341 0 4 3636 1038 5553 5554
14342 0 4 5551 5552 3635 1041
14343 0 4 5544 5545 3627 1011
14344 0 4 5548 5549 3631 1045
14345 0 4 5546 5547 3629 1047
14346 0 4 3656 1016 5572 5573
14347 0 4 3660 1026 5575 5554
14348 0 4 5574 5552 3659 1029
14349 0 4 3668 1022 5581 5554
14350 0 4 3672 1128 5584 5585
14351 0 4 3670 1130 5582 5583
14352 0 4 5576 5549 3663 1029
14353 0 4 3666 1134 5579 5580
14354 0 4 5577 5578 3665 1137
14355 0 4 5555 5556 3639 1035
14356 0 4 5559 5560 3643 1045
14357 0 4 5557 5558 3641 1047
14358 0 4 5567 5560 3651 1041
14359 0 4 3654 1146 5570 5571
14360 0 4 5568 5569 3653 1149
14361 0 4 5561 5562 3645 1047
14362 0 4 5565 5566 3649 1153
14363 0 4 5563 5564 3647 1155
14364 0 4 3706 1052 5612 5613
14365 0 4 3710 1062 5616 5617
14366 0 4 5614 5615 3709 1065
14367 0 4 3718 1058 5622 5617
14368 0 4 3722 1092 5624 5585
14369 0 4 3720 1094 5623 5583
14370 0 4 5618 5619 3713 1065
14371 0 4 3716 1098 5621 5580
14372 0 4 5620 5578 3715 1101
14373 0 4 3734 1070 5631 5632
14374 0 4 3738 1080 5634 5585
14375 0 4 3736 1082 5633 5583
14376 0 4 3743 1076 5637 5585
14377 0 2 3746 5639
14378 0 2 3745 5638
14379 0 3 3740 1082 5580
14380 0 2 3742 5636
14381 0 2 5635 3741
14382 0 4 5625 5626 3725 1089
14383 0 3 3727 1098 5571
14384 0 3 5569 3726 1101
14385 0 3 3731 1094 5571
14386 0 2 3733 5630
14387 0 2 5629 3732
14388 0 3 5566 3728 1101
14389 0 2 5628 3730
14390 0 2 5627 3729
14391 0 4 5586 5587 3675 1107
14392 0 4 5590 5591 3679 1117
14393 0 4 5588 5589 3677 1119
14394 0 4 5595 5591 3684 1113
14395 0 3 3686 1146 5597
14396 0 3 5596 3685 1149
14397 0 3 5592 3680 1119
14398 0 3 5594 3682 1153
14399 0 3 5593 3681 1155
14400 0 4 5606 5607 3697 1125
14401 0 3 3699 1134 5597
14402 0 3 5596 3698 1137
14403 0 3 3703 1130 5597
14404 0 2 3705 5611
14405 0 2 5610 3704
14406 0 3 5594 3700 1137
14407 0 2 5609 3702
14408 0 2 5608 3701
14409 0 3 5598 3687 1143
14410 0 3 5600 3689 1153
14411 0 3 5599 3688 1155
14412 0 3 5600 3693 1149
14413 0 2 5605 3695
14414 0 2 5604 3694
14415 0 3 5601 3690 1155
14416 0 2 5603 3692
14417 0 2 5602 3691
14418 0 4 3799 1160 5686 5687
14419 0 4 3803 1170 5690 5691
14420 0 4 5688 5689 3802 1173
14421 0 4 3811 1166 5698 5691
14422 0 3 3815 5701 5702
14423 0 3 3813 5699 5700
14424 0 4 5692 5693 3806 1173
14425 0 3 3809 5696 5697
14426 0 3 5694 5695 3808
14427 0 3 3822 5708 5709
14428 0 2 5711 5702
14429 0 2 5710 5700
14430 0 2 5712 5702
14431 0 1 5639
14432 0 1 5638
14433 0 1 5697
14434 0 1 5636
14435 0 1 5635
14436 0 4 5703 5704 3818 1189
14437 0 2 3820 5706
14438 0 2 5705 3819
14439 0 1 5706
14440 0 1 5630
14441 0 1 5629
14442 0 2 5707 3821
14443 0 1 5628
14444 0 1 5627
14445 0 3 3833 5720 5721
14446 0 2 5724 5725
14447 0 2 5722 5723
14448 0 2 5727 5725
14449 0 1 5639
14450 0 1 5638
14451 0 1 5726
14452 0 1 5636
14453 0 1 5635
14454 0 2 5729 5730
14455 0 1 5639
14456 0 1 5638
14457 0 1 5639
14460 0 1 5636
14463 0 1 5728
14464 0 1 5630
14465 0 1 5629
14466 0 1 5630
14469 0 1 5628
14472 0 4 5713 5714 3828 1230
14473 0 2 3830 5716
14474 0 2 5715 3829
14475 0 1 5716
14476 0 1 5611
14477 0 1 5610
14478 0 2 5717 3831
14479 0 1 5609
14480 0 1 5608
14481 0 1 5719
14482 0 1 5611
14483 0 1 5610
14484 0 1 5611
14487 0 1 5609
14490 0 2 5718 3832
14491 0 1 5605
14492 0 1 5604
14493 0 1 5605
14496 0 1 5603
14499 0 4 5640 5641 3748 1262
14500 0 4 5644 5645 3752 1272
14501 0 4 5642 5643 3750 1274
14502 0 4 5649 5645 3757 1268
14503 0 3 3759 1301 5651
14504 0 3 5650 3758 1304
14505 0 3 5646 3753 1274
14506 0 3 5648 3755 1308
14507 0 3 5647 3754 1310
14508 0 4 5660 5661 3770 1280
14509 0 3 3772 1289 5651
14510 0 3 5650 3771 1292
14511 0 3 3776 1285 5651
14512 0 2 3778 5665
14513 0 2 5664 3777
14514 0 3 5648 3773 1292
14515 0 2 5663 3775
14516 0 2 5662 3774
14517 0 3 5652 3760 1298
14518 0 3 5654 3762 1308
14519 0 3 5653 3761 1310
14520 0 3 5654 3766 1304
14521 0 2 5659 3768
14522 0 2 5658 3767
14523 0 3 5655 3763 1310
14524 0 2 5657 3765
14525 0 2 5656 3764
14526 0 4 5679 5680 3794 1316
14527 0 2 3796 5682
14528 0 2 5681 3795
14529 0 1 5682
14530 0 1 5665
14531 0 1 5664
14532 0 2 5683 3797
14533 0 1 5663
14534 0 1 5662
14535 0 1 5685
14536 0 1 5665
14537 0 1 5664
14538 0 1 5665
14541 0 1 5663
14544 0 2 5684 3798
14545 0 1 5659
14546 0 1 5658
14547 0 1 5659
14550 0 1 5657
14553 0 3 5666 3779 1348
14554 0 3 5668 3781 1358
14555 0 3 5667 3780 1360
14556 0 3 5668 3785 1354
14557 0 2 5673 3787
14558 0 2 5672 3786
14559 0 3 5669 3782 1360
14560 0 2 5671 3784
14561 0 2 5670 3783
14562 0 2 5678 3792
14563 0 1 5673
14564 0 1 5672
14565 0 1 5673
14568 0 1 5671
14571 0 3 5674 3788 1376
14572 0 2 5676 3790
14573 0 2 5675 3789
14574 0 1 5676
14577 0 2 5677 3791
14581 4 3 4686 2512 401
14583 4 4 4687 4688 2515 405
14584 4 4 4690 4691 2519 413
14585 4 3 4689 2517 411
14587 4 2 2513 409
14589 4 4 4693 4694 2527 417
14590 4 4 4697 4691 2531 425
14591 4 4 4695 4696 2529 423
14592 4 4 4702 4691 2539 429
14593 4 4 2542 454 4705 4706
14594 4 4 4703 4704 2541 453
14595 4 4 4698 4699 2533 423
14596 4 3 4701 2537 449
14597 4 3 4700 2535 448
14599 4 2 2520 409
14601 4 2 2522 411
14602 4 3 4692 2525 442
14603 4 2 2523 441
14605 4 2 2521 439
14607 4 4 4714 4715 2569 459
14608 4 4 4718 4719 2573 467
14609 4 4 4716 4717 2571 465
14610 4 4 4726 4719 2581 471
14611 4 4 2584 490 4728 4706
14612 4 4 4727 4704 2583 489
14613 4 4 4720 4721 2575 465
14614 4 4 4724 4725 2579 485
14615 4 4 4722 4723 2577 483
14616 4 4 4743 4744 2605 495
14617 4 4 2608 502 4746 4706
14618 4 4 4745 4704 2607 501
14619 4 4 2616 506 4752 4706
14620 4 4 2620 593 4755 4756
14621 4 4 4753 4754 2619 592
14622 4 4 4747 4725 2611 501
14623 4 4 4750 4751 2615 588
14624 4 4 4748 4749 2613 586
14625 4 4 4729 4730 2587 477
14626 4 4 4733 4734 2591 485
14627 4 4 4731 4732 2589 483
14628 4 4 4739 4734 2599 489
14629 4 4 4741 4742 2603 576
14630 4 3 4740 2601 574
14631 4 4 4735 4736 2593 483
14632 4 3 4738 2597 572
14633 4 3 4737 2595 571
14635 4 2 2544 433
14637 4 2 2546 435
14638 4 3 4707 2549 442
14639 4 2 2547 441
14641 4 2 2545 439
14643 4 2 2555 444
14644 4 3 4708 2558 449
14645 4 2 2556 448
14646 4 4 4709 4710 2563 453
14647 4 4 4712 4713 2567 553
14648 4 3 4711 2565 551
14649 4 2 2559 448
14650 4 2 2561 549
14651 4 2 2560 548
14653 4 2 2550 439
14655 4 2 2552 441
14656 4 2 2554 543
14657 4 2 2553 542
14659 4 2 2551 540
14661 4 4 4783 4784 2708 598
14662 4 4 4787 4788 2712 606
14663 4 4 4785 4786 2710 604
14664 4 4 4795 4788 2720 610
14665 4 4 2723 629 4798 4799
14666 4 4 4796 4797 2722 628
14667 4 4 4789 4790 2714 604
14668 4 4 4793 4794 2718 624
14669 4 4 4791 4792 2716 622
14670 4 4 4816 4817 2744 634
14671 4 4 2747 641 4819 4799
14672 4 4 4818 4797 2746 640
14673 4 4 2755 645 4823 4799
14674 4 4 2759 701 4825 4756
14675 4 4 4824 4754 2758 700
14676 4 4 4820 4794 2750 640
14677 4 4 4822 4751 2754 696
14678 4 4 4821 4749 2752 694
14679 4 4 4800 4801 2726 616
14680 4 4 4804 4805 2730 624
14681 4 4 4802 4803 2728 622
14682 4 4 4812 4805 2738 628
14683 4 4 4815 4742 2742 684
14684 4 4 4813 4814 2740 682
14685 4 4 4806 4807 2732 622
14686 4 4 4810 4811 2736 678
14687 4 4 4808 4809 2734 676
14688 4 4 4865 4866 2816 706
14689 4 4 2819 713 4869 4870
14690 4 4 4867 4868 2818 712
14691 4 4 2827 717 4875 4870
14692 4 4 2831 737 4877 4756
14693 4 4 4876 4754 2830 736
14694 4 4 4871 4872 2822 712
14695 4 4 4874 4751 2826 732
14696 4 4 4873 4749 2824 730
14697 4 4 2851 741 4888 4889
14698 4 4 2855 749 4891 4756
14699 4 4 4890 4754 2854 748
14700 4 4 2863 753 4895 4756
14701 4 3 2867 993 4897
14702 4 3 2865 992 4896
14703 4 4 4892 4751 2858 748
14704 4 3 2861 990 4894
14705 4 3 4893 2860 989
14706 4 4 4878 4879 2834 724
14707 4 4 4881 4742 2838 732
14708 4 4 4880 4814 2836 730
14709 4 4 4885 4742 2846 736
14710 4 3 2849 983 4887
14711 4 3 4886 2848 982
14712 4 4 4882 4811 2840 730
14713 4 3 4884 2844 980
14714 4 3 4883 2842 979
14715 4 4 4826 4827 2762 652
14716 4 4 4830 4831 2766 660
14717 4 4 4828 4829 2764 658
14718 4 4 4838 4831 2774 664
14719 4 4 4841 4713 2778 684
14720 4 4 4839 4840 2776 682
14721 4 4 4832 4833 2768 658
14722 4 4 4836 4837 2772 678
14723 4 4 4834 4835 2770 676
14724 4 4 4855 4856 2798 688
14725 4 4 4858 4713 2802 696
14726 4 4 4857 4840 2800 694
14727 4 4 4862 4713 2810 700
14728 4 3 2813 961 4864
14729 4 3 4863 2812 960
14730 4 4 4859 4837 2804 694
14731 4 3 4861 2808 958
14732 4 3 4860 2806 957
14733 4 4 4842 4843 2780 670
14734 4 4 4846 4847 2784 678
14735 4 4 4844 4845 2782 676
14736 4 4 4852 4847 2792 682
14737 4 3 4854 2796 952
14738 4 3 4853 2794 951
14739 4 4 4848 4849 2786 676
14740 4 3 4851 2790 949
14741 4 3 4850 2788 948
14743 4 2 2622 511
14745 4 2 2624 513
14746 4 3 4757 2627 520
14747 4 2 2625 519
14749 4 2 2623 517
14751 4 2 2633 522
14752 4 3 4758 2636 527
14753 4 2 2634 526
14754 4 4 4759 4760 2641 531
14755 4 4 4762 4763 2645 553
14756 4 3 4761 2643 551
14757 4 2 2637 526
14758 4 2 2639 549
14759 4 2 2638 548
14761 4 2 2628 517
14763 4 2 2630 519
14764 4 2 2632 543
14765 4 2 2631 542
14767 4 2 2629 540
14769 4 2 2666 555
14770 4 3 4765 2669 560
14771 4 2 2667 559
14772 4 4 4766 4767 2674 564
14773 4 4 4769 4763 2678 576
14774 4 3 4768 2676 574
14775 4 2 2670 559
14776 4 2 2672 572
14777 4 2 2671 571
14778 4 4 4771 4772 2690 580
14779 4 4 4775 4763 2694 588
14780 4 4 4773 4774 2692 586
14781 4 4 4780 4763 2702 592
14782 4 3 2705 899 4782
14783 4 3 4781 2704 898
14784 4 4 4776 4777 2696 586
14785 4 3 4779 2700 896
14786 4 3 4778 2698 895
14787 4 2 2679 568
14788 4 2 2681 572
14789 4 2 2680 571
14790 4 2 2685 574
14791 4 3 4770 2688 890
14792 4 2 2686 889
14793 4 2 2682 571
14794 4 2 2684 887
14795 4 2 2683 886
14797 4 2 2646 535
14799 4 2 2648 537
14800 4 2 2650 543
14801 4 2 2649 542
14803 4 2 2647 540
14805 4 2 2656 545
14806 4 2 2658 549
14807 4 2 2657 548
14808 4 2 2662 551
14809 4 3 4764 2665 872
14810 4 2 2663 871
14811 4 2 2659 548
14812 4 2 2661 869
14813 4 2 2660 868
14815 4 2 2651 540
14817 4 2 2653 542
14818 4 2 2655 863
14819 4 2 2654 862
14821 4 2 2652 860
14823 4 4 4930 4931 3012 997
14824 4 4 4934 4935 3016 1005
14825 4 4 4932 4933 3014 1003
14826 4 4 4942 4935 3024 1009
14827 4 4 3027 1028 4945 4946
14828 4 4 4943 4944 3026 1027
14829 4 4 4936 4937 3018 1003
14830 4 4 4940 4941 3022 1023
14831 4 4 4938 4939 3020 1021
14832 4 4 4964 4965 3048 1033
14833 4 4 3051 1040 4967 4946
14834 4 4 4966 4944 3050 1039
14835 4 4 3059 1044 4973 4946
14836 4 4 3063 1100 4976 4977
14837 4 4 4974 4975 3062 1099
14838 4 4 4968 4941 3054 1039
14839 4 4 4971 4972 3058 1095
14840 4 4 4969 4970 3056 1093
14841 4 4 4947 4948 3030 1015
14842 4 4 4951 4952 3034 1023
14843 4 4 4949 4950 3032 1021
14844 4 4 4959 4952 3042 1027
14845 4 4 4962 4963 3046 1083
14846 4 4 4960 4961 3044 1081
14847 4 4 4953 4954 3036 1021
14848 4 4 4957 4958 3040 1077
14849 4 4 4955 4956 3038 1075
14850 4 4 5018 5019 3107 1105
14851 4 4 3110 1112 5022 5023
14852 4 4 5020 5021 3109 1111
14853 4 3 1116 5028 5023
14854 4 3 1136 5030 4977
14855 4 3 5029 4975 1135
14856 4 4 5024 5025 3113 1111
14857 4 3 5027 4972 1131
14858 4 3 5026 4970 1129
14859 4 3 1140 5041 5042
14860 4 3 1148 5044 4977
14861 4 3 5043 4975 1147
14862 4 3 1152 5048 4977
14863 4 2 1256 5050
14864 4 2 1255 5049
14865 4 3 5045 4972 1147
14866 4 2 1253 5047
14867 4 2 5046 1252
14868 4 4 5031 5032 3120 1123
14869 4 3 5034 4963 1131
14870 4 3 5033 4961 1129
14871 4 3 5038 4963 1135
14872 4 2 1246 5040
14873 4 2 5039 1245
14874 4 3 5035 4958 1129
14875 4 2 5037 1243
14876 4 2 5036 1242
14877 4 4 4978 4979 3066 1051
14878 4 4 4982 4983 3070 1059
14879 4 4 4980 4981 3068 1057
14880 4 4 4990 4983 3078 1063
14881 4 4 4993 4994 3082 1083
14882 4 4 4991 4992 3080 1081
14883 4 4 4984 4985 3072 1057
14884 4 4 4988 4989 3076 1077
14885 4 4 4986 4987 3074 1075
14886 4 4 5008 5009 3097 1087
14887 4 3 5011 4994 1095
14888 4 3 5010 4992 1093
14889 4 3 5015 4994 1099
14890 4 2 1224 5017
14891 4 2 5016 1223
14892 4 3 5012 4989 1093
14893 4 2 5014 1221
14894 4 2 5013 1220
14895 4 4 4995 4996 3084 1069
14896 4 4 4999 5000 3088 1077
14897 4 4 4997 4998 3086 1075
14898 4 3 5005 5000 1081
14899 4 2 5007 1215
14900 4 2 5006 1214
14901 4 4 5001 5002 3090 1075
14902 4 2 5004 1212
14903 4 2 5003 1211
14904 4 4 5077 5078 3179 1260
14905 4 4 3182 1267 5081 5082
14906 4 4 5079 5080 3181 1266
14907 4 3 1271 5089 5082
14908 4 3 1291 5092 5093
14909 4 3 5090 5091 1290
14910 4 4 5083 5084 3185 1266
14911 4 3 5087 5088 1286
14912 4 3 5085 5086 1284
14913 4 3 1295 5107 5108
14914 4 3 1303 5110 5093
14915 4 3 5109 5091 1302
14916 4 3 1307 5114 5093
14917 4 2 1342 5116
14918 4 2 1341 5115
14919 4 3 5111 5088 1302
14920 4 2 1339 5113
14921 4 2 5112 1338
14922 4 4 5094 5095 3192 1278
14923 4 3 5098 5099 1286
14924 4 3 5096 5097 1284
14925 4 3 5104 5099 1290
14926 4 2 1332 5106
14927 4 2 5105 1331
14928 4 3 5100 5101 1284
14929 4 2 5103 1329
14930 4 2 5102 1328
14931 4 3 1345 5123 5124
14932 4 3 1353 5127 5128
14933 4 3 5125 5126 1352
14934 4 3 1357 5133 5128
14935 4 2 1370 5135
14936 4 2 1369 5134
14937 4 3 5129 5130 1352
14938 4 2 1367 5132
14939 4 2 5131 1366
14940 4 3 1373 5137 5138
14941 4 2 1379 5140
14942 4 2 1378 5139
14943 4 2 1382 5141
14946 4 1 1378
14949 4 2 5136 1363
14950 4 1 1367
14951 4 1 1366
14952 4 1 1369
14955 4 1 1366
14958 4 4 5117 5118 3211 1314
14959 4 2 5120 1319
14960 4 2 5119 1318
14961 4 2 5121 1322
14962 4 1 1332
14963 4 1 1331
14964 4 1 1318
14965 4 1 1329
14966 4 1 1328
14967 4 2 5122 1335
14968 4 1 1339
14969 4 1 1338
14970 4 1 1341
14973 4 1 1338
14976 4 1 1325
14977 4 1 1329
14978 4 1 1328
14979 4 1 1331
14982 4 1 1328
14985 4 4 5051 5052 3139 1159
14986 4 4 5055 5056 3143 1167
14987 4 4 5053 5054 3141 1165
14988 4 4 5061 5056 3151 1171
14989 4 3 5063 3155 1183
14990 4 3 5062 3153 1182
14991 4 4 5057 5058 3145 1165
14992 4 3 5060 3149 1180
14993 4 3 5059 3147 1179
14994 4 4 5065 5066 3162 1187
14995 4 2 5068 1192
14996 4 2 5067 1191
14997 4 2 5069 1195
14998 4 1 1224
14999 4 1 1223
15000 4 1 1191
15001 4 1 1221
15002 4 1 1220
15003 4 3 5064 3157 1176
15004 4 2 3159 1180
15005 4 2 3158 1179
15006 4 1 1182
15007 4 1 1215
15008 4 1 1214
15009 4 2 3160 1179
15010 4 1 1212
15011 4 1 1211
15012 4 4 5071 5072 3173 1228
15013 4 2 5074 1233
15014 4 2 5073 1232
15015 4 2 5075 1236
15016 4 1 1246
15017 4 1 1245
15018 4 1 1232
15019 4 1 1243
15020 4 1 1242
15021 4 2 5076 1249
15022 4 1 1253
15023 4 1 1252
15024 4 1 1255
15027 4 1 1252
15030 4 1 1239
15031 4 1 1243
15032 4 1 1242
15033 4 1 1245
15036 4 1 1242
15039 4 3 5070 3167 1199
15040 4 2 3169 1203
15041 4 2 3168 1202
15042 4 1 1205
15043 4 1 1215
15044 4 1 1214
15045 4 2 3170 1202
15046 4 1 1212
15047 4 1 1211
15048 4 1 1217
15049 4 1 1221
15050 4 1 1220
15051 4 1 1223
15054 4 1 1220
15057 4 2 3171 1208
15058 4 1 1212
15059 4 1 1211
15060 4 1 1214
15063 4 1 1211
15067 4 2 2869 758
15069 4 2 2871 760
15070 4 3 4898 2874 767
15071 4 2 2872 766
15073 4 2 2870 764
15075 4 2 2880 769
15076 4 3 4899 2883 774
15077 4 2 2881 773
15078 4 4 4900 4901 2888 778
15079 4 3 4903 2892 799
15080 4 3 4902 2890 798
15081 4 2 2884 773
15082 4 2 2886 796
15083 4 2 2885 795
15085 4 2 2875 764
15087 4 2 2877 766
15088 4 2 2879 790
15089 4 2 2878 789
15091 4 2 2876 787
15093 4 2 2912 801
15094 4 3 4904 2915 806
15095 4 2 2913 805
15096 4 4 4905 4906 2920 810
15097 4 3 4908 2924 821
15098 4 3 4907 2922 820
15099 4 2 2916 805
15100 4 2 2918 818
15101 4 2 2917 817
15102 4 4 4909 4910 2935 825
15103 4 3 4912 2939 830
15104 4 3 4911 2937 829
15105 4 3 4913 2944 833
15106 4 2 2946 899
15107 4 2 2945 898
15108 4 2 2940 829
15109 4 2 2942 896
15110 4 2 2941 895
15111 4 2 2925 814
15112 4 2 2927 818
15113 4 2 2926 817
15114 4 2 2931 820
15115 4 2 2933 890
15116 4 2 2932 889
15117 4 2 2928 817
15118 4 2 2930 887
15119 4 2 2929 886
15121 4 2 2893 782
15123 4 2 2895 784
15124 4 2 2897 790
15125 4 2 2896 789
15127 4 2 2894 787
15129 4 2 2903 792
15130 4 2 2905 796
15131 4 2 2904 795
15132 4 2 2909 798
15133 4 2 2911 872
15134 4 2 2910 871
15135 4 2 2906 795
15136 4 2 2908 869
15137 4 2 2907 868
15139 4 2 2898 787
15141 4 2 2900 789
15142 4 2 2902 863
15143 4 2 2901 862
15145 4 2 2899 860
15147 4 2 2978 901
15148 4 3 4914 2981 906
15149 4 2 2979 905
15150 4 4 4915 4916 2986 910
15151 4 3 4918 2990 921
15152 4 3 4917 2988 920
15153 4 2 2982 905
15154 4 2 2984 918
15155 4 2 2983 917
15156 4 4 4919 4920 2996 925
15157 4 2 4922 930
15158 4 2 4921 929
15159 4 2 4923 933
15160 4 1 961
15161 4 1 960
15162 4 1 929
15163 4 1 958
15164 4 1 957
15165 4 2 2991 914
15166 4 2 2993 918
15167 4 2 2992 917
15168 4 1 920
15169 4 1 952
15170 4 1 951
15171 4 2 2994 917
15172 4 1 949
15173 4 1 948
15174 4 4 4924 4925 3006 965
15175 4 2 4927 970
15176 4 2 4926 969
15177 4 2 4928 973
15178 4 1 983
15179 4 1 982
15180 4 1 969
15181 4 1 980
15182 4 1 979
15183 4 2 4929 986
15184 4 1 990
15185 4 1 989
15186 4 1 992
15189 4 1 989
15192 4 1 976
15193 4 1 980
15194 4 1 979
15195 4 1 982
15198 4 1 979
15201 4 2 3000 936
15202 4 2 3002 940
15203 4 2 3001 939
15204 4 1 942
15205 4 1 952
15206 4 1 951
15207 4 2 3003 939
15208 4 1 949
15209 4 1 948
15210 4 1 954
15211 4 1 958
15212 4 1 957
15213 4 1 960
15216 4 1 957
15219 4 2 3004 945
15220 4 1 949
15221 4 1 948
15222 4 1 951
15225 4 1 948
15229 4 2 2947 836
15231 4 2 2949 838
15232 4 2 2951 844
15233 4 2 2950 843
15235 4 2 2948 841
15237 4 2 2957 846
15238 4 2 2959 850
15239 4 2 2958 849
15240 4 2 2963 852
15241 4 2 2965 872
15242 4 2 2964 871
15243 4 2 2960 849
15244 4 2 2962 869
15245 4 2 2961 868
15247 4 2 2952 841
15249 4 2 2954 843
15250 4 2 2956 863
15251 4 2 2955 862
15253 4 2 2953 860
15255 4 2 2973 874
15256 4 2 2975 878
15257 4 2 2974 877
15258 4 1 880
15259 4 1 890
15260 4 1 889
15261 4 2 2976 877
15262 4 1 887
15263 4 1 886
15264 4 1 892
15265 4 1 896
15266 4 1 895
15267 4 1 898
15270 4 1 895
15273 4 2 2977 883
15274 4 1 887
15275 4 1 886
15276 4 1 889
15279 4 1 886
15283 4 2 2966 855
15285 4 2 2968 857
15286 4 2 2970 863
15287 4 2 2969 862
15289 4 2 2967 860
15291 4 2 2972 865
15292 4 1 869
15293 4 1 868
15294 4 1 871
15297 4 1 868
15301 4 2 2971 860
15303 4 1 862
15309 2 2 5142 4012
15310 2 2 5146 4017
15311 2 4 5144 4015 3233 1392
15312 2 2 5154 4017
15313 2 2 5157 4034
15314 2 2 5155 4032
15315 2 3 6688 3240 1392
15316 2 4 3241 5152 1413 4029
15317 2 4 5150 4027 3242 1416
15318 2 2 5176 4024
15319 2 2 5179 4034
15320 2 2 5178 4032
15321 2 2 5185 4034
15322 2 2 5188 4085
15323 2 2 5186 4083
15324 2 2 5180 4029
15325 2 2 5183 4080
15326 2 4 5181 4078 3260 1476
15327 2 3 6689 3261 1404
15328 2 4 3262 5163 1413 4019
15329 2 3 6690 3263 1416
15330 2 4 3264 5171 1409 4019
15331 2 4 3265 1485 5174 4071
15332 2 4 5172 4069 3267 1488
15333 2 3 6691 3268 1416
15334 2 4 5169 4066 3269 1492
15335 2 4 5167 4064 3270 1494
15336 2 2 5238 4048
15337 2 2 5242 4056
15338 2 2 5240 4055
15339 2 2 5248 4056
15340 2 2 5250 4085
15341 2 2 5249 4083
15342 2 2 5244 4053
15343 2 2 5247 4080
15344 2 4 5246 4078 3288 1440
15345 2 2 5265 4076
15346 2 2 5268 4085
15347 2 2 5267 4083
15348 2 2 5274 4085
15349 2 2 5277 4244
15350 2 2 5275 4242
15351 2 2 5269 4080
15352 2 2 5272 4239
15353 2 2 5270 4237
15354 2 2 5251 4061
15355 2 2 5254 4071
15356 2 4 5253 4069 3312 1440
15357 2 2 5260 4071
15358 2 2 5263 4230
15359 2 2 5261 4228
15360 2 4 5255 4066 3320 1440
15361 2 4 3322 5258 1684 4225
15362 2 4 5256 4223 3324 1687
15363 2 3 6692 3325 1446
15364 2 4 3326 5194 1455 4036
15365 2 3 6693 3327 1458
15366 2 4 3328 5202 1451 4036
15367 2 4 3329 1485 5205 4042
15368 2 4 5203 4040 3331 1488
15369 2 3 6694 3332 1458
15370 2 3 6696 3333 1492
15371 2 3 6695 3334 1494
15372 2 4 3335 5224 1463 4038
15373 2 4 3336 1473 5227 4042
15374 2 4 5226 4040 3338 1476
15375 2 4 3339 1469 5233 4042
15376 2 4 3341 1714 5236 4203
15377 2 4 3344 5234 1716 4201
15378 2 3 6696 3345 1476
15379 2 4 3346 5231 1720 4198
15380 2 4 5229 4196 3347 1723
15381 2 3 6697 3348 1482
15382 2 3 6699 3349 1492
15383 2 3 6698 3350 1494
15384 2 3 6699 3351 1488
15385 2 4 3352 5222 1732 4189
15386 2 4 5220 4187 3353 1735
15387 2 3 6700 3354 1494
15388 2 4 5217 4184 3355 1739
15389 2 4 5215 4182 3356 1741
15390 2 2 5416 4123
15391 2 2 5420 4134
15392 2 2 5418 4132
15393 2 2 5428 4134
15394 2 2 5431 4158
15395 2 2 5429 4157
15396 2 2 5422 4129
15397 2 2 5426 4155
15398 2 4 5424 4154 3374 1518
15399 2 2 5446 4152
15400 2 2 5449 4158
15401 2 2 5448 4157
15402 2 2 5453 4158
15403 2 2 5455 4244
15404 2 2 5454 4242
15405 2 2 5450 4155
15406 2 2 5452 4239
15407 2 2 5451 4237
15408 2 2 5433 4140
15409 2 2 5437 4148
15410 2 4 5435 4147 3398 1518
15411 2 2 5443 4148
15412 2 2 5445 4230
15413 2 2 5444 4228
15414 2 4 5439 4145 3406 1518
15415 2 4 3408 5442 1576 4225
15416 2 4 5441 4223 3410 1579
15417 2 2 5497 4209
15418 2 2 5501 4217
15419 2 2 5499 4216
15420 2 2 5507 4217
15421 2 2 5509 4244
15422 2 2 5508 4242
15423 2 2 5503 4214
15424 2 2 5506 4239
15425 2 2 5505 4237
15426 2 2 5524 4235
15427 2 2 5527 4244
15428 2 2 5526 4242
15429 2 2 5533 4244
15430 2 2 5536 4685
15431 2 2 5534 4684
15432 2 2 5528 4239
15433 2 2 5531 4682
15434 2 2 5529 4681
15435 2 2 5510 4221
15436 2 2 5513 4230
15437 2 2 5512 4228
15438 2 2 5519 4230
15439 2 2 5522 4675
15440 2 2 5520 4674
15441 2 2 5514 4225
15442 2 2 5517 4672
15443 2 4 5515 4671 3464 2294
15444 2 2 5456 4163
15445 2 2 5460 4173
15446 2 4 5458 4172 3470 1551
15447 2 2 5466 4173
15448 2 2 5468 4203
15449 2 2 5467 4201
15450 2 4 5462 4169 3478 1551
15451 2 4 3480 5465 1576 4198
15452 2 4 5464 4196 3482 1579
15453 2 2 5483 4194
15454 2 2 5486 4203
15455 2 2 5485 4201
15456 2 2 5492 4203
15457 2 2 5495 4652
15458 2 2 5493 4651
15459 2 2 5487 4198
15460 2 2 5490 4649
15461 2 4 5488 4648 3500 2330
15462 2 4 5469 4178 3502 1567
15463 2 4 3504 5472 1576 4189
15464 2 4 5471 4187 3506 1579
15465 2 4 3508 5478 1572 4189
15466 2 4 3509 2339 5481 4642
15467 2 4 5479 4641 3512 2342
15468 2 4 5473 4184 3514 1579
15469 2 4 5476 4639 3516 2346
15470 2 4 5474 4638 3518 2348
15471 2 3 6701 3519 1585
15472 2 4 3520 5283 1594 4087
15473 2 3 6702 3521 1597
15474 2 4 3522 5291 1590 4087
15475 2 4 3523 1624 5294 4093
15476 2 4 5292 4091 3525 1627
15477 2 3 6703 3526 1597
15478 2 3 6705 3527 1631
15479 2 3 6704 3528 1633
15480 2 4 3529 5313 1602 4089
15481 2 4 3530 1612 5316 4093
15482 2 4 5315 4091 3532 1615
15483 2 4 3533 1608 5322 4093
15484 2 4 3535 1714 5325 4117
15485 2 4 3538 5323 1716 4115
15486 2 3 6705 3539 1615
15487 2 4 3540 5320 1720 4112
15488 2 4 5318 4110 3541 1723
15489 2 3 6706 3542 1621
15490 2 3 6708 3543 1631
15491 2 3 6707 3544 1633
15492 2 3 6708 3545 1627
15493 2 4 3546 5311 1732 4102
15494 2 3 6712 3547 1735
15495 2 3 6709 3548 1633
15496 2 3 6711 3549 1739
15497 2 3 6710 3550 1741
15498 2 4 3551 5375 1638 4097
15499 2 4 3552 1648 5379 4101
15500 2 4 5377 4100 3554 1651
15501 2 4 3555 1644 5385 4101
15502 2 4 3557 1678 5387 4117
15503 2 4 3560 5386 1680 4115
15504 2 3 6725 3561 1651
15505 2 4 3562 5384 1684 4112
15506 2 4 5383 4110 3563 1687
15507 2 4 3564 1656 5402 4107
15508 2 4 3566 1666 5405 4117
15509 2 4 3569 5404 1668 4115
15510 2 4 3570 1662 5411 4117
15511 2 4 3572 2429 5414 4579
15512 2 4 3574 2431 5412 4578
15513 2 4 3577 5406 1668 4112
15514 2 4 3578 2435 5409 4576
15515 2 4 5407 4575 3581 2438
15516 2 3 6726 3582 1675
15517 2 4 3583 5391 1684 4102
15518 2 3 6712 3584 1687
15519 2 4 3585 5397 1680 4102
15520 2 4 3586 2447 5400 4569
15521 2 4 5398 4568 3588 2450
15522 2 3 6711 3589 1687
15523 2 4 5395 4566 3590 2454
15524 2 4 5393 4565 3591 2456
15525 2 3 6713 3592 1693
15526 2 3 6715 3593 1703
15527 2 3 6714 3594 1705
15528 2 3 6715 3595 1699
15529 2 4 3596 5342 1732 4095
15530 2 3 6719 3597 1735
15531 2 3 6716 3598 1705
15532 2 3 6718 3599 1739
15533 2 3 6717 3600 1741
15534 2 3 6724 3601 1711
15535 2 4 3602 5364 1720 4095
15536 2 3 6719 3603 1723
15537 2 4 3604 5370 1716 4095
15538 2 4 3605 2483 5373 4546
15539 2 4 5371 4545 3607 2486
15540 2 3 6718 3608 1723
15541 2 4 5368 4543 3609 2490
15542 2 4 5366 4542 3610 2492
15543 2 3 6720 3611 1729
15544 2 3 6722 3612 1739
15545 2 3 6721 3613 1741
15546 2 3 6722 3614 1735
15547 2 4 5359 4536 3615 2502
15548 2 4 5357 4535 3616 2504
15549 2 3 6723 3617 1741
15550 2 4 5354 4533 3618 2508
15551 2 4 5352 4532 3619 2510
15552 2 2 5731 4348
15553 2 2 5735 4359
15554 2 2 5733 4357
15555 2 2 5743 4359
15556 2 2 5746 4390
15557 2 2 5744 4388
15558 2 2 5737 4354
15559 2 2 5741 4385
15560 2 4 5739 4383 3637 1765
15561 2 2 5765 4381
15562 2 2 5768 4390
15563 2 2 5767 4388
15564 2 2 5774 4390
15565 2 2 5777 4464
15566 2 2 5775 4463
15567 2 2 5769 4385
15568 2 2 5772 4461
15569 2 2 5770 4460
15570 2 2 5748 4365
15571 2 2 5752 4376
15572 2 4 5750 4374 3661 1765
15573 2 2 5760 4376
15574 2 2 5763 4454
15575 2 2 5761 4453
15576 2 4 5754 4371 3669 1765
15577 2 4 3671 5758 1823 4451
15578 2 4 5756 4450 3673 1826
15579 2 2 5819 4436
15580 2 2 5823 4444
15581 2 2 5821 4443
15582 2 2 5829 4444
15583 2 2 5831 4464
15584 2 2 5830 4463
15585 2 2 5825 4441
15586 2 2 5828 4461
15587 2 2 5827 4460
15588 2 2 5842 4458
15589 2 2 5845 4464
15590 2 2 5844 4463
15591 2 2 5849 4464
15592 2 2 5851 4685
15593 2 2 5850 4684
15594 2 2 5846 4461
15595 2 2 5848 4682
15596 2 2 5847 4681
15597 2 2 5832 4448
15598 2 2 5835 4454
15599 2 2 5834 4453
15600 2 2 5839 4454
15601 2 2 5841 4675
15602 2 2 5840 4674
15603 2 2 5836 4451
15604 2 2 5838 4672
15605 2 3 5837 4671 1970
15606 2 2 5779 4396
15607 2 2 5783 4407
15608 2 4 5781 4405 3711 1798
15609 2 2 5791 4407
15610 2 2 5794 4431
15611 2 2 5792 4430
15612 2 4 5785 4402 3719 1798
15613 2 4 3721 5789 1823 4428
15614 2 4 5787 4427 3723 1826
15615 2 2 5809 4425
15616 2 2 5812 4431
15617 2 2 5811 4430
15618 2 2 5816 4431
15619 2 2 5818 4652
15620 2 2 5817 4651
15621 2 2 5813 4428
15622 2 2 5815 4649
15623 2 3 5814 4648 2006
15624 2 4 5796 4413 3735 1814
15625 2 4 3737 5800 1823 4421
15626 2 4 5798 4420 3739 1826
15627 2 3 5806 1819 4421
15628 2 3 2015 5808 4642
15629 2 3 5807 4641 2018
15630 2 4 5802 4418 3744 1826
15631 2 3 5805 4639 2022
15632 2 3 5804 4638 2024
15633 2 2 5897 4584
15634 2 2 5901 4595
15635 2 2 5899 4593
15636 2 2 5909 4595
15637 2 2 5912 4619
15638 2 2 5910 4618
15639 2 2 5903 4590
15640 2 2 5907 4616
15641 2 2 5905 4615
15642 2 2 5927 4613
15643 2 2 5930 4619
15644 2 2 5929 4618
15645 2 2 5934 4619
15646 2 2 5936 4685
15647 2 2 5935 4684
15648 2 2 5931 4616
15649 2 2 5933 4682
15650 2 2 5932 4681
15651 2 2 5914 4601
15652 2 2 5918 4609
15653 2 2 5916 4608
15654 2 2 5924 4609
15655 2 2 5926 4675
15656 2 2 5925 4674
15657 2 2 5920 4606
15658 2 2 5923 4672
15659 2 3 5922 4671 1897
15660 2 2 5948 4657
15661 2 2 5952 4665
15662 2 2 5950 4664
15663 2 2 5958 4665
15664 2 2 5960 4685
15665 2 2 5959 4684
15666 2 2 5954 4662
15667 2 2 5957 4682
15668 2 2 5956 4681
15669 2 2 5963 4679
15670 2 2 5966 4685
15671 2 2 5965 4684
15672 2 2 5967 4685
15675 2 1 4682
15678 2 2 5961 4669
15679 2 1 4675
15680 2 1 4674
15681 2 1 4675
15684 2 1 4672
15687 2 2 5937 4624
15688 2 2 5941 4632
15689 2 2 5939 4631
15690 2 2 5944 4632
15691 2 1 4652
15692 2 1 4651
15693 2 1 4629
15694 2 1 4649
15695 2 2 4648 1897
15696 2 2 5946 4646
15697 2 1 4652
15698 2 1 4651
15699 2 1 4652
15702 2 1 4649
15705 2 1 4636
15706 2 1 4642
15707 2 2 4641 1897
15708 2 1 4642
15711 2 2 4639 1897
15714 2 2 5852 4469
15715 2 2 5856 4480
15716 2 4 5854 4478 3804 1910
15717 2 2 5864 4480
15718 2 2 5867 4507
15719 2 2 5865 4506
15720 2 4 5858 4475 3812 1910
15721 2 4 3814 5862 1935 4504
15722 2 4 5860 4503 3816 1938
15723 2 2 5874 4501
15724 2 2 5877 4507
15725 2 2 5876 4506
15726 2 2 5878 4507
15727 2 1 4579
15728 2 1 4578
15729 2 1 4504
15730 2 1 4576
15731 2 2 4575 2006
15732 2 4 5869 4486 3823 1926
15733 2 3 3824 1935 4497
15734 2 3 4495 3825 1938
15735 2 2 1931 4497
15736 2 2 2015 4569
15737 2 2 4568 2018
15738 2 3 4492 3826 1938
15739 2 2 4566 2022
15740 2 2 4565 2024
15741 2 2 5886 4551
15742 2 2 5890 4559
15743 2 2 5888 4558
15744 2 2 5893 4559
15745 2 1 4579
15746 2 1 4578
15747 2 1 4556
15748 2 1 4576
15749 2 2 4575 1970
15750 2 2 5895 4573
15751 2 1 4579
15752 2 1 4578
15753 2 1 4579
15756 2 1 4576
15759 2 1 4563
15760 2 1 4569
15761 2 2 4568 1970
15762 2 1 4569
15765 2 2 4566 1970
15768 2 4 5879 4512 3834 1976
15769 2 3 3835 1985 4523
15770 2 3 4521 3836 1988
15771 2 2 1981 4523
15772 2 2 2015 4546
15773 2 2 4545 2018
15774 2 3 4518 3837 1988
15775 2 2 4543 2022
15776 2 2 4542 2024
15777 2 2 1993 4540
15778 2 2 2003 4546
15779 2 2 4545 2006
15780 2 2 1999 4546
15783 2 2 4543 2006
15786 2 3 4528 3838 2012
15787 2 2 4536 2022
15788 2 2 4535 2024
15789 2 2 4536 2018
15792 2 2 4533 2024
15795 2 3 6727 3839 2030
15796 2 4 3840 5542 2039 4246
15797 2 3 6728 3841 2042
15798 2 4 3842 5550 2035 4246
15799 2 4 3843 2069 5553 4252
15800 2 4 5551 4250 3845 2072
15801 2 3 6729 3846 2042
15802 2 3 6731 3847 2076
15803 2 3 6730 3848 2078
15804 2 4 3849 5572 2047 4248
15805 2 4 3850 2057 5575 4252
15806 2 4 5574 4250 3852 2060
15807 2 4 3853 2053 5581 4252
15808 2 4 3855 2159 5584 4276
15809 2 4 3858 5582 2161 4274
15810 2 3 6731 3859 2060
15811 2 4 3860 5579 2165 4271
15812 2 4 5577 4269 3861 2168
15813 2 3 6732 3862 2066
15814 2 3 6734 3863 2076
15815 2 3 6733 3864 2078
15816 2 3 6734 3865 2072
15817 2 4 3866 5570 2177 4261
15818 2 3 6738 3867 2180
15819 2 3 6735 3868 2078
15820 2 3 6737 3869 2184
15821 2 3 6736 3870 2186
15822 2 4 3871 5612 2083 4256
15823 2 4 3872 2093 5616 4260
15824 2 4 5614 4259 3874 2096
15825 2 4 3875 2089 5622 4260
15826 2 4 3877 2123 5624 4276
15827 2 4 3880 5623 2125 4274
15828 2 3 6757 3881 2096
15829 2 4 3882 5621 2129 4271
15830 2 4 5620 4269 3883 2132
15831 2 4 3884 2101 5631 4266
15832 2 4 3886 2111 5634 4276
15833 2 4 3889 5633 2113 4274
15834 2 4 3890 2107 5637 4276
15835 2 3 3892 2429 4343
15836 2 3 3893 2431 4342
15837 2 3 3894 2113 4271
15838 2 3 3895 2435 4340
15839 2 3 4339 3896 2438
15840 2 3 6758 3897 2120
15841 2 3 3898 2129 4261
15842 2 3 6738 3899 2132
15843 2 3 3900 2125 4261
15844 2 3 3901 2447 4333
15845 2 3 4332 3902 2450
15846 2 3 6737 3903 2132
15847 2 3 4330 3904 2454
15848 2 3 4329 3905 2456
15849 2 3 6739 3906 2138
15850 2 3 6741 3907 2148
15851 2 3 6740 3908 2150
15852 2 3 6741 3909 2144
15853 2 3 3910 2177 4254
15854 2 3 6745 3911 2180
15855 2 3 6742 3912 2150
15856 2 3 6744 3913 2184
15857 2 3 6743 3914 2186
15858 2 3 6754 3915 2156
15859 2 3 3916 2165 4254
15860 2 3 6745 3917 2168
15861 2 3 3918 2161 4254
15862 2 3 3919 2483 4308
15863 2 3 4307 3920 2486
15864 2 3 6744 3921 2168
15865 2 3 6756 3922 2490
15866 2 3 6755 3923 2492
15867 2 3 6746 3924 2174
15868 2 3 6748 3925 2184
15869 2 3 6747 3926 2186
15870 2 3 6748 3927 2180
15871 2 3 6753 3928 2502
15872 2 3 6752 3929 2504
15873 2 3 6749 3930 2186
15874 2 3 6751 3931 2508
15875 2 3 6750 3932 2510
15876 2 4 3933 5686 2191 4285
15877 2 4 3934 2201 5690 4290
15878 2 4 5688 4288 3936 2204
15879 2 4 3937 2197 5698 4290
15880 2 4 3939 2231 5701 4303
15881 2 4 3942 5699 2233 4302
15882 2 3 6794 3943 2204
15883 2 4 3944 5696 2237 4300
15884 2 4 5694 4299 3945 2240
15885 2 4 3946 2209 5708 4296
15886 2 3 2219 5711 4303
15887 2 3 5710 2221 4302
15888 2 3 2215 5712 4303
15889 2 2 2321 4343
15890 2 2 2323 4342
15891 2 2 2221 4300
15892 2 2 2327 4340
15893 2 2 4339 2330
15894 2 3 6795 3951 2228
15895 2 3 3952 2237 4292
15896 2 3 6796 3953 2240
15897 2 2 2233 4292
15898 2 2 2339 4333
15899 2 2 4332 2342
15900 2 3 6797 3954 2240
15901 2 2 4330 2346
15902 2 2 4329 2348
15903 2 4 3955 2245 5720 4313
15904 2 3 2255 5724 4321
15905 2 3 5722 2257 4320
15906 2 3 2251 5727 4321
15907 2 2 2285 4343
15908 2 2 2287 4342
15909 2 2 2257 4318
15910 2 2 2291 4340
15911 2 2 4339 2294
15912 2 3 2263 5729 4337
15913 2 2 2273 4343
15914 2 2 2275 4342
15915 2 2 2269 4343
15918 2 2 2275 4340
15921 2 2 2281 4326
15922 2 2 2291 4333
15923 2 2 4332 2294
15924 2 2 2287 4333
15927 2 2 4330 2294
15930 2 3 6798 3961 2300
15931 2 3 3962 2309 4304
15932 2 3 6799 3963 2312
15933 2 2 2305 4304
15934 2 2 2339 4308
15935 2 2 4307 2342
15936 2 3 6800 3964 2312
15937 2 2 6756 2346
15938 2 2 6755 2348
15939 2 2 2317 4305
15940 2 2 2327 4308
15941 2 2 4307 2330
15942 2 2 2323 4308
15945 2 2 6756 2330
15948 2 3 6801 3965 2336
15949 2 2 6753 2346
15950 2 2 6752 2348
15951 2 2 6753 2342
15954 2 2 6751 2348
15957 2 3 6759 3966 2354
15958 2 3 6761 3967 2364
15959 2 3 6760 3968 2366
15960 2 3 6761 3969 2360
15961 2 3 3970 2393 4278
15962 2 3 6765 3971 2396
15963 2 3 6762 3972 2366
15964 2 3 6764 3973 2400
15965 2 3 6763 3974 2402
15966 2 3 6774 3975 2372
15967 2 3 3976 2381 4278
15968 2 3 6765 3977 2384
15969 2 3 3978 2377 4278
15970 2 3 3979 2483 4284
15971 2 3 4283 3980 2486
15972 2 3 6764 3981 2384
15973 2 3 6776 3982 2490
15974 2 3 6775 3983 2492
15975 2 3 6766 3984 2390
15976 2 3 6768 3985 2400
15977 2 3 6767 3986 2402
15978 2 3 6768 3987 2396
15979 2 3 6773 3988 2502
15980 2 3 6772 3989 2504
15981 2 3 6769 3990 2402
15982 2 3 6771 3991 2508
15983 2 3 6770 3992 2510
15984 2 3 6790 3993 2408
15985 2 3 3994 2417 4280
15986 2 3 6791 3995 2420
15987 2 2 2413 4280
15988 2 2 2447 4284
15989 2 2 4283 2450
15990 2 3 6792 3996 2420
15991 2 2 6776 2454
15992 2 2 6775 2456
15993 2 2 2425 4281
15994 2 2 2435 4284
15995 2 2 4283 2438
15996 2 2 2431 4284
15999 2 2 6776 2438
16002 2 3 6793 3997 2444
16003 2 2 6773 2454
16004 2 2 6772 2456
16005 2 2 6773 2450
16008 2 2 6771 2456
16011 2 3 6777 3998 2462
16012 2 3 6779 3999 2472
16013 2 3 6778 4000 2474
16014 2 3 6779 4001 2468
16015 2 3 6784 4002 2502
16016 2 3 6783 4003 2504
16017 2 3 6780 4004 2474
16018 2 3 6782 4005 2508
16019 2 3 6781 4006 2510
16020 2 3 6789 4007 2480
16021 2 2 6784 2490
16022 2 2 6783 2492
16023 2 2 6784 2486
16026 2 2 6782 2492
16029 2 3 6785 4008 2498
16030 2 3 6787 4009 2508
16031 2 3 6786 4010 2510
16032 2 2 6787 2504
16035 2 3 6788 4011 2510
16038 2 1 5146
16039 2 1 5157
16040 2 2 2518 5155
16041 2 1 5157
16042 2 1 5188
16043 2 1 5186
16044 2 2 2518 5152
16045 2 2 2540 5183
16046 2 2 5181 2543
16047 2 1 5179
16048 2 1 5188
16049 2 1 5186
16050 2 1 5188
16051 2 1 5277
16052 2 1 5275
16053 2 1 5183
16054 2 1 5272
16055 2 2 2602 5270
16056 2 2 2530 5163
16057 2 2 2540 5174
16058 2 2 5172 2543
16059 2 2 2536 5174
16060 2 2 2612 5263
16061 2 2 2614 5261
16062 2 2 5169 2543
16063 2 2 2618 5258
16064 2 2 5256 2621
16065 2 1 5242
16066 2 1 5250
16067 2 1 5249
16068 2 1 5250
16069 2 1 5277
16070 2 1 5275
16071 2 1 5247
16072 2 1 5272
16073 2 2 2566 5270
16074 2 1 5268
16075 2 1 5277
16076 2 1 5275
16077 2 1 5277
16078 2 1 5536
16079 2 1 5534
16080 2 1 5272
16081 2 1 5531
16082 2 1 5529
16083 2 1 5254
16084 2 1 5263
16085 2 2 2566 5261
16086 2 1 5263
16087 2 1 5522
16088 2 1 5520
16089 2 2 2566 5258
16090 2 2 2811 5517
16091 2 2 5515 2814
16092 2 2 2572 5194
16093 2 2 2582 5205
16094 2 2 5203 2585
16095 2 2 2578 5205
16096 2 2 2612 5236
16097 2 2 2614 5234
16098 2 2 5200 2585
16099 2 2 2618 5231
16100 2 2 5229 2621
16101 2 2 2590 5227
16102 2 2 2600 5236
16103 2 2 2602 5234
16104 2 2 2596 5236
16105 2 2 2841 5495
16106 2 2 2843 5493
16107 2 2 2602 5231
16108 2 2 2847 5490
16109 2 2 5488 2850
16110 2 2 5211 2609
16111 2 2 2618 5222
16112 2 2 5220 2621
16113 2 2 2614 5222
16114 2 2 2859 5481
16115 2 2 5479 2862
16116 2 2 5217 2621
16117 2 2 5476 2866
16118 2 2 5474 2868
16119 2 1 5420
16120 2 1 5431
16121 2 1 5429
16122 2 1 5431
16123 2 1 5455
16124 2 1 5454
16125 2 1 5426
16126 2 1 5452
16127 2 2 2644 5451
16128 2 1 5449
16129 2 1 5455
16130 2 1 5454
16131 2 1 5455
16132 2 1 5536
16133 2 1 5534
16134 2 1 5452
16135 2 1 5531
16136 2 1 5529
16137 2 1 5437
16138 2 1 5445
16139 2 2 2644 5444
16140 2 1 5445
16141 2 1 5522
16142 2 1 5520
16143 2 2 2644 5442
16144 2 2 2703 5517
16145 2 2 5515 2706
16146 2 1 5501
16147 2 1 5509
16148 2 1 5508
16149 2 1 5509
16150 2 1 5536
16151 2 1 5534
16152 2 1 5506
16153 2 1 5531
16154 2 1 5529
16155 2 1 5527
16156 2 1 5536
16157 2 1 5534
16158 2 1 5536
16161 2 1 5531
16164 2 1 5513
16165 2 1 5522
16166 2 1 5520
16167 2 1 5522
16170 2 1 5517
16173 2 1 5460
16174 2 1 5468
16175 2 2 2677 5467
16176 2 1 5468
16177 2 1 5495
16178 2 1 5493
16179 2 2 2677 5465
16180 2 2 2703 5490
16181 2 2 5488 2706
16182 2 1 5486
16183 2 1 5495
16184 2 1 5493
16185 2 1 5495
16188 2 1 5490
16191 2 2 2693 5472
16192 2 2 2703 5481
16193 2 2 5479 2706
16194 2 2 2699 5481
16197 2 2 5476 2706
16200 2 2 2711 5283
16201 2 2 2721 5294
16202 2 2 5292 2724
16203 2 2 2717 5294
16204 2 2 2751 5325
16205 2 2 2753 5323
16206 2 2 5289 2724
16207 2 2 2757 5320
16208 2 2 5318 2760
16209 2 2 2729 5316
16210 2 2 2739 5325
16211 2 2 2741 5323
16212 2 2 2735 5325
16213 2 2 2841 5414
16214 2 2 2843 5412
16215 2 2 2741 5320
16216 2 2 2847 5409
16217 2 2 5407 2850
16218 2 2 5300 2748
16219 2 2 2757 5311
16220 2 2 5309 2760
16221 2 2 2753 5311
16222 2 2 2859 5400
16223 2 2 5398 2862
16224 2 2 5306 2760
16225 2 2 5395 2866
16226 2 2 5393 2868
16227 2 2 2765 5379
16228 2 2 2775 5387
16229 2 2 2777 5386
16230 2 2 2771 5387
16231 2 2 2805 5414
16232 2 2 2807 5412
16233 2 2 2777 5384
16234 2 2 2811 5409
16235 2 2 5407 2814
16236 2 2 2783 5405
16237 2 2 2793 5414
16238 2 2 2795 5412
16239 2 2 2789 5414
16242 2 2 2795 5409
16245 2 2 2801 5391
16246 2 2 2811 5400
16247 2 2 5398 2814
16248 2 2 2807 5400
16251 2 2 5395 2814
16254 2 2 5331 2820
16255 2 2 2829 5342
16256 2 2 5340 2832
16257 2 2 2825 5342
16258 2 2 2859 5373
16259 2 2 5371 2862
16260 2 2 5337 2832
16261 2 2 5368 2866
16262 2 2 5366 2868
16263 2 2 2837 5364
16264 2 2 2847 5373
16265 2 2 5371 2850
16266 2 2 2843 5373
16269 2 2 5368 2850
16272 2 2 5348 2856
16273 2 2 5359 2866
16274 2 2 5357 2868
16275 2 2 5359 2862
16278 2 2 5354 2868
16281 2 1 5735
16282 2 1 5746
16283 2 1 5744
16284 2 1 5746
16285 2 1 5777
16286 2 1 5775
16287 2 1 5741
16288 2 1 5772
16289 2 2 2891 5770
16290 2 1 5768
16291 2 1 5777
16292 2 1 5775
16293 2 1 5777
16294 2 1 5851
16295 2 1 5850
16296 2 1 5772
16297 2 1 5848
16298 2 1 5847
16299 2 1 5752
16300 2 1 5763
16301 2 2 2891 5761
16302 2 1 5763
16303 2 1 5841
16304 2 1 5840
16305 2 2 2891 5758
16306 2 1 5838
16307 2 1 5837
16308 2 1 5823
16309 2 1 5831
16310 2 1 5830
16311 2 1 5831
16312 2 1 5851
16313 2 1 5850
16314 2 1 5828
16315 2 1 5848
16316 2 1 5847
16317 2 1 5845
16318 2 1 5851
16319 2 1 5850
16320 2 1 5851
16323 2 1 5848
16326 2 1 5835
16327 2 1 5841
16328 2 1 5840
16329 2 1 5841
16332 2 1 5838
16335 2 1 5783
16336 2 1 5794
16337 2 2 2923 5792
16338 2 1 5794
16339 2 1 5818
16340 2 1 5817
16341 2 2 2923 5789
16342 2 1 5815
16343 2 1 5814
16344 2 1 5812
16345 2 1 5818
16346 2 1 5817
16347 2 1 5818
16350 2 1 5815
16353 2 2 2938 5800
16354 2 1 5808
16355 2 1 5807
16356 2 1 5808
16359 2 1 5805
16362 2 1 5901
16363 2 1 5912
16364 2 1 5910
16365 2 1 5912
16366 2 1 5936
16367 2 1 5935
16368 2 1 5907
16369 2 1 5933
16370 2 1 5932
16371 2 1 5930
16372 2 1 5936
16373 2 1 5935
16374 2 1 5936
16377 2 1 5933
16380 2 1 5918
16381 2 1 5926
16382 2 1 5925
16383 2 1 5926
16386 2 1 5923
16389 2 1 5952
16390 2 1 5960
16391 2 1 5959
16392 2 1 5960
16395 2 1 5957
16398 2 1 5966
16416 2 1 5941
16443 2 1 5856
16444 2 1 5867
16445 2 2 2989 5865
16446 2 1 5867
16449 2 2 2989 5862
16452 2 1 5877
16461 2 1 2998
16470 2 1 5890
16497 2 1 3008
16524 2 2 3015 5542
16525 2 2 3025 5553
16526 2 2 5551 3028
16527 2 2 3021 5553
16528 2 2 3055 5584
16529 2 2 3057 5582
16530 2 2 5548 3028
16531 2 2 3061 5579
16532 2 2 5577 3064
16533 2 2 3033 5575
16534 2 2 3043 5584
16535 2 2 3045 5582
16536 2 2 3039 5584
16537 2 1 3124
16538 2 1 3125
16539 2 2 3045 5579
16540 2 1 3127
16541 2 1 3128
16542 2 2 5559 3052
16543 2 2 3061 5570
16544 2 2 5568 3064
16545 2 2 3057 5570
16546 2 1 3133
16547 2 1 3134
16548 2 2 5565 3064
16549 2 1 3136
16550 2 1 3137
16551 2 2 3069 5616
16552 2 2 3079 5624
16553 2 2 3081 5623
16554 2 2 3075 5624
16555 2 1 3101
16556 2 1 3102
16557 2 2 3081 5621
16558 2 1 3104
16559 2 1 3105
16560 2 2 3087 5634
16561 2 1 3094
16562 2 1 3095
16563 2 1 3092
16566 2 1 3095
16569 2 1 3099
16570 2 1 3104
16571 2 1 3105
16572 2 1 3102
16575 2 1 3105
16578 2 2 5590 3111
16579 2 1 3117
16580 2 1 3118
16581 2 1 3115
16582 2 1 3133
16583 2 1 3134
16584 2 1 3118
16585 2 1 3136
16586 2 1 3137
16587 2 1 3122
16588 2 1 3127
16589 2 1 3128
16590 2 1 3125
16593 2 1 3128
16596 2 1 3131
16597 2 1 3136
16598 2 1 3137
16599 2 1 3134
16602 2 1 3137
16605 2 2 3142 5690
16606 2 2 3152 5701
16607 2 2 3154 5699
16608 2 2 3148 5701
16611 2 2 3154 5696
16614 2 1 5711
16623 2 1 3164
16632 2 1 5724
16659 2 1 3175
16686 2 2 5644 3183
16687 2 1 3189
16688 2 1 3190
16689 2 1 3187
16690 2 1 3205
16691 2 1 3206
16692 2 1 3190
16693 2 1 3208
16694 2 1 3209
16695 2 1 3194
16696 2 1 3199
16697 2 1 3200
16698 2 1 3197
16701 2 1 3200
16704 2 1 3203
16705 2 1 3208
16706 2 1 3209
16707 2 1 3206
16710 2 1 3209
16713 2 1 3213
16740 2 1 3218
16741 2 1 3223
16742 2 1 3224
16743 2 1 3221
16746 2 1 3224
16758 2 1 3228
16767 6 1 3233
16768 6 2 4690 3241
16769 6 1 3242
16770 6 2 4690 3239
16771 6 2 3265 4705
16772 6 2 4703 3267
16773 6 1 3242
16774 6 1 3269
16775 6 1 3270
16776 6 2 4697 3248
16777 6 2 3257 4705
16778 6 2 4703 3260
16779 6 2 3253 4705
16780 6 2 3341 4755
16781 6 2 4753 3344
16782 6 2 4701 3260
16783 6 2 4750 3346
16784 6 2 4748 3347
16785 6 1 3263
16786 6 1 3269
16787 6 1 3270
16788 6 1 3267
16789 6 2 4741 3352
16790 6 1 3353
16791 6 1 3270
16792 6 1 3355
16793 6 1 3356
16794 6 2 4718 3276
16795 6 2 3285 4728
16796 6 2 4727 3288
16797 6 2 3281 4728
16798 6 2 3315 4755
16799 6 2 4753 3318
16800 6 2 4724 3288
16801 6 2 4750 3322
16802 6 2 4748 3324
16803 6 2 3293 4746
16804 6 2 3303 4755
16805 6 2 4753 3306
16806 6 2 3299 4755
16807 6 2 3572 4897
16808 6 2 3574 4896
16809 6 2 4750 3306
16810 6 2 3578 4894
16811 6 2 4893 3581
16812 6 2 4733 3312
16813 6 2 4741 3322
16814 6 2 4740 3324
16815 6 2 4741 3318
16816 6 2 3586 4887
16817 6 2 4886 3588
16818 6 2 4738 3324
16819 6 2 4884 3590
16820 6 2 4883 3591
16821 6 1 3327
16822 6 1 3333
16823 6 1 3334
16824 6 1 3331
16825 6 2 4712 3352
16826 6 1 3353
16827 6 1 3334
16828 6 1 3355
16829 6 1 3356
16830 6 1 3338
16831 6 2 4712 3346
16832 6 1 3347
16833 6 2 4712 3344
16834 6 2 3605 4864
16835 6 2 4863 3607
16836 6 1 3347
16837 6 1 3609
16838 6 1 3610
16839 6 1 3350
16840 6 1 3355
16841 6 1 3356
16842 6 1 3353
16843 6 1 3615
16844 6 1 3616
16845 6 1 3356
16846 6 1 3618
16847 6 1 3619
16848 6 2 4787 3362
16849 6 2 3371 4798
16850 6 2 4796 3374
16851 6 2 3367 4798
16852 6 2 3401 4825
16853 6 2 4824 3404
16854 6 2 4793 3374
16855 6 2 4822 3408
16856 6 2 4821 3410
16857 6 2 3379 4819
16858 6 2 3389 4825
16859 6 2 4824 3392
16860 6 2 3385 4825
16861 6 2 3491 4897
16862 6 2 3493 4896
16863 6 2 4822 3392
16864 6 2 3497 4894
16865 6 2 4893 3500
16866 6 2 4804 3398
16867 6 2 4815 3408
16868 6 2 4813 3410
16869 6 2 4815 3404
16870 6 2 3509 4887
16871 6 2 4886 3512
16872 6 2 4810 3410
16873 6 2 4884 3516
16874 6 2 4883 3518
16875 6 2 3415 4869
16876 6 2 3425 4877
16877 6 2 4876 3428
16878 6 2 3421 4877
16879 6 2 3455 4897
16880 6 2 3457 4896
16881 6 2 4874 3428
16882 6 2 3461 4894
16883 6 2 4893 3464
16884 6 2 3433 4891
16885 6 2 3443 4897
16886 6 2 3445 4896
16887 6 2 3439 4897
16890 6 2 3445 4894
16893 6 2 4881 3452
16894 6 2 3461 4887
16895 6 2 4886 3464
16896 6 2 3457 4887
16899 6 2 4884 3464
16902 6 2 4830 3470
16903 6 2 4841 3480
16904 6 2 4839 3482
16905 6 2 4841 3476
16906 6 2 3509 4864
16907 6 2 4863 3512
16908 6 2 4836 3482
16909 6 2 4861 3516
16910 6 2 4860 3518
16911 6 2 4858 3488
16912 6 2 3497 4864
16913 6 2 4863 3500
16914 6 2 3493 4864
16917 6 2 4861 3500
16920 6 2 4846 3506
16921 6 2 4854 3516
16922 6 2 4853 3518
16923 6 2 4854 3512
16926 6 2 4851 3518
16929 6 1 3521
16930 6 1 3527
16931 6 1 3528
16932 6 1 3525
16933 6 2 4762 3546
16934 6 1 3547
16935 6 1 3528
16936 6 1 3549
16937 6 1 3550
16938 6 1 3532
16939 6 2 4762 3540
16940 6 1 3541
16941 6 2 4762 3538
16942 6 2 3605 4782
16943 6 2 4781 3607
16944 6 1 3541
16945 6 1 3609
16946 6 1 3610
16947 6 1 3544
16948 6 1 3549
16949 6 1 3550
16950 6 1 3547
16951 6 1 3615
16952 6 1 3616
16953 6 1 3550
16954 6 1 3618
16955 6 1 3619
16956 6 1 3554
16957 6 2 4769 3562
16958 6 1 3563
16959 6 2 4769 3560
16960 6 2 3586 4782
16961 6 2 4781 3588
16962 6 1 3563
16963 6 1 3590
16964 6 1 3591
16965 6 2 4775 3569
16966 6 2 3578 4782
16967 6 2 4781 3581
16968 6 2 3574 4782
16971 6 2 4779 3581
16974 6 1 3584
16975 6 1 3590
16976 6 1 3591
16977 6 1 3588
16980 6 1 3591
16983 6 1 3594
16984 6 1 3599
16985 6 1 3600
16986 6 1 3597
16987 6 1 3615
16988 6 1 3616
16989 6 1 3600
16990 6 1 3618
16991 6 1 3619
16992 6 1 3603
16993 6 1 3609
16994 6 1 3610
16995 6 1 3607
16998 6 1 3610
17001 6 1 3613
17002 6 1 3618
17003 6 1 3619
17004 6 1 3616
17007 6 1 3619
17010 6 2 4934 3625
17011 6 2 3634 4945
17012 6 2 4943 3637
17013 6 2 3630 4945
17014 6 2 3664 4976
17015 6 2 4974 3667
17016 6 2 4940 3637
17017 6 2 4971 3671
17018 6 2 4969 3673
17019 6 2 3642 4967
17020 6 2 3652 4976
17021 6 2 4974 3655
17022 6 2 3648 4976
17023 6 1 5050
17024 6 1 5049
17025 6 2 4971 3655
17026 6 1 5047
17027 6 1 5046
17028 6 2 4951 3661
17029 6 2 4962 3671
17030 6 2 4960 3673
17031 6 2 4962 3667
17032 6 1 5040
17033 6 1 5039
17034 6 2 4957 3673
17035 6 1 5037
17036 6 1 5036
17037 6 2 3678 5022
17038 6 1 5030
17039 6 1 5029
17040 6 1 5030
17041 6 1 5050
17042 6 1 5049
17043 6 1 5027
17044 6 1 5047
17045 6 1 5046
17046 6 1 5044
17047 6 1 5050
17048 6 1 5049
17049 6 1 5050
17052 6 1 5047
17055 6 1 5034
17056 6 1 5040
17057 6 1 5039
17058 6 1 5040
17061 6 1 5037
17064 6 2 4982 3711
17065 6 2 4993 3721
17066 6 2 4991 3723
17067 6 2 4993 3717
17068 6 1 5017
17069 6 1 5016
17070 6 2 4988 3723
17071 6 1 5014
17072 6 1 5013
17073 6 1 5011
17074 6 1 5017
17075 6 1 5016
17076 6 1 5017
17079 6 1 5014
17082 6 2 4999 3739
17083 6 1 5007
17084 6 1 5006
17085 6 1 5007
17088 6 1 5004
17091 6 2 3751 5081
17092 6 1 5092
17093 6 1 5090
17094 6 1 5092
17095 6 1 5116
17096 6 1 5115
17097 6 1 5087
17098 6 1 5113
17099 6 1 5112
17100 6 1 5110
17101 6 1 5116
17102 6 1 5115
17103 6 1 5116
17106 6 1 5113
17109 6 1 5098
17110 6 1 5106
17111 6 1 5105
17112 6 1 5106
17115 6 1 5103
17118 6 1 5127
17119 6 1 5135
17120 6 1 5134
17121 6 1 5135
17124 6 1 5132
17127 6 1 5140
17145 6 1 5120
17172 6 2 5055 3804
17173 6 2 5063 3814
17174 6 2 5062 3816
17175 6 2 5063 3810
17178 6 2 5060 3816
17181 6 1 5068
17190 6 1 3825
17199 6 1 5074
17226 6 1 3836
17253 6 1 3841
17254 6 1 3847
17255 6 1 3848
17256 6 1 3845
17257 6 2 4903 3866
17258 6 1 3867
17259 6 1 3848
17260 6 1 3869
17261 6 1 3870
17262 6 1 3852
17263 6 2 4903 3860
17264 6 1 3861
17265 6 2 4903 3858
17266 6 1 3919
17267 6 1 3920
17268 6 1 3861
17269 6 1 3922
17270 6 1 3923
17271 6 1 3864
17272 6 1 3869
17273 6 1 3870
17274 6 1 3867
17275 6 1 3928
17276 6 1 3929
17277 6 1 3870
17278 6 1 3931
17279 6 1 3932
17280 6 1 3874
17281 6 2 4908 3882
17282 6 1 3883
17283 6 2 4908 3880
17284 6 1 3901
17285 6 1 3902
17286 6 1 3883
17287 6 1 3904
17288 6 1 3905
17289 6 2 4912 3889
17290 6 1 3895
17291 6 1 3896
17292 6 1 3893
17295 6 1 3896
17298 6 1 3899
17299 6 1 3904
17300 6 1 3905
17301 6 1 3902
17304 6 1 3905
17307 6 1 3908
17308 6 1 3913
17309 6 1 3914
17310 6 1 3911
17311 6 1 3928
17312 6 1 3929
17313 6 1 3914
17314 6 1 3931
17315 6 1 3932
17316 6 1 3917
17317 6 1 3922
17318 6 1 3923
17319 6 1 3920
17322 6 1 3923
17325 6 1 3926
17326 6 1 3931
17327 6 1 3932
17328 6 1 3929
17331 6 1 3932
17334 6 1 3936
17335 6 2 4918 3944
17336 6 1 3945
17337 6 2 4918 3942
17340 6 1 3945
17343 6 1 4922
17352 6 1 3953
17361 6 1 4927
17388 6 1 3963
17415 6 1 3968
17416 6 1 3973
17417 6 1 3974
17418 6 1 3971
17419 6 1 3988
17420 6 1 3989
17421 6 1 3974
17422 6 1 3991
17423 6 1 3992
17424 6 1 3977
17425 6 1 3982
17426 6 1 3983
17427 6 1 3980
17430 6 1 3983
17433 6 1 3986
17434 6 1 3991
17435 6 1 3992
17436 6 1 3989
17439 6 1 3992
17442 6 1 3995
17469 6 1 4000
17470 6 1 4005
17471 6 1 4006
17472 6 1 4003
17475 6 1 4006
17487 6 1 4010
17497 0 4 5968 5969 2512 1386
17499 0 4 5970 5969 2515 1390
17500 0 4 5973 2519 5974 1398
17501 0 4 5971 5972 2517 1396
17503 0 2 2513 1394
17505 0 4 5977 5978 2527 1402
17506 0 3 5980 5974 1410
17507 0 4 5979 5972 2529 1408
17508 0 3 5987 5974 1414
17509 0 4 2542 1439 5990 5991
17510 0 4 5988 5989 2541 1438
17511 0 4 5981 5982 2533 1408
17512 0 4 5985 5986 2537 1434
17513 0 4 5983 5984 2535 1433
17515 0 2 2520 1394
17517 0 2 2522 1396
17518 0 4 5975 5976 2525 1427
17519 0 2 2523 1426
17521 0 2 2521 1424
17523 0 4 6000 6001 2569 1444
17524 0 3 6004 6005 1452
17525 0 4 6002 6003 2571 1450
17526 0 3 6010 6005 1456
17527 0 3 1475 6012 5991
17528 0 4 6011 5989 2583 1474
17529 0 4 6006 6007 2575 1450
17530 0 4 6009 5986 2579 1470
17531 0 4 6008 5984 2577 1468
17532 0 3 6029 6030 1480
17533 0 3 1487 6032 5991
17534 0 4 6031 5989 2607 1486
17535 0 3 1491 6038 5991
17536 0 4 2620 1578 6041 6042
17537 0 4 6039 2619 6040 1577
17538 0 4 6033 5986 2611 1486
17539 0 4 6036 2615 6037 1573
17540 0 4 6034 6035 2613 1571
17541 0 4 6013 6014 2587 1462
17542 0 4 6017 5976 2591 1470
17543 0 4 6015 6016 2589 1468
17544 0 4 6024 5976 2599 1474
17545 0 4 6027 2603 6028 1561
17546 0 4 6025 6026 2601 1559
17547 0 4 6018 6019 2593 1468
17548 0 4 6022 6023 2597 1557
17549 0 4 6020 6021 2595 1556
17551 0 2 2544 1418
17553 0 2 2546 1420
17554 0 4 5992 5993 2549 1427
17555 0 2 2547 1426
17557 0 2 2545 1424
17559 0 2 2555 1429
17560 0 4 5994 5993 2558 1434
17561 0 2 2556 1433
17562 0 4 5995 5993 2563 1438
17563 0 4 5998 2567 5999 1538
17564 0 4 5996 5997 2565 1536
17565 0 2 2559 1433
17566 0 2 2561 1534
17567 0 2 2560 1533
17569 0 2 2550 1424
17571 0 2 2552 1426
17572 0 2 2554 1528
17573 0 2 2553 1527
17575 0 2 2551 1525
17577 0 4 6075 6076 2708 1583
17578 0 3 6079 6080 1591
17579 0 4 6077 6078 2710 1589
17580 0 3 6087 6080 1595
17581 0 3 1614 6090 6091
17582 0 4 6088 6089 2722 1613
17583 0 4 6081 6082 2714 1589
17584 0 4 6085 6086 2718 1609
17585 0 4 6083 6084 2716 1607
17586 0 3 6105 6106 1619
17587 0 3 1626 6108 6091
17588 0 4 6107 6089 2746 1625
17589 0 3 1630 6112 6091
17590 0 3 1686 6114 6042
17591 0 3 6113 6040 1685
17592 0 4 6109 6086 2750 1625
17593 0 3 6111 6037 1681
17594 0 4 6110 6035 2752 1679
17595 0 4 6092 6093 2726 1601
17596 0 4 6096 6097 2730 1609
17597 0 4 6094 6095 2728 1607
17598 0 4 6102 6097 2738 1613
17599 0 4 6104 2742 6028 1669
17600 0 4 6103 6026 2740 1667
17601 0 4 6098 6099 2732 1607
17602 0 4 6101 6023 2736 1663
17603 0 4 6100 6021 2734 1661
17604 0 3 6161 6162 1691
17605 0 3 1698 6165 6166
17606 0 4 6163 6164 2818 1697
17607 0 3 1702 6171 6166
17608 0 3 1722 6173 6042
17609 0 3 6172 6040 1721
17610 0 4 6167 6168 2822 1697
17611 0 3 6170 6037 1717
17612 0 4 6169 6035 2824 1715
17613 0 3 1726 6188 6189
17614 0 3 1734 6191 6042
17615 0 3 6190 6040 1733
17616 0 3 1738 6197 6042
17617 0 4 2867 2023 6200 6201
17618 0 4 2865 2021 6198 6199
17619 0 3 6192 6037 1733
17620 0 4 2861 2017 6195 6196
17621 0 4 6193 6194 2860 2016
17622 0 4 6174 6175 2834 1709
17623 0 3 6177 6028 1717
17624 0 4 6176 6026 2836 1715
17625 0 3 6183 6028 1721
17626 0 4 2849 2005 6186 6187
17627 0 4 6184 6185 2848 2004
17628 0 4 6178 6023 2840 1715
17629 0 4 6181 6182 2844 2000
17630 0 4 6179 6180 2842 1998
17631 0 4 6115 6116 2762 1637
17632 0 4 6119 6120 2766 1645
17633 0 4 6117 6118 2764 1643
17634 0 4 6127 6120 2774 1649
17635 0 4 6129 2778 5999 1669
17636 0 4 6128 5997 2776 1667
17637 0 4 6121 6122 2768 1643
17638 0 4 6125 6126 2772 1663
17639 0 4 6123 6124 2770 1661
17640 0 4 6147 6148 2798 1673
17641 0 3 6150 5999 1681
17642 0 4 6149 5997 2800 1679
17643 0 3 6156 5999 1685
17644 0 4 2813 1969 6159 6160
17645 0 4 6157 6158 2812 1968
17646 0 4 6151 6126 2804 1679
17647 0 4 6154 6155 2808 1964
17648 0 4 6152 6153 2806 1963
17649 0 4 6130 6131 2780 1655
17650 0 4 6134 6135 2784 1663
17651 0 4 6132 6133 2782 1661
17652 0 4 6142 6135 2792 1667
17653 0 4 6145 6146 2796 1957
17654 0 4 6143 6144 2794 1956
17655 0 4 6136 6137 2786 1661
17656 0 4 6140 6141 2790 1954
17657 0 4 6138 6139 2788 1953
17659 0 2 2622 1496
17661 0 2 2624 1498
17662 0 4 6043 6044 2627 1505
17663 0 2 2625 1504
17665 0 2 2623 1502
17667 0 2 2633 1507
17668 0 4 6045 6044 2636 1512
17669 0 2 2634 1511
17670 0 4 6046 6044 2641 1516
17671 0 4 6049 2645 6050 1538
17672 0 4 6047 6048 2643 1536
17673 0 2 2637 1511
17674 0 2 2639 1534
17675 0 2 2638 1533
17677 0 2 2628 1502
17679 0 2 2630 1504
17680 0 2 2632 1528
17681 0 2 2631 1527
17683 0 2 2629 1525
17685 0 2 2666 1540
17686 0 4 6053 6054 2669 1545
17687 0 2 2667 1544
17688 0 4 6055 6054 2674 1549
17689 0 4 6057 2678 6050 1561
17690 0 4 6056 6048 2676 1559
17691 0 2 2670 1544
17692 0 2 2672 1557
17693 0 2 2671 1556
17694 0 4 6060 6061 2690 1565
17695 0 4 6063 2694 6050 1573
17696 0 4 6062 6048 2692 1571
17697 0 4 6070 2702 6050 1577
17698 0 4 2705 1896 6073 6074
17699 0 4 6071 6072 2704 1895
17700 0 4 6064 6065 2696 1571
17701 0 4 6068 6069 2700 1891
17702 0 4 6066 6067 2698 1890
17703 0 2 2679 1553
17704 0 2 2681 1557
17705 0 2 2680 1556
17706 0 2 2685 1559
17707 0 4 6058 6059 2688 1884
17708 0 2 2686 1883
17709 0 2 2682 1556
17710 0 2 2684 1881
17711 0 2 2683 1880
17713 0 2 2646 1520
17715 0 2 2648 1522
17716 0 2 2650 1528
17717 0 2 2649 1527
17719 0 2 2647 1525
17721 0 2 2656 1530
17722 0 2 2658 1534
17723 0 2 2657 1533
17724 0 2 2662 1536
17725 0 4 6051 6052 2665 1865
17726 0 2 2663 1864
17727 0 2 2659 1533
17728 0 2 2661 1862
17729 0 2 2660 1861
17731 0 2 2651 1525
17733 0 2 2653 1527
17734 0 2 2655 1856
17735 0 2 2654 1855
17737 0 2 2652 1853
17739 0 4 6254 6255 3012 2028
17740 0 3 6258 6259 2036
17741 0 4 6256 6257 3014 2034
17742 0 3 6266 6259 2040
17743 0 3 2059 6269 6270
17744 0 4 6267 6268 3026 2058
17745 0 4 6260 6261 3018 2034
17746 0 4 6264 6265 3022 2054
17747 0 4 6262 6263 3020 2052
17748 0 3 6288 6289 2064
17749 0 3 2071 6291 6270
17750 0 4 6290 6268 3050 2070
17751 0 3 2075 6297 6270
17752 0 3 2131 6300 6301
17753 0 3 6298 6299 2130
17754 0 4 6292 6265 3054 2070
17755 0 3 6295 6296 2126
17756 0 4 6293 6294 3056 2124
17757 0 4 6271 6272 3030 2046
17758 0 4 6275 6276 3034 2054
17759 0 4 6273 6274 3032 2052
17760 0 4 6283 6276 3042 2058
17761 0 4 6286 3046 6287 2114
17762 0 4 6284 6285 3044 2112
17763 0 4 6277 6278 3036 2052
17764 0 4 6281 6282 3040 2108
17765 0 4 6279 6280 3038 2106
17766 0 3 6342 6343 2136
17767 0 3 2143 6346 6347
17768 0 4 6344 6345 3109 2142
17769 0 3 2147 6352 6347
17770 0 3 2167 6354 6301
17771 0 3 6353 6299 2166
17772 0 4 6348 6349 3113 2142
17773 0 3 6351 6296 2162
17774 0 3 6350 6294 2160
17775 0 3 2171 6365 6366
17776 0 3 2179 6368 6301
17777 0 3 6367 6299 2178
17778 0 3 2183 6372 6301
17779 0 3 2347 6374 6201
17780 0 3 2345 6373 6199
17781 0 3 6369 6296 2178
17782 0 3 2341 6371 6196
17783 0 3 6370 6194 2340
17784 0 4 6355 6356 3120 2154
17785 0 3 6358 6287 2162
17786 0 3 6357 6285 2160
17787 0 3 6362 6287 2166
17788 0 3 2329 6364 6187
17789 0 3 6363 6185 2328
17790 0 3 6359 6282 2160
17791 0 3 6361 6182 2324
17792 0 3 6360 6180 2322
17793 0 4 6302 6303 3066 2082
17794 0 4 6306 6307 3070 2090
17795 0 4 6304 6305 3068 2088
17796 0 4 6314 6307 3078 2094
17797 0 4 6317 3082 6318 2114
17798 0 4 6315 6316 3080 2112
17799 0 4 6308 6309 3072 2088
17800 0 4 6312 6313 3076 2108
17801 0 4 6310 6311 3074 2106
17802 0 4 6332 6333 3097 2118
17803 0 3 6335 6318 2126
17804 0 3 6334 6316 2124
17805 0 3 6339 6318 2130
17806 0 3 2293 6341 6160
17807 0 3 6340 6158 2292
17808 0 3 6336 6313 2124
17809 0 3 6338 6155 2288
17810 0 3 6337 6153 2286
17811 0 4 6319 6320 3084 2100
17812 0 4 6323 6324 3088 2108
17813 0 4 6321 6322 3086 2106
17814 0 3 6329 6324 2112
17815 0 3 6331 6146 2276
17816 0 3 6330 6144 2274
17817 0 4 6325 6326 3090 2106
17818 0 3 6328 6141 2270
17819 0 3 6327 6139 2268
17820 0 3 6429 6430 2352
17821 0 3 2359 6433 6434
17822 0 4 6431 6432 3181 2358
17823 0 3 2363 6441 6434
17824 0 3 2383 6444 6445
17825 0 3 6442 6443 2382
17826 0 4 6435 6436 3185 2358
17827 0 3 6439 6440 2378
17828 0 3 6437 6438 2376
17829 0 3 2387 6459 6460
17830 0 3 2395 6462 6445
17831 0 3 6461 6443 2394
17832 0 3 2399 6466 6445
17833 0 3 2455 6468 6201
17834 0 3 2453 6467 6199
17835 0 3 6463 6440 2394
17836 0 3 2449 6465 6196
17837 0 3 6464 6194 2448
17838 0 4 6446 6447 3192 2370
17839 0 3 6450 6451 2378
17840 0 3 6448 6449 2376
17841 0 3 6456 6451 2382
17842 0 3 2437 6458 6187
17843 0 3 6457 6185 2436
17844 0 3 6452 6453 2376
17845 0 3 6455 6182 2432
17846 0 3 6454 6180 2430
17847 0 3 2459 6480 6481
17848 0 3 2467 6484 6485
17849 0 3 6482 6483 2466
17850 0 3 2471 6490 6485
17851 0 3 2491 6492 6201
17852 0 3 2489 6491 6199
17853 0 3 6486 6487 2466
17854 0 3 2485 6489 6196
17855 0 3 6488 6194 2484
17856 0 3 2495 6495 6496
17857 0 3 2503 6498 6201
17858 0 3 2501 6497 6199
17859 0 3 2507 6499 6201
17862 0 2 2501 6196
17865 0 3 6493 6494 2478
17866 0 2 2485 6187
17867 0 2 6185 2484
17868 0 2 2489 6187
17871 0 2 6182 2484
17874 0 4 6469 6470 3211 2406
17875 0 3 6473 6474 2414
17876 0 3 6471 6472 2412
17877 0 3 6476 6474 2418
17878 0 2 2437 6160
17879 0 2 6158 2436
17880 0 2 6475 2412
17881 0 2 6155 2432
17882 0 2 6153 2430
17883 0 3 6478 6479 2442
17884 0 2 2449 6160
17885 0 2 6158 2448
17886 0 2 2453 6160
17889 0 2 6155 2448
17892 0 2 6477 2424
17893 0 2 6146 2432
17894 0 2 6144 2430
17895 0 2 6146 2436
17898 0 2 6141 2430
17901 0 4 6375 6376 3139 2190
17902 0 4 6379 6380 3143 2198
17903 0 4 6377 6378 3141 2196
17904 0 4 6387 6380 3151 2202
17905 0 4 6390 3155 6391 2222
17906 0 4 6388 6389 3153 2220
17907 0 4 6381 6382 3145 2196
17908 0 4 6385 6386 3149 2216
17909 0 4 6383 6384 3147 2214
17910 0 4 6400 6401 3162 2226
17911 0 3 6403 6391 2234
17912 0 3 6402 6389 2232
17913 0 3 6404 6391 2238
17914 0 2 2293 6074
17915 0 2 6072 2292
17916 0 2 6386 2232
17917 0 2 6069 2288
17918 0 2 6067 2286
17919 0 4 6392 6393 3157 2208
17920 0 3 6395 3159 2216
17921 0 3 6394 3158 2214
17922 0 2 6395 2220
17923 0 2 6059 2276
17924 0 2 6399 2274
17925 0 3 6396 3160 2214
17926 0 2 6398 2270
17927 0 2 6397 2268
17928 0 4 6418 6419 3173 2298
17929 0 3 6422 6423 2306
17930 0 3 6420 6421 2304
17931 0 3 6425 6423 2310
17932 0 2 2329 6074
17933 0 2 6072 2328
17934 0 2 6424 2304
17935 0 2 6069 2324
17936 0 2 6067 2322
17937 0 3 6427 6428 2334
17938 0 2 2341 6074
17939 0 2 6072 2340
17940 0 2 2345 6074
17943 0 2 6069 2340
17946 0 2 6426 2316
17947 0 2 6059 2324
17948 0 2 6399 2322
17949 0 2 6059 2328
17952 0 2 6398 2322
17955 0 4 6405 6406 3167 2244
17956 0 3 6408 3169 2252
17957 0 3 6407 3168 2250
17958 0 2 6408 2256
17959 0 2 6052 2276
17960 0 2 6412 2274
17961 0 3 6409 3170 2250
17962 0 2 6411 2270
17963 0 2 6410 2268
17964 0 2 6417 2280
17965 0 2 6052 2288
17966 0 2 6412 2286
17967 0 2 6052 2292
17970 0 2 6411 2286
17973 0 3 6413 3171 2262
17974 0 2 6415 2270
17975 0 2 6414 2268
17976 0 2 6415 2274
17979 0 2 6416 2268
17983 0 2 2869 1743
17985 0 2 2871 1745
17986 0 4 6202 6203 2874 1752
17987 0 2 2872 1751
17989 0 2 2870 1749
17991 0 2 2880 1754
17992 0 4 6204 6203 2883 1759
17993 0 2 2881 1758
17994 0 4 6205 6203 2888 1763
17995 0 4 6208 2892 6209 1785
17996 0 4 6206 6207 2890 1783
17997 0 2 2884 1758
17998 0 2 2886 1781
17999 0 2 2885 1780
18001 0 2 2875 1749
18003 0 2 2877 1751
18004 0 2 2879 1775
18005 0 2 2878 1774
18007 0 2 2876 1772
18009 0 2 2912 1787
18010 0 4 6211 6212 2915 1792
18011 0 2 2913 1791
18012 0 4 6213 6212 2920 1796
18013 0 4 6215 2924 6209 1808
18014 0 4 6214 6207 2922 1806
18015 0 2 2916 1791
18016 0 2 2918 1804
18017 0 2 2917 1803
18018 0 4 6217 6218 2935 1812
18019 0 4 6220 2939 6209 1820
18020 0 4 6219 6207 2937 1818
18021 0 4 6224 2944 6209 1824
18022 0 3 2946 1896 6226
18023 0 3 6225 2945 1895
18024 0 3 6221 2940 1818
18025 0 3 6223 2942 1891
18026 0 3 6222 2941 1890
18027 0 2 2925 1800
18028 0 2 2927 1804
18029 0 2 2926 1803
18030 0 2 2931 1806
18031 0 3 6216 2933 1884
18032 0 2 2932 1883
18033 0 2 2928 1803
18034 0 2 2930 1881
18035 0 2 2929 1880
18037 0 2 2893 1767
18039 0 2 2895 1769
18040 0 2 2897 1775
18041 0 2 2896 1774
18043 0 2 2894 1772
18045 0 2 2903 1777
18046 0 2 2905 1781
18047 0 2 2904 1780
18048 0 2 2909 1783
18049 0 3 6210 2911 1865
18050 0 2 2910 1864
18051 0 2 2906 1780
18052 0 2 2908 1862
18053 0 2 2907 1861
18055 0 2 2898 1772
18057 0 2 2900 1774
18058 0 2 2902 1856
18059 0 2 2901 1855
18061 0 2 2899 1853
18063 0 2 2978 1899
18064 0 4 6228 6229 2981 1904
18065 0 2 2979 1903
18066 0 4 6230 6229 2986 1908
18067 0 4 6233 2990 6234 1920
18068 0 4 6231 6232 2988 1918
18069 0 2 2982 1903
18070 0 2 2984 1916
18071 0 2 2983 1915
18072 0 4 6235 6236 2996 1924
18073 0 3 6238 6234 1932
18074 0 3 6237 6232 1930
18075 0 3 6240 6234 1936
18076 0 2 1969 6226
18077 0 2 6225 1968
18078 0 2 6239 1930
18079 0 2 6223 1964
18080 0 2 6222 1963
18081 0 2 2991 1912
18082 0 2 2993 1916
18083 0 2 2992 1915
18084 0 1 1918
18085 0 2 6216 1957
18086 0 1 1956
18087 0 2 2994 1915
18088 0 1 1954
18089 0 1 1953
18090 0 4 6241 6242 3006 1974
18091 0 3 6245 6246 1982
18092 0 3 6243 6244 1980
18093 0 3 6248 6246 1986
18094 0 2 2005 6226
18095 0 2 6225 2004
18096 0 2 6247 1980
18097 0 2 6223 2000
18098 0 2 6222 1998
18099 0 3 6252 6253 2010
18100 0 2 2017 6226
18101 0 2 6225 2016
18102 0 2 2021 6226
18105 0 2 6223 2016
18108 0 2 6249 1992
18109 0 2 6216 2000
18110 0 2 6250 1998
18111 0 2 6216 2004
18114 0 2 6251 1998
18117 0 2 3000 1940
18118 0 2 3002 1944
18119 0 2 3001 1943
18120 0 1 1946
18121 0 2 6210 1957
18122 0 1 1956
18123 0 2 3003 1943
18124 0 1 1954
18125 0 1 1953
18126 0 1 1959
18127 0 2 6210 1964
18128 0 1 1963
18129 0 2 6210 1968
18132 0 1 1963
18135 0 2 3004 1950
18136 0 1 1954
18137 0 1 1953
18138 0 1 1956
18141 0 1 1953
18145 0 2 2947 1828
18147 0 2 2949 1830
18148 0 2 2951 1836
18149 0 2 2950 1835
18151 0 2 2948 1833
18153 0 2 2957 1838
18154 0 2 2959 1842
18155 0 2 2958 1841
18156 0 2 2963 1844
18157 0 3 6227 2965 1865
18158 0 2 2964 1864
18159 0 2 2960 1841
18160 0 2 2962 1862
18161 0 2 2961 1861
18163 0 2 2952 1833
18165 0 2 2954 1835
18166 0 2 2956 1856
18167 0 2 2955 1855
18169 0 2 2953 1853
18171 0 2 2973 1867
18172 0 2 2975 1871
18173 0 2 2974 1870
18174 0 1 1873
18175 0 2 6227 1884
18176 0 1 1883
18177 0 2 2976 1870
18178 0 1 1881
18179 0 1 1880
18180 0 1 1886
18181 0 2 6227 1891
18182 0 1 1890
18183 0 2 6227 1895
18186 0 1 1890
18189 0 2 2977 1877
18190 0 1 1881
18191 0 1 1880
18192 0 1 1883
18195 0 1 1880
18199 0 2 2966 1848
18201 0 2 2968 1850
18202 0 2 2970 1856
18203 0 2 2969 1855
18205 0 2 2967 1853
18207 0 2 2972 1858
18208 0 1 1862
18209 0 1 1861
18210 0 1 1864
18213 0 1 1861
18217 0 2 2971 1853
18219 0 1 1855
18225 0 2 5968 3232
18226 0 1 5973
18227 0 2 5971 3237
18228 0 1 5973
18229 0 1 5990
18230 0 2 5988 3258
18231 0 2 6636 3237
18232 0 2 5985 3254
18233 0 2 5983 3252
18234 0 1 5980
18235 0 1 5990
18236 0 2 5988 3266
18237 0 1 5990
18238 0 1 6041
18239 0 1 6039
18240 0 2 5985 3266
18241 0 1 6036
18242 0 2 6034 3316
18243 0 2 6637 3246
18244 0 2 5975 3254
18245 0 2 6638 3252
18246 0 2 5975 3258
18247 0 2 3305 6027
18248 0 2 6025 3304
18249 0 2 6639 3252
18250 0 2 6022 3300
18251 0 2 6020 3298
18252 0 1 6004
18253 0 1 6012
18254 0 2 6011 3330
18255 0 1 6012
18256 0 1 6041
18257 0 1 6039
18258 0 2 6009 3330
18259 0 1 6036
18260 0 2 6034 3342
18261 0 1 6032
18262 0 1 6041
18263 0 1 6039
18264 0 1 6041
18265 0 1 6200
18266 0 1 6198
18267 0 1 6036
18268 0 1 6195
18269 0 2 6193 3510
18270 0 2 6017 3337
18271 0 1 6027
18272 0 2 6025 3342
18273 0 1 6027
18274 0 1 6186
18275 0 2 6184 3498
18276 0 2 6022 3342
18277 0 2 6181 3494
18278 0 2 6179 3492
18279 0 2 6640 3274
18280 0 2 5992 3282
18281 0 2 6641 3280
18282 0 2 5992 3286
18283 0 2 3305 5998
18284 0 2 5996 3304
18285 0 2 6642 3280
18286 0 2 6644 3300
18287 0 2 6643 3298
18288 0 2 5994 3310
18289 0 2 3317 5998
18290 0 2 5996 3316
18291 0 2 3321 5998
18292 0 2 3463 6159
18293 0 2 6157 3462
18294 0 2 6644 3316
18295 0 2 6154 3458
18296 0 2 6152 3456
18297 0 2 6645 3292
18298 0 2 6647 3300
18299 0 2 6646 3298
18300 0 2 6647 3304
18301 0 2 6145 3446
18302 0 2 6143 3444
18303 0 2 6648 3298
18304 0 2 6140 3440
18305 0 2 6138 3438
18306 0 1 6079
18307 0 1 6090
18308 0 2 6088 3524
18309 0 1 6090
18310 0 1 6114
18311 0 1 6113
18312 0 2 6085 3524
18313 0 1 6111
18314 0 2 6110 3536
18315 0 1 6108
18316 0 1 6114
18317 0 1 6113
18318 0 1 6114
18319 0 1 6200
18320 0 1 6198
18321 0 1 6111
18322 0 1 6195
18323 0 2 6193 3587
18324 0 2 6096 3531
18325 0 1 6104
18326 0 2 6103 3536
18327 0 1 6104
18328 0 1 6186
18329 0 2 6184 3579
18330 0 2 6101 3536
18331 0 2 6181 3575
18332 0 2 6179 3573
18333 0 1 6165
18334 0 1 6173
18335 0 1 6172
18336 0 1 6173
18337 0 1 6200
18338 0 1 6198
18339 0 1 6170
18340 0 1 6195
18341 0 2 6193 3606
18342 0 1 6191
18343 0 1 6200
18344 0 1 6198
18345 0 1 6200
18348 0 1 6195
18351 0 1 6177
18352 0 1 6186
18353 0 2 6184 3606
18354 0 1 6186
18357 0 2 6181 3606
18360 0 2 6119 3553
18361 0 1 6129
18362 0 2 6128 3558
18363 0 1 6129
18364 0 1 6159
18365 0 2 6157 3579
18366 0 2 6125 3558
18367 0 2 6154 3575
18368 0 2 6152 3573
18369 0 1 6150
18370 0 1 6159
18371 0 2 6157 3587
18372 0 1 6159
18375 0 2 6154 3587
18378 0 2 6134 3567
18379 0 2 6145 3575
18380 0 2 6143 3573
18381 0 2 6145 3579
18384 0 2 6140 3573
18387 0 2 6649 3360
18388 0 2 6043 3368
18389 0 2 6650 3366
18390 0 2 6043 3372
18391 0 2 3391 6049
18392 0 2 6047 3390
18393 0 2 6651 3366
18394 0 2 6653 3386
18395 0 2 6652 3384
18396 0 2 6045 3396
18397 0 2 3403 6049
18398 0 2 6047 3402
18399 0 2 3407 6049
18400 0 2 3463 6073
18401 0 2 6071 3462
18402 0 2 6653 3402
18403 0 2 6068 3458
18404 0 2 6066 3456
18405 0 2 6654 3378
18406 0 2 6656 3386
18407 0 2 6655 3384
18408 0 2 6656 3390
18409 0 2 6058 3446
18410 0 2 6660 3444
18411 0 2 6657 3384
18412 0 2 6659 3440
18413 0 2 6658 3438
18414 0 2 6053 3468
18415 0 2 3475 6057
18416 0 2 6056 3474
18417 0 2 3479 6057
18418 0 2 3499 6073
18419 0 2 6071 3498
18420 0 2 6673 3474
18421 0 2 6068 3494
18422 0 2 6066 3492
18423 0 2 3503 6063
18424 0 2 3511 6073
18425 0 2 6071 3510
18426 0 2 3515 6073
18429 0 2 6068 3510
18432 0 2 6674 3486
18433 0 2 6058 3494
18434 0 2 6660 3492
18435 0 2 6058 3498
18438 0 2 6659 3492
18441 0 2 6661 3414
18442 0 2 6663 3422
18443 0 2 6662 3420
18444 0 2 6663 3426
18445 0 2 6051 3446
18446 0 2 6667 3444
18447 0 2 6664 3420
18448 0 2 6666 3440
18449 0 2 6665 3438
18450 0 2 6672 3450
18451 0 2 6051 3458
18452 0 2 6667 3456
18453 0 2 6051 3462
18456 0 2 6666 3456
18459 0 2 6668 3432
18460 0 2 6670 3440
18461 0 2 6669 3438
18462 0 2 6670 3444
18465 0 2 6671 3438
18468 0 1 6258
18469 0 1 6269
18470 0 2 6267 3844
18471 0 1 6269
18472 0 1 6300
18473 0 1 6298
18474 0 2 6264 3844
18475 0 1 6295
18476 0 2 6293 3856
18477 0 1 6291
18478 0 1 6300
18479 0 1 6298
18480 0 1 6300
18481 0 1 6374
18482 0 1 6373
18483 0 1 6295
18484 0 1 6371
18485 0 1 6370
18486 0 2 6275 3851
18487 0 1 6286
18488 0 2 6284 3856
18489 0 1 6286
18490 0 1 6364
18491 0 1 6363
18492 0 2 6281 3856
18493 0 1 6361
18494 0 1 6360
18495 0 1 6346
18496 0 1 6354
18497 0 1 6353
18498 0 1 6354
18499 0 1 6374
18500 0 1 6373
18501 0 1 6351
18502 0 1 6371
18503 0 1 6370
18504 0 1 6368
18505 0 1 6374
18506 0 1 6373
18507 0 1 6374
18510 0 1 6371
18513 0 1 6358
18514 0 1 6364
18515 0 1 6363
18516 0 1 6364
18519 0 1 6361
18522 0 2 6306 3873
18523 0 1 6317
18524 0 2 6315 3878
18525 0 1 6317
18526 0 1 6341
18527 0 1 6340
18528 0 2 6312 3878
18529 0 1 6338
18530 0 1 6337
18531 0 1 6335
18532 0 1 6341
18533 0 1 6340
18534 0 1 6341
18537 0 1 6338
18540 0 2 6323 3887
18541 0 1 6331
18542 0 1 6330
18543 0 1 6331
18546 0 1 6328
18549 0 1 6433
18550 0 1 6444
18551 0 1 6442
18552 0 1 6444
18553 0 1 6468
18554 0 1 6467
18555 0 1 6439
18556 0 1 6465
18557 0 1 6464
18558 0 1 6462
18559 0 1 6468
18560 0 1 6467
18561 0 1 6468
18564 0 1 6465
18567 0 1 6450
18568 0 1 6458
18569 0 1 6457
18570 0 1 6458
18573 0 1 6455
18576 0 1 6484
18577 0 1 6492
18578 0 1 6491
18579 0 1 6492
18582 0 1 6489
18585 0 1 6498
18603 0 1 6473
18630 0 2 6379 3935
18631 0 1 6390
18632 0 2 6388 3940
18633 0 1 6390
18636 0 2 6385 3940
18639 0 1 6403
18648 0 1 3948
18657 0 1 6422
18684 0 1 3957
18711 0 2 6675 3623
18712 0 2 6202 3631
18713 0 2 6676 3629
18714 0 2 6202 3635
18715 0 2 3654 6208
18716 0 2 6206 3653
18717 0 2 6677 3629
18718 0 2 6679 3649
18719 0 2 6678 3647
18720 0 2 6204 3659
18721 0 2 3666 6208
18722 0 2 6206 3665
18723 0 2 3670 6208
18724 0 1 3705
18725 0 1 3704
18726 0 2 6679 3665
18727 0 1 3702
18728 0 1 3701
18729 0 2 6680 3641
18730 0 2 6682 3649
18731 0 2 6681 3647
18732 0 2 6682 3653
18733 0 1 3695
18734 0 1 3694
18735 0 2 6683 3647
18736 0 1 3692
18737 0 1 3691
18738 0 2 6211 3709
18739 0 2 3716 6215
18740 0 2 6214 3715
18741 0 2 3720 6215
18742 0 1 3733
18743 0 1 3732
18744 0 2 6685 3715
18745 0 1 3730
18746 0 1 3729
18747 0 2 3736 6220
18748 0 1 3742
18749 0 1 3741
18750 0 1 3745
18753 0 1 3741
18756 0 1 3726
18757 0 1 3730
18758 0 1 3729
18759 0 1 3732
18762 0 1 3729
18765 0 2 6684 3677
18766 0 1 3682
18767 0 1 3681
18768 0 1 3685
18769 0 1 3695
18770 0 1 3694
18771 0 1 3681
18772 0 1 3692
18773 0 1 3691
18774 0 1 3698
18775 0 1 3702
18776 0 1 3701
18777 0 1 3704
18780 0 1 3701
18783 0 1 3688
18784 0 1 3692
18785 0 1 3691
18786 0 1 3694
18789 0 1 3691
18792 0 2 6228 3802
18793 0 2 3809 6233
18794 0 2 6231 3808
18795 0 2 3813 6233
18798 0 2 6687 3808
18801 0 1 6238
18810 0 1 3819
18819 0 1 6245
18846 0 1 3829
18873 0 2 6686 3750
18874 0 1 3755
18875 0 1 3754
18876 0 1 3758
18877 0 1 3768
18878 0 1 3767
18879 0 1 3754
18880 0 1 3765
18881 0 1 3764
18882 0 1 3771
18883 0 1 3775
18884 0 1 3774
18885 0 1 3777
18888 0 1 3774
18891 0 1 3761
18892 0 1 3765
18893 0 1 3764
18894 0 1 3767
18897 0 1 3764
18900 0 1 3795
18927 0 1 3780
18928 0 1 3784
18929 0 1 3783
18930 0 1 3786
18933 0 1 3783
18945 0 1 3789
18955 4 2 6500 2513
18957 4 2 6500 2517
18958 4 2 6502 2525
18959 4 2 6501 2523
18961 4 1 2521
18963 4 2 6504 2529
18964 4 2 6502 2537
18965 4 2 6501 2535
18966 4 2 6502 2541
18967 4 2 6509 2567
18968 4 2 6508 2565
18969 4 2 6505 2535
18970 4 2 6507 2561
18971 4 2 6506 2560
18973 4 1 2521
18975 4 1 2523
18976 4 2 6503 2554
18977 4 1 2553
18979 4 1 2551
18981 4 2 6513 2571
18982 4 2 6515 2579
18983 4 2 6514 2577
18984 4 2 6515 2583
18985 4 2 6509 2603
18986 4 2 6508 2601
18987 4 2 6516 2577
18988 4 2 6507 2597
18989 4 2 6506 2595
18990 4 2 6524 2607
18991 4 2 6509 2615
18992 4 2 6508 2613
18993 4 2 6509 2619
18994 4 2 2705 6528
18995 4 2 6527 2704
18996 4 2 6507 2613
18997 4 2 6526 2700
18998 4 2 6525 2698
18999 4 2 6517 2589
19000 4 2 6503 2597
19001 4 2 6518 2595
19002 4 2 6503 2601
19003 4 2 6523 2688
19004 4 2 6522 2686
19005 4 2 6519 2595
19006 4 2 6521 2684
19007 4 2 6520 2683
19009 4 1 2545
19011 4 1 2547
19012 4 2 6510 2554
19013 4 1 2553
19015 4 1 2551
19017 4 1 2556
19018 4 2 6510 2561
19019 4 1 2560
19020 4 2 6510 2565
19021 4 2 6512 2665
19022 4 2 6511 2663
19023 4 1 2560
19024 4 1 2661
19025 4 1 2660
19027 4 1 2551
19029 4 1 2553
19030 4 1 2655
19031 4 1 2654
19033 4 1 2652
19035 4 2 6535 2710
19036 4 2 6537 2718
19037 4 2 6536 2716
19038 4 2 6537 2722
19039 4 2 6542 2742
19040 4 2 6541 2740
19041 4 2 6538 2716
19042 4 2 6540 2736
19043 4 2 6539 2734
19044 4 2 6547 2746
19045 4 2 6542 2754
19046 4 2 6541 2752
19047 4 2 6542 2758
19048 4 2 2813 6528
19049 4 2 6527 2812
19050 4 2 6540 2752
19051 4 2 6526 2808
19052 4 2 6525 2806
19053 4 2 6543 2728
19054 4 2 6545 2736
19055 4 2 6544 2734
19056 4 2 6545 2740
19057 4 2 6523 2796
19058 4 2 6522 2794
19059 4 2 6546 2734
19060 4 2 6521 2790
19061 4 2 6520 2788
19062 4 2 6559 2818
19063 4 2 6561 2826
19064 4 2 6560 2824
19065 4 2 6561 2830
19066 4 2 2849 6528
19067 4 2 6527 2848
19068 4 2 6562 2824
19069 4 2 6526 2844
19070 4 2 6525 2842
19071 4 2 6564 2854
19072 4 2 2861 6528
19073 4 2 6527 2860
19074 4 2 2865 6528
19077 4 2 6526 2860
19080 4 2 6563 2836
19081 4 2 6523 2844
19082 4 2 6522 2842
19083 4 2 6523 2848
19086 4 2 6521 2842
19089 4 2 6548 2764
19090 4 2 6550 2772
19091 4 2 6549 2770
19092 4 2 6550 2776
19093 4 2 6512 2796
19094 4 2 6511 2794
19095 4 2 6551 2770
19096 4 2 6553 2790
19097 4 2 6552 2788
19098 4 2 6558 2800
19099 4 2 6512 2808
19100 4 2 6511 2806
19101 4 2 6512 2812
19104 4 2 6553 2806
19107 4 2 6554 2782
19108 4 2 6556 2790
19109 4 2 6555 2788
19110 4 2 6556 2794
19113 4 2 6557 2788
19117 4 1 2623
19119 4 1 2625
19120 4 2 6529 2632
19121 4 1 2631
19123 4 1 2629
19125 4 1 2634
19126 4 2 6529 2639
19127 4 1 2638
19128 4 2 6529 2643
19129 4 2 6531 2665
19130 4 2 6530 2663
19131 4 1 2638
19132 4 1 2661
19133 4 1 2660
19135 4 1 2629
19137 4 1 2631
19138 4 1 2655
19139 4 1 2654
19141 4 1 2652
19143 4 1 2667
19144 4 2 6532 2672
19145 4 1 2671
19146 4 2 6532 2676
19147 4 2 6531 2688
19148 4 2 6530 2686
19149 4 1 2671
19150 4 1 2684
19151 4 1 2683
19152 4 2 6533 2692
19153 4 2 6531 2700
19154 4 2 6530 2698
19155 4 2 6531 2704
19158 4 2 6534 2698
19161 4 1 2680
19162 4 1 2684
19163 4 1 2683
19164 4 1 2686
19167 4 1 2683
19171 4 1 2647
19173 4 1 2649
19174 4 1 2655
19175 4 1 2654
19177 4 1 2652
19179 4 1 2657
19180 4 1 2661
19181 4 1 2660
19182 4 1 2663
19185 4 1 2660
19189 4 1 2652
19191 4 1 2654
19197 4 2 6571 3014
19198 4 2 6573 3022
19199 4 2 6572 3020
19200 4 2 6573 3026
19201 4 2 6578 3046
19202 4 2 6577 3044
19203 4 2 6574 3020
19204 4 2 6576 3040
19205 4 2 6575 3038
19206 4 2 6587 3050
19207 4 2 6578 3058
19208 4 2 6577 3056
19209 4 2 6578 3062
19210 4 1 6591
19211 4 1 6590
19212 4 2 6576 3056
19213 4 1 6589
19214 4 1 6588
19215 4 2 6579 3032
19216 4 2 6581 3040
19217 4 2 6580 3038
19218 4 2 6581 3044
19219 4 1 6586
19220 4 1 6585
19221 4 2 6582 3038
19222 4 1 6584
19223 4 1 6583
19224 4 2 6605 3109
19225 4 1 6607
19226 4 1 6606
19227 4 1 6607
19228 4 1 6591
19229 4 1 6590
19230 4 1 6608
19231 4 1 6589
19232 4 1 6588
19233 4 1 6610
19234 4 1 6591
19235 4 1 6590
19236 4 1 6591
19239 4 1 6589
19242 4 1 6609
19243 4 1 6586
19244 4 1 6585
19245 4 1 6586
19248 4 1 6584
19251 4 2 6592 3068
19252 4 2 6594 3076
19253 4 2 6593 3074
19254 4 2 6594 3080
19255 4 1 6599
19256 4 1 6598
19257 4 2 6595 3074
19258 4 1 6597
19259 4 1 6596
19260 4 1 6604
19261 4 1 6599
19262 4 1 6598
19263 4 1 6599
19266 4 1 6597
19269 4 2 6600 3086
19270 4 1 6602
19271 4 1 6601
19272 4 1 6602
19275 4 1 6603
19278 4 2 6617 3181
19279 4 1 6619
19280 4 1 6618
19281 4 1 6619
19282 4 1 6624
19283 4 1 6623
19284 4 1 6620
19285 4 1 6622
19286 4 1 6621
19287 4 1 6629
19288 4 1 6624
19289 4 1 6623
19290 4 1 6624
19293 4 1 6622
19296 4 1 6625
19297 4 1 6627
19298 4 1 6626
19299 4 1 6627
19302 4 1 6628
19305 4 1 6631
19306 4 1 6633
19307 4 1 6632
19308 4 1 6633
19311 4 1 6634
19314 4 1 6635
19332 4 1 6630
19359 4 2 6611 3141
19360 4 2 6613 3149
19361 4 2 6612 3147
19362 4 2 6613 3153
19365 4 2 6614 3147
19368 4 1 6615
19377 4 1 3158
19386 4 1 6616
19413 4 1 3168
19441 4 1 2870
19443 4 1 2872
19444 4 2 6565 2879
19445 4 1 2878
19447 4 1 2876
19449 4 1 2881
19450 4 2 6565 2886
19451 4 1 2885
19452 4 2 6565 2890
19453 4 1 2911
19454 4 1 2910
19455 4 1 2885
19456 4 1 2908
19457 4 1 2907
19459 4 1 2876
19461 4 1 2878
19462 4 1 2902
19463 4 1 2901
19465 4 1 2899
19467 4 1 2913
19468 4 2 6566 2918
19469 4 1 2917
19470 4 2 6566 2922
19471 4 1 2933
19472 4 1 2932
19473 4 1 2917
19474 4 1 2930
19475 4 1 2929
19476 4 2 6567 2937
19477 4 1 2942
19478 4 1 2941
19479 4 1 2945
19482 4 1 2941
19485 4 1 2926
19486 4 1 2930
19487 4 1 2929
19488 4 1 2932
19491 4 1 2929
19495 4 1 2894
19497 4 1 2896
19498 4 1 2902
19499 4 1 2901
19501 4 1 2899
19503 4 1 2904
19504 4 1 2908
19505 4 1 2907
19506 4 1 2910
19509 4 1 2907
19513 4 1 2899
19515 4 1 2901
19521 4 1 2979
19522 4 2 6568 2984
19523 4 1 2983
19524 4 2 6568 2988
19527 4 1 2983
19530 4 1 6569
19539 4 1 2992
19548 4 1 6570
19575 4 1 3001
19603 4 1 2948
19605 4 1 2950
19606 4 1 2956
19607 4 1 2955
19609 4 1 2953
19611 4 1 2958
19612 4 1 2962
19613 4 1 2961
19614 4 1 2964
19617 4 1 2961
19621 4 1 2953
19623 4 1 2955
19629 4 1 2974
19657 4 1 2967
19659 4 1 2969
